,content,sentiment
0,@babypatches good day lot stretching sleeping sun,1
1,@philritchie boom will boom saw movie last night really enjoyed,1
2,@jaezors b day may party sat come gay,1
3,finished recording improvisation second instrument latest podcast happy. nearly mixing time.,1
4,feel well. feel like could throw up throat hurt really bad sad day,0
5,@ragazza matta take quot how well know me quot quiz made one day... one took yet put pic yday fb xx,1
6,listening house music what else got gig san francisco next friday. detail djspy,1
7,@mannyishere awww he cute wish could ve gone,0
8,joined twitter... hiya world,1
9,say still dreaming nikon d..errr ate kuya please lang huhuh http plurk.com p wxrx,0
10,wow...virtualpc screen go black anymore win rc also there s nvidia driver crashing...i m happy upgrade,1
11,@mfrancella yet even get play year soon hope,1
12,wanna go dbsk oppa s mirotic concert thailand really wanna go muchhhhh... burst tear,1
13,@sarahnd nearly month exciting,1
14,@jadeyyg http twitpic.com wrxq whens little gingg getting twitter g j,1
15,gooodmorning people earth,1
16,leaving sf soon. might cry.,0
17,got back grandparent suprise th anniversary party...it sooooo much fun,1
18,@akdb tell,0
19,sooo pleased sun shining today garden come,1
20,home home @ last time step outside life,1
21,@petty happy birthday cheer pao,1
22,@daftlikejack seems totally awesome me know two real reason celebrating.,1
23,im watching tv home wishing could get chicken shish delivered go enough penny,0
24,@rosellyanna forgot word started cry stopped singing carried cried stopped,0
25,@cheergod yeah tell ha ha.,1
26,@walkaboutgroup fun guy day behind,1
27,@imjustlalayone damn girl ya gotta let know get kit together amp got flyer next weekend i quot m down,0
28,never starbucks coffee entire life people keep making jealous,0
29,@oohnoo that s great weee visitor,1
30,feeling better something tummy,1
31,@nora elaine s online mommy too. give good advice.,1
32,think would good radio dj...i like awesome music great personality,1
33,day beasted me.,0
34,@leischenshows always come money least rotten law average,0
35,@jaisey aloha jaisey im excited. supernatural back tv tonight jensen fest tonite,1
36,curious case benjamin button excited fucking movie,1
37,u friendster add me email adress add loco crime st@yahoo.com add leave comment,1
38,ugh know u even care nicole richie c missed tv last nite despite twitter @jennortigoza,0
39,@mig say why kge last day job today wont saying around anymore,0
40,social. saw g .. awwww,0
41,gave bike thorough wash degrease grease it. think really good job,1
42,cousin leon born today,1
43,aww sunny day tasty barbeque family got bad sunburn though,1
44,least get watch time let s go pen,1
45,@tom pollard never. banned court order,0
46,@chacity follower me. wanna cool her. follow never happen.,0
47,@breporter thanks much following muse much gratitude wish magnificent amp productive start day,1
48,nw macedonia rainy day row.,0
49,splitting headache,0
50,browsin thru video multiply saw video u sang bf. miss you n. miss you. pls come back wherever u r.,0
51,oh god...my favorite havaianas broke three year service missed. molded perfectly foot,0
52,@clockworkmelt lol feel like drunk right now...,1
53,@jonathanrknight still direct message me. hell complaining about c ya . u answer ask .,0
54,wow up coffee hand already outside. peaceful sunday mornings.,1
55,killer headache want food here,0
56,alkaline trio sweet save day sucked. great time anyways. awesome seeing everybody hangin,1
57,need hater ball today like dave chappelle man miss day comedy central new episode,0
58,@chemicalbullets thats sweet,1
59,@theclairemarie can t studying fail come over make u tortellini chicken chicken salad.,0
60,@tbake crap. always forget,0
61,keep receiving beautiful pic beach @charleymagne office working...getting bitter,0
62,@afiaa afaya who the handsome blue beast hhihihuahauu,1
63,got text guy like name guy do disapointing,0
64,http snipurl.com hqn printed mom amazon gift card happy mother day talk last minute.,1
65,wish see clip show hosted. hottie shawn s yes still hottie,1
66,@emilyyoung havin fun x btw isnt bowling x xx,1
67,@twlux e thanks following me. nice meet,1
68,bah still work. lol foot hurt nose stop running,0
69,@carolecross thank that know it.,1
70,strange day forget,0
71,arm hurt,0
72,fantastic full on weekend going finish high cheeky chilli thai fried rice amp glass red,1
73,@nova caine saw it made sad,0
74,sad face moment day,0
75,got paycheck... april bonus b deposited day rest gotta wait til mon.,1
76,listening band recommended sarrah really like friday night boy lt,1
77,@juenese totally felt bad guy. haha im good miss guy,0
78,@tracysummers im pleased hun,1
79,taking foreverrr @jess get im bored..,0
80,@jackalltimelow fun anyway..thanks taking pic u last minute,1
81,@andrew theme tune robin batman,1
82,home marble fall back reality,0
83,@emmaroo innerchild sarah like cooky sad feel sad guilty,0
84,@leoncen it. hehehehe u want torrent,1
85,early,0
86,ugh. hard upload picture twitter,0
87,new phrase you never doubt mo williams six game win streak,1
88,@freyalynn lol seriously. fail. sigh,0
89,@emulley missed today...i know must feel tired. give massage tonight,0
90,@despinacook least firmware upgrade. buying time get tax return really,0
91,@barrymanilow eh barry lol.tweet deck like prehistoric lol,1
92,upset.. friday night cry,0
93,@hannahsukter anywayss point dying spend summer somewhere hot guy,1
94,@kev watson sorry address wrong. put samuel address sam. stupid brain day today.,0
95,torn get extended warranty iphone mine run out jailbreak already got problem battery amp earpiece,0
96,havnt gotten month ex seems dating spark anymore still love loser left,0
97,@sabrina yes cant wait. hope vip pass help since people already campin hahah,1
98,@jadeeisabel nah mine @brydielonie one without finger,1
99,@aaronhoskins fucking miss band much,0
100,gotta church ten camera meeting finally d lol,1
101,hahaha yeah see that. can t twitter back,1
102,@montiasutton wish could really love u around ill see do.. try use national champ pull lol,1
103,@cryswinchester hahaah cry blowing fuse typical move,1
104,happy star war day may th,1
105,wishing @blacksocialite happy mother day,1
106,woo nacho ice cream haha,1
107,walmart playing hide seek.,1
108,wanna better already,1
109,arm hurt,0
110,@yinawu happy mother s day http bit.ly ijm my friend made video,1
111,nothing could get worse could it think id verge killing someone else thing good anymore,0
112,@eric andersen thank eric glad u appreciate that,1
113,@finalscorebg nice,1
114,tired. going take nap. finger hurts.,0
115,bit soul time mama visialize next living environent. speak soon.,1
116,@shebababy rebroadcast last week pacquiao hatton fight. plan night around it. said much already.,0
117,make want cry grown men discus character children.,0
118,painful sound world cry someone love. what s worse can t even hold say sorry,0
119,@lanceschmidt yeah kinda bummed tell gonna miss too loved class guy made student teaching fun.,0
120,@hithit missing jmichelle... told treat like step child smh,0
121,@shannongrissom @grannypig followfriday thank you still even close @gottalaff,1
122,waiting bus back cripple creek pick twizzler town seems kinda quiet tonite rolynn,0
123,yay firday.... good one everyone. way work lot s work pending.,1
124,still freakin missing game jonasnewsongs,0
125,@stormb part surrey either feeling quite bit nippy must say. afternoon,0
126,@biggabx yes fair lol,0
127,@xo nessa hiyaaa hannah asked wanted come girl aloud wil see skank money somwhere ï¿½ need,1
128,nice day look like going rain...just getting excited taking photo get home,1
129,camp rock @meltrev amp daddy yay,1
130,rest earlier good health. so say good nite all,1
131,bed. stomach ache,0
132,@aceconcierge glad got safe amp saw daughter. enjoy time there,1
133,@dhughesy safer say cube sphere ... roll buddy ... awesome time ... esp st one,1
134,tired hour work tomorrow,0
135,jelz. want house. gt,0
136,@kidcatastrophe cool hear guy . can t believe cherry hill week ago missed come back,1
137,@spencerkeasey yeah suck working nano take music off sad,0
138,@twtboxdj thanks mr. dj,1
139,@rubyredsocks yup day older,0
140,@smfibus feeling able get anything want long quot green. quot,1
141,@tommcfly sweet .. england becoming lamer lamer since guy left,0
142,bara boob closet adventure. aggghhhh enough muak mcm baby gary ku sudah,1
143,listening nin working break. almost good show..... rock extra hard @sarfabarfa,1
144,@affascinare hehee yea supposed sound mean.. hahhaa,1
145,@leod uk argh twitter didnt post reply tweet age aint much enjoying sun,0
146,got thinkin weird w out dog,0
147,@thewbdotcom sadly can t view site due region restriction,0
148,excited see samantha amp denise http plurk.com p rrid,1
149,@xmylifesastoryx rob got lucky game beat,0
150,@aianna @nandiaramos sadly not no. colleague work party,0
151,paris till friday,1
152,charlies roastbeef mostaza manejamos. wtf,0
153,new day new home happy mom day me,1
154,@mafeinberg least large vocabulary benefit writer hope well sister.,1
155,nd written fuck.. get less idea every day every day,0
156,@yumifujii miss y all back... give @lesleyboudy regards...,0
157,bah coworker ran work late bag smacked knee really hurt,0
158,miss vlogcandy,0
159,also really missing sami... thought would throw one there...,0
160,took dog off leash park today. overheated ran laid mud puddle splashed around. amusing,1
161,@adotevans im bad day,0
162,@whiteangle held out japanese people making origami animal darcy great time amazing place,1
163,@nethra one funny msg fb. time actual link today received message,1
164,certainly spring vail co. raining snowing mother nature know mountain closed ski season,1
165,ahh juz got new rapidshare account last till oct . gb download limit daily,1
166,@mahnameisjerik thank,1
167,bored work,0
168,@bookaliciouspam hey welcome va lol. muggy dc too. worst part summer say,1
169,@ankurb english screwed overall percentage x xii probably adm test too. shit happens.,0
170,already .c office. people melt fighting air con fan help can t find budget,0
171,think computer sick,0
172,@iamlittleboots recording eqpmnts out. full day mind gone blank. outfit g a y still nt arrived eitha,0
173,oowweee china club wuz poppin lipstic n pump full effect,1
174,amost,1
175,drink pm leaving shop medium light coffee frappuccino. nom nom nom,1
176,@hunabku swine flu victim unite http oinkflu.info,1
177,time snuggle bed electric blankie,1
178,@manbag awww love charlies enjoying lucky food lol,1
179,quot i think breaking heart trying keep together falling apart. quot,0
180,up. moooooorning http plurk.com p sudg,1
181,living life,1
182,@jonathanrknight going soon hoping hear late nite humor you....,0
183,@davidaldrich wx look like ohio tornado hit.,0
184,@inlovewitharmy timeeee mom say something daw tomorrow eh. never compelte,0
185,currently munching baby carrot nom nom nom nom...,1
186,dance gavin dance attack attack a skylit drive tonight exciteddddd,1
187,school today gd dont get see mate n millsy x,0
188,freaking tired. like body refuse move.,0
189,michael cera new movie,1
190,anyone else bad friday fun day today.,0
191,@brazilianlinda whoop totally read wrong. ahem. yes participating day may madness. ebook there.,1
192,going miss reemer couple month tour,0
193,building radio studio going podcast from. foundation called insight foundation,1
194,made work get feelin blurgh,0
195,really sad nephew keeping busy sorting item bwm http bit.ly ntsm,0
196,@drlebron welcome minnesoooooooota. free time trip catch up cliquot club though closed,1
197,@datadirt hahah okay thanks short explanation,1
198,usual. two family party today. happy birthday lily http twitpic.com w,1
199,sibling left alone. bored.,0
200,@hardrockchick super caught cold plane. far forward line like extra sleep dearly needed.,0
201,@asexynyfemale make sure well done,0
202,drink hot chocolate yummy.,1
203,still office...and sun shining,0
204,riley alphabet fashion show today forgot camera. cute,0
205,@glamorousamanda wish could pole got space maybe throw furniture get pole,0
206,boy sitting photo touching handshake allowed. asylm,0
207,@jeffpulver done book signing manchester. nice people there. enjoy week.,1
208,didnt leave voicemail.. inlove,0
209,@thelovelyj lmao back queen,1
210,@girlfromthemoon ...i yay moment today yay hope too,1
211,night dance party fun time amp awkward situation highlight driving w nim annie listening satellite window downnnn,1
212,@holly lol too. going am easy used,1
213,another amazing day. ever since got twitter great day,1
214,up. plan transform bedroom today. random.,0
215,screwed sat u,0
216,@anant unfair good rock show happen b lore pune,0
217,@pink can t wait see december switzerland third rendez vous great show amazing ... enjoy oz,1
218,@agesthegreat ugh amp didnt hit up ok lol jk. u doin here,0
219,slept in woke iced coffee lazed amp went late lunch bf. sweet little laid back saturday.,0
220,love sunshine happiness brings,1
221,@datdoodrace thts kinda young me boo.,0
222,millys yummy asian food haha. listening let go sad song,0
223,lost dc hat ..,0
224,@fixxatedstar aww thank soulmate haha.,1
225,@donttreeriddle oh no melted ice cream want.,0
226,@kelly straycat sorry like people like feel well. tummy,0
227,fell stair dancing sword fell bum hurt,0
228,gonna miss gurl shes honeymoon,0
229,@vinylvickxen kno doooo yall partyin,1
230,@wcharlie register first thing wake tomorrow. looking forward back forum too,1
231,hate car place lt jx gt,0
232,@flyaarmy @aduvall @flyingphotog @foxwhisperer brief interruption brb. goodnight catch u later. gotta ck something,0
233,@rove looking forward show tonight. can t wait ol mate @dhughsey,1
234,thank google adsense payment. aussie dollar strong,0
235,@madinafire buying copy today excited need learn friday good luck sheffield,1
236,want part window clubhouse wl space blog random place share window stuff,0
237,@hayfa welcome,1
238,got la miss hawaii already dang,1
239,haiszt.. im office nothing tweet haha fun,1
240,clubs...no parties...ive spent friday saturday night workin music quit content,1
241,simple greeting unexpected people actually lighten mood ever happen you,0
242,good morning all fabulous morning here,1
243,roxy right. palmade stuff pretty cool,1
244,happy star war day may fourth,1
245,@mkasper thank,1
246,bye twitter amp fb world san francisco airport ready board air china. sure internet access,1
247,way early today work later.,0
248,http twitpic.com woxi btw concert freaking awesome,1
249,thing really demand lot time anyways gotta get breakfast watch naruto s latest episode,1
250,@iamdiddy me. ex boyfriend year we broke month ago engaged gf weeks. sad embarrassed. hug,0
251,call wierd jus luv rainy day make feel warm amp cozy inside lol,1
252,waaaaaaaa kicked u bank. getting monday omg chilito,0
253,young love come end,0
254,surprise party today party tomorrow. funfunfun but need finish bug project. o o,1
255,back home. moment iï¿½m speaking aunt telephone darius neighting backround... miss little horse,0
256,@under control aw babyy sorry gots excited haha. lt,1
257,yahoo volleyball hiking eating fish eye witnessing sleeping beach jumping rock amp hanging jurassic park filmed,1
258,went world education fair today. whole different kind circus.,1
259,@whatsyourcrime ok replying happy mother day indeed,1
260,@moco love lamp sydney australia,1
261,@nizhonipetphoto wannna go wanna go anywhere jersey,1
262,saw amazing heeels. big,0
263,planted flovers school garden yr old...very mucky great fun,1
264,@abbeyemm haha. like him go,1
265,happy star war day,1
266,bed happy mother s day great one,1
267,sure let mom know fabulous think are almost mother s day.,1
268,almost fell asleep hair dryer tired feel like going puke,0
269,ohh tooth hurt ohh im sad hurt,0
270,@jessicaca yeah know dealin yr,0
271,@wordydirts thanks first lol,1
272,@lclaurenconrad can t wait see tonite hilarious,1
273,trying deny beginning miss more every single day apart ... need sprite haha,0
274,@colbertobsessed lucky mom paid everything me. take shopping,1
275,@joewitless nightmare huggles,0
276,oops forgot barbecue work today need pack lunch,0
277,allo twitter today,1
278,well done yet thing left huaaahhhhh jupaa resaaaa awas kaliaaannn,0
279,@hot please short stakc competition,0
280,listening new demo song going fantastic done,0
281,miss @baltigirl gone whoolllleeee weekend boo hoo,0
282,evaluating people...dont like part job,0
283,home. tonight fun thanks,1
284,@elengrey yay lucky what d do,1
285,got as kicked tripoly lol got bad cards... suck,0
286,warwick castle http snurl.com izzau amazing devon week...no internet update,1
287,friday yay bonus drive wale tonight. athough miss kitten cuddle going ride,1
288,checked email got follower withb name living oz. welcome board alrer ego @changa,1
289,@izzyj is here oh hun sorry... everything through last thing deserve unhappy home..,0
290,@hellolizzi oh hahah thats ok,1
291,@detrick hey glad friday happy ate bad apple,1
292,@leeye yep trying beat cold winter. morning swim always refreshing good start day,0
293,@kerlikoiv familiar.....sorry feeling way,0
294,good morning...hoping throw back coffee like right now,1
295,@peoplebrowsr nice new profile picture glad see friend,1
296,@xojennypennyxo like you,1
297,@nkeathley tried join chat site would let sign,0
298,favorite curling iron broke,0
299,@mikeyunderwood rice crusty bread chili .... aawww,0
300,http twitpic.com xn miss already,0
301,good night im sleeep good mornining xd,1
302,@garrettmurray here wanted keep going end... ever,1
303,didnt get hug today,0
304,@ubernostrum really ought pay attention phone tweets... sure moives better.,1
305,come join fun first pitch legend game... may th @ pm http tinyurl.com nkpuz,1
306,twitter fail life sometimes. oh well. http tinyurl.com qkxhq,0
307,hungry can t eat anything right tongue hurt bad.,0
308,@wildcurl well still can t wait one shot.,1
309,@bsaeed nice meet tonight amp thanks,1
310,finally found new flat.,0
311,spending weekend working.. even sound fun,0
312,good morning,1
313,@tam looked page realised radio show get play call want love track,1
314,wishing warped tour came london canada.....,1
315,work im ina good mood,1
316,need break need kitkat haha,1
317,sick today,0
318,@sashagrey since reading twilight series watching underworld today gotta say...perfect pic day,1
319,sunny day brights day,1
320,@marisatangorra handwriting isnt them. everyone making fun im sitting myseld lrc,0
321,hahahahaha rember riped william picture one claires mags. beated zoe,1
322,new supernatural tonight,1
323,morning everyone,1
324,sister stupid party amp amp wanna hang friend hilly txt back...,0
325,feelin really awful. mono sux much. omg...listening music,0
326,@ringorang today. wrong answer row. brain s working today.,0
327,@ohitsbigron dang... disappointing,0
328,changed hairstyle but good supposed be n think wealthed much money.. hate hairdresser,0
329,beautiful day... im working leaving get sun though,0
330,@lauratheexpat bit little britain u,1
331,stupid shopping bag left red mark arm,0
332,well that s last fabs gone,0
333,seriously heartbroken,0
334,rain rain go away. cancel pool plan tragic.,0
335,finishing giraffe getting sleep. super excited tomorrow,1
336,wreck. getting real sore now. fault insurance. planning go wedding tonight,0
337,@epicwinmaster thats great,1
338,feeling like crap today. hopefully nice relaxing swim trick,0
339,@itsonlytuesday would working today.,0
340,smell pancakes...or maybe toast... something delicious. one place cooking,0
341,sum plz cheer,0
342,@gengenw know make sad lol,0
343,missed britain got talent gutted.,0
344,ooh hayfever struck..thought going avoid year nooo remedy anyone...,0
345,well twitts waiting response @dawnrichard partying good time so maybe day,0
346,proud b trekkie . new star trek movie ruuullzzz,1
347,@lapix thanks ennio,1
348,finally x men origin wolverine arrived time play game like mad man time review patrick,1
349,chicago pretty much sold tshirts,0
350,got work late. lame busy day.,0
351,@deevazquez lol. offering case guiness one her buy two stay. let s start bidding war,0
352,. mile run meter swim thing looking better better... laying bike today,1
353,soo sick. hate life,0
354,@theshoctor @pezhore @ovisuals @nvls victory need reinstall damn apps.,1
355,@lemurtoes pretty good actually lame episode otherwise good. give try,1
356,sorry delay publishing week show technical difficulty encoding. asap may saturday.,0
357,@strabismus try ignore..just noticing new m.o. s . love sonic drinks. cherry limeade mmm,0
358,good morning everyone,1
359,waking ungodly hour go work starting get old. least coffee good,0
360,think shopping solves world s problems. leave atlanta tomorrow,0
361,watching loudquietloud documentary ever awesome pixies. realised joey santiago david lovering twitterers. fantastic,1
362,headed home.. sea world closed early,0
363,@tayler nicole wow lucky happy birthday,1
364,@simplykia iight gonna miss tonight,0
365,@joejonasfan know too,1
366,peep coming chi twn today weekend hang w dont time always workin,0
367,tree lined avenue begin fade view drowning past regret tea cigarette but cant seem forget when came along,0
368,back home...had great day http plurk.com p svkc,1
369,watching shark boy lava girl disney channel. hanging sarah jane micah amp rachel,1
370,@taufiqz watched too liked,1
371,amazing hollyoaks poor warren lmao,0
372,@mssbxny artery tomorrow. hagen daz,0
373,@avas writer aww one,0
374,@rachyzilla still infamous liverpool store manager helped set said awesome y,1
375,lost friend didnt anything,0
376,wish laying sand listening wave crash shore,0
377,lovely degree right am. amazing. enjoy melting vegas. l,1
378,@watchmerise youre welcome....you deserve it,1
379,mom say get new phone immediately....off t mobile. paying....,1
380,yay back home,1
381,recovering mexican fiesta. bit much good time,1
382,am. think time bed. good night twitts.,1
383,wanna get dressed adult today.,0
384,dammit cant watch stadium music,0
385,@steve berra happy bday stevie bee...and u want follower u get little tweety may baby r best th,1
386,wishing going tonight wait tomorrow.,0
387,got gym w no energy,0
388,@karshka hey. coming town weekend day next friday.,0
389,@janevans lol love macbook too. oh imac. can t decide love more. ok quot imac trump quot macbook,1
390,@wesleyadamquinn missed chicago show boo me.,0
391,may unintentionally snubbed someone due ineptness shyness. feel badly,1
392,feel like fish. im big glass car dealership looking world people walking fun sun im stuck here.,0
393,happy crepe again,1
394,really want see cash cash,1
395,jonas rocked tonight going bed write lil bit... night bless,1
396,okay really going now...stop making laugh like that,1
397,@petiteantoin oh that s cool thanks,1
398,@oliviamunn pretty lame babe,0
399,@mrcartersnurse congratulation mom tomorrow buenas noches,1
400,@nathanschultze haha. that s awesome. good job,1
401,huge test parent house. food good stuck one helping seconds. feel good.,1
402,think ever played fun suck marketing promotion..,0
403,ex make cry. wish stronger,0
404,still awake smh.... suck,0
405,live pv migrates vmware vsp exam magento config quiet weekend party central,1
406,good morning tweeties today rested richmond ready hit beach,1
407,glorious week. best holiday ever think. want go home morning,1
408,catching last bit later jools .. last series .. sob cry,0
409,going beautiful day,1
410,cry hard.......,0
411,eating dillybar dq yuuum,1
412,getting bored sitting hotel room entire day,0
413,dad tv loud. get creeped cuz im dodgy neighbourhood someone bush.,0
414,@mitchelmusso wont work uk,0
415,sad leave beautiful apartment,0
416,omg again... buying dvd yeahness another good movie also thanks movie buddy ],1
417,im really sleepy want go bed...but upstairs mess know im gonna clean nooooo,0
418,@epiphanygirl upset get tickets... time fav artist one venue,0
419,head feel sooooooooooo much better,1
420,thanks much following keep date much possible makeup line plus new collection,1
421,who going see reemer wednesdayy kirsty going a im well exited,1
422,@amber benson loved it continue delight u amber. great job backing video @adambusch. kudos.,1
423,limo ride city dinner cruise harbour makeover amp foot back massage yay .. hope fella get,1
424,gonna go brother show still feeling like poo,0
425,missing @meldibiase... day can t pas quick enough,0
426,@donnyosmond excited booked ticket vega we live uk can t believe price show ticket,1
427,nevermind beyonce twitter haha,1
428,@happy pill punching bag here ive never touched it covered brother s sweat.. u use u want hehe,1
429,@camilleprats happy mother s day,1
430,http twitpic.com jdkq got new belt sheriff star,1
431,added minute morning sleep cutting useless today show. feel nice,1
432,@lea ada franco working again woo hoo ala unable obtain elita daughter.,1
433,alright rawknroll.net live radio.org next hour vivid spring summer music rawk enjoy,1
434,@jtsui wish could sat thats super busy day sunday perhaps playing football dolores park too youre welcome come hang,1
435,@ralfrottmann thank s ... see i m back smiling,1
436,@marcooth great obviously check twitter often know important stuff thats going,1
437,@aplusk awww here...waz uuuup seriously glad y all fun. bad invite got lost mail lol. peace. xo,0
438,fyi ruin hollywood closed. last friday closing night.,0
439,happy juddday everybody,1
440,@evonmichelle mum s. lol got anything yet. sad sad... haha,0
441,@jaimedr thanks recommendation,1
442,found swing set sale block home super cheap. want kid one answering phone listed,0
443,@proctorsarm least posada good ab,0
444,aww. glad obscenely late early hour. found forest kline engaged.,1
445,set chuck bass new york palace hotel. bad filming today. http twitpic.com nht,0
446,@majayy miss too,0
447,@richardmadeley oh final msg review boardgame bookchaseï¿½ telly even get nice letter..,0
448,mowing . hate lawn,0
449,@marano aww thanks babe plan tomorrow,1
450,@the sandman @grave wound @hursty @samvoaden miss guy much xx,0
451,pool orlando got new kick going seaworld tommrow miss best friend,0
452,@mandypandy thanks hon project bra start today,1
453,@amypredsfan oops..too late. already popped bridge since missed tv. i lt blair amp jo too,0
454,@okayray thanx bday wish ray,1
455,@brrridgett already know happens supernatural.,1
456,@kelseyj xo hey chick u alryt u dad tmoro sud sumin aen like last week neva dun oot week lol missed ha bye hun xxx,1
457,life suck ur fun.,0
458,spent minute book store. bought one book.,0
459,@emilygrace bhb went concert remember derek mark hosting miss seeing bhb grove.,1
460,reckon could live yogurt week good selection flavor,1
461,gym day hoping enjoy last friday twenties.,0
462,happy mother s day,1
463,@feliciaodg screen dark click it hang whoever im talking,0
464,aaaaaw want live usa,0
465,@jbrigante haha. drink . cheat day,1
466,@arlastouch nothing yet still looking....but let sure lunch next week,1
467,happy juddday,1
468,didnt know starwars day,0
469,@themadmodel soooo happy back,1
470,@nobilis feel pain. mine way,0
471,snl justin timberlake,1
472,@marnixtfn ahahahah hello welcome twitter got hang already xx,0
473,@telesilla indeed. thanks sharing that go sleep giggling. night,1
474,long sunbathing burnt,0
475,awake wishing wasn t. feel like head may explode. going try go back sleep.,0
476,missing used,0
477,@tommcfly ahhhhhhh th birthday cant belive found im seeing yous tonight best present everr lt,1
478,@wojohitz @marchingstars @winkiedinkie @erockett feel left out... alone az...lol,0
479,@lexymez thanks much alex best wish day,1
480,@mariaandros gun rose baby yay hopin would blip.fm,1
481,belting next normal fabulous evening choice,1
482,@laurenlovesjb can t. grandma probably phone. get aim,0
483,got done turning pre final project computer animation class. final due tues. class weeks.,1
484,@lynnftw know exactly saying.. cool... tape better p,0
485,getting puppyyy name him think romeo cute.,1
486,look like sun making comeback midwest happy monday,1
487,@scalzi happy frickin birthday try bitter sharing day lovely wife mother there.,1
488,miss @billiesyadrie sorry able call u already sleep love you have great trip tomorrow send them,0
489,garden. making picture weed sweep. weather nice see lter people,1
490,@shanesakata hi shane link seem work,0
491,ok shoe club cool. fun poppin except ppl tryna dance wit,1
492,urge go shopping.hmmm got money how,0
493,ready weekend sad office tomorrow morning,0
494,lol. mom present cost dollars.,1
495,@macmuso hobart sorry,0
496,please please anyone,0
497,yay go wyattt totally amazing im happy you. yay,1
498,oh yeah radio playing earth wind fire,1
499,@traceeellisross all. miss girlfriend seasons.,0
500,@honeyfaery @that kat begged mum lt get attic.. wont let waaa... yes spoilt hehe,0
501,d died whatta letdown,0
502,@koifusionpdx another day find you. ended trying another cart can t remember name. sigh,0
503,@simonrim cheese counter go thanks,1
504,@myapplestuff oh cute... uniteddogs.com poppy,1
505,right @adrianmw,1
506,@baggers haha yeah,1
507,missed @tapulous giving away ttc code,0
508,@renegadepr cool. looking forward. san francisco really nice. make napa though maybe next time.,0
509,happy morning everyone,1
510,wish parent put chinese school younger. then much easier get job...,0
511,@shellykramer fever past hours. see me. unshaven puffy face look pathetic,0
512,@roar fear me well thank much spending lot time behind pc focus determination,1
513,thanks gourmetcook cold shower help.,0
514,@redmummy glorious weather poor,0
515,@adambmusic ik feel sooo bad,0
516,@myersandchang not.,0
517,cold,0
518,@laydmaxix aww keep sending,1
519,@stargirlreads cantttt. grandparent here.,0
520,first day work im excited lay place everything is.. well job,0
521,@deejai nice meet toooo good know another one follower actually speak,1
522,work ... thanks ppl getting freakin starbucks. peace ppls,1
523,trying figure whole quot twitter quot thing thanks scott amp allison...now can t concentrate work,0
524,sorry @sanderschenk misspelled twice already. im notgiving up run http blip.fm jjxr,1
525,ok everyone im stuck bored ill,0
526,second year,0
527,@teemwilliams michelleeeeeeeeeeeemybelleeeeeeeeeeeeeeeeee snif snif,0
528,averaged per hour work today gotta love holiday,1
529,want transfer naini trip picture my comp upload thm web bt dnt hv usb snt via multimedia @ r pic. expnsiv,0
530,back reality... boo,0
531,god early. hayley still asleep today party day getting stuff ready. x,1
532,@robineccles indeed get song however unable listen.,0
533,@amedawg haha that s great. yeah zachary quinto spock really awesome indeed,1
534,@bellabellini yeah know fuck annoying that... it s good promo... lost contact business,0
535,@michellecorydon thanks,1
536,back best party ever,1
537,@glamvoy yes think unless changed. sent u happy mother day text u never responded back,0
538,@elf princess hehehe barry killer u need pic,0
539,@ozzblair hug bad day having,0
540,@kixsal star trek imax d huge screen. still worth watching.,0
541,feeling lonely,0
542,week one day go.,1
543,first day new job bought new clothes already employee discount,1
544,@sparkin sorry missed farm today dm would like photo today,0
545,phone keep beeping me... thanks alan speeeeeen,1
546,came home sister spent night,0
547,@impala guy past ok since iï¿½ve got appartment car........itï¿½s difficult save money,0
548,uploading pcd onto itunes xd used certian event caused lt sadly,0
549,eating chatting computer.. really bored think going tea haha. listning s music wooho lt,1
550,@b luca lol glad see one there,1
551,@pyroezra know wish would. wanna cuddle sleeep ga go world coke,1
552,going miss miss suhana,0
553,@lancearmstrong chance seeing race germany unfortunately hardly tv amp news coverage cycling anymore,0
554,@mollieandme hello sooo awesome dont ever stop haha make fall chair laughing x,1
555,@kateisbored feel way guess matter always memes.,0
556,list park closure calaveras big tree sp headed weekend. glad visiting late.,1
557,thx tip. figure one out,1
558,@furlongthedog welcome twitter hoped long saw light joined u,1
559,@vulcansmuse @lorirusso still waiting beer moldovan. least happy came.,1
560,good day... havent good week forreal,0
561,@melissajeanine ew. sorry zach,0
562,goooooood morning,1
563,cant hear anything outta left ear,0
564,@sarahjpin good work.i ve managed turn studio on... envy productivity,1
565,@oceancity thank you. blast,1
566,trying sweet lil ipod... totally nerding out. and... totally ok,1
567,@crypticirnangel thats bummer got one yet waiting year grrrrrrrrrrrrrrr,0
568,@outside jo tak nic,0
569,seen star trek guy can t spoil seen it go. go now.,1
570,@ellyaway know june ... gonna good. im going se even im come out.,1
571,dream last night singing first avid dream crooning away,1
572,@aidadoll think gangsterrr as even fit g unit. amp know,1
573,karaoke small town bar. wonderful time,1
574,fun webcamming caroooo,1
575,... need retail therapy bad. ahhh.....gimme money geebus,0
576,got home dinner really really full. mom said dad bought sony ak holyyyyyyy,1
577,ready go milan see ya ll evening..,1
578,read pretty awesome web comic today. there s nothing really good woot today http myloc.me gf,1
579,that s okay... want watch shelby anyway,0
580,@poynterjones join jealousy l,0
581,orange pineapple banana smoothie long hard day heaven,1
582,s retro prom wishing dance with gonna miss great dancing nite still blast amp drink,0
583,@peacediva nice r ur plan day oh n happy mother day u happen b mother,1
584,panda express long. missed,0
585,didnt krystal spent night last night..i dnt think posted that. ya laughed lot. squirrel amp house new inside jokes.,1
586,watched yes man. bahaha. movie messed,1
587,@tcwmatt oh no well..... get back lot picture,0
588,heading downtown drink dancing,1
589,@zaidah can t listen music work probably could try start hunting new job monday,0
590,sun shining driving lesson,1
591,sf felt way intense tonight. hope keep up. upset hanging @fascinated pearl,0
592,friday night never fun work saturday morning,0
593,@allicandy testing.... hey gotta add someone follow,1
594,today started well,0
595,omgoodness finally back dinner fam bam,1
596,running past couple day due bad knee still guitar hero metallica arrived kept amused...time rock,0
597,going dirt track race w aaron. really good hair day wish could wear makeup though,0
598,finally home night dinner drinking friends. going sleep now hoping bed spin much.,1
599,@marcftsk haha thanks clarifying that.i thought u meant mr bello. wish could there cousin live,1
600,goodbye sex city let hurry give mi cuz paper work @lailashah summer bk,1
601,@katie noonan think ill that well wanna go out go one go loveyou xx,1
602,@robdyrdek husband wear shirt time think send way,1
603,found quot friend quot isnt actually. hey shit happens.,0
604,go one n smirker cheer dave aka jak aka best chest ever http blip.fm jjcc,1
605,dreaming weekend... awake,1
606,wellington monet exhibition. casually bumped wayne brady hotel lobby mega exciting,1
607,@brento she maybe first mistake. everyone cool @sqlfool brown nose moment,0
608,bored. cold. tired. lethargic feeling. man great holiday monday,1
609,happy mother day mother world especially tweeter mom,1
610,oh gosh so close finishing song can t wait,1
611,@mcflyyerr yeah that s trueee can t wait till tour dvd come out tour epic backstage material hilarious,1
612,celebrated mother s day best lamb roast lunch followed box cadbury s shared around table. wonderful day,1
613,friday gotta work tommorow tho,1
614,@kiitzyy think hahah geez lady hour ago go bed lack sleep bad skin,1
615,wish could choose band played trash june th...hmmm,1
616,@sirhova clownin since got flooded htown april. got repaired thought.,0
617,@sonicsalamander sorry bout migraine. mention really liked cissbury sp pic last week,0
618,@jazzy miss neice can t wait see bad n grown as lol,0
619,@willynorthpole wish,0
620,@elephatt lol thanks you nice meeting aswell looking forward tweetversation,1
621,got new high speed machine stuffed latest technology development office z crashed,0
622,@celebritystatus wifeyyyyyy likey u siky,1
623,wookei never accept psn friend request,0
624,@mileycyrus sorryyy milerz can t vote would love vote work sad frustraded @ @,0
625,sadness top horde guild liked disbanded.,0
626,want go catch happy hour @sonic get strawberry lemonade slush @ameshaye put them ...but dont car...super,1
627,@mattshiloh unfortunately fix work.. oh well lovin peoplebrowsr anyways,0
628,im exploring home xd back vacation nice @ home,1
629,last day maui,0
630,@leathermartini awwwh. sorry glad closer u though,0
631,jobo s tired getting work,0
632,bored kinda lonely parent went lake. friend bring knew bored go.,0
633,@jessmcflyxxx gdgd well better go get ready work haha fun tonight x x,1
634,@redsoxgirl there sadly. first rodeo dear suspect learned lesson,0
635,@rockonrebelchld happy mother s day well good one,1
636,piecing photo quilt boeing employee hung huntington beach. sadly many people quilt pic laid off.,0
637,@typezero hehe...until come back fb friend get twitter respite huh jk,1
638,ordered cuuutest invitation new nieceï¿½s christening arrived back sa. sorry wont make,1
639,could live mediterranean food rest life. miss home,0
640,nice weather..looks like going rain delhi.,1
641,@dopenhagen kl drink,1
642,@honorsociety like butttt going august th concert hurt feeler,0
643,@spiderdj thank you. yes yes. hooray,1
644,time revision listening @direngrey album non stop day again,1
645,well good job two cousin graduate good luck life lt never wear pajama pant school gt,1
646,@kandeezie would love see that,1
647,@secretvampire nice see twitter,1
648,wasnt workin hour id gettin ratarsed point couldnt even see let alone stand up...that shit feel,0
649,thinking life dreams. seem appealing give up im jealous every band artist living,0
650,oh oh going shopping best friend today yaay going much fun need get alot new clothes..,1
651,amazing night girl,1
652,@tommcfly wishing could sï¿½o paulo show fortunately went brasilia one haha,1
653,@msstacy well thanks thinking me ever get scratch one well right here,1
654,@kiwilucy ahhh know win entire thing try avoid thing never work,0
655,@valerierenee bad day,0
656,found one coworkers actually like leaving.,0
657,@darrylep busy yes...but always am. hope great time traveling. go welcome back,1
658,maaaan... way nice outside working.,1
659,@rescapism hahahah tell tomorrow,1
660,@fudgecrumpet saw deforestation.so surprised bad back @mrsfudgecrumpet moan back you.lol,0
661,hanging bff @jasminewho today ya ya @amandababby old friend prayer hope experience help,1
662,liking fake tan orange colour,1
663,@gretchenrubin love this body tell u much sleep need always good mindful mealtime,1
664,writing yearbook make wanna cry,0
665,regret going movie audition today seems like neighbor gonna get call back . http myloc.me rk,0
666,@acousticalt listening,1
667,really go direction time ugh gotta take authority time day say hello stranger beblessed,1
668,@taylorswift woooooooooo coming nottingham point lovelovelove lt,1
669,sometimes wish thing could go back way beginning last summer,0
670,wishing good night everybody,1
671,@mitchelmusso wish could call live uk cash call,0
672,tracy berwick break achy breaky heart split way hallways.,0
673,@werewolfseth well must say lucky you guess mean chillin concert huh,1
674,got cofo late close today close monday....back meet buyer tonight show home,0
675,@panicitsleslie aww that s still awesome. fun though assume.,1
676,@fishieee haha gross time come back. tell .. yum vancouver malay spot soon go indian,1
677,dont wanna work tomorrow get paid,0
678,another week start,0
679,happy bank holiday,1
680,@mrstreme thanks much back tour soon. two new book pipeline,1
681,happy star war dayyyy d hbd uncle lee,1
682,draining iphone battery half day without making single call suck month old huge fail apple s part,0
683,downtown fun tonight walk back car rediculous lol,1
684,@orli @snapily famous houston take look http is.gd ysah,1
685,wlcome @johiw proud girlfriend,1
686,manchester wayyyyy busy warm today also,0
687,annoyed missed mitch benn @ lemon tree. damn what s on,0
688,rockin river me tonight...,0
689,good morning everyone,1
690,nice win dodger giant,1
691,@feltbeats that s right... kick down.,0
692,@jennywoo bbq chicken pizza last night although deep dish glad hear fun p.r.,1
693,@shanellelee oooooo no not glad hear incredible though still bookmarked try sometime,1
694,got brainbone daily question right http tinyurl.com cryqc,1
695,sitting outside cold ocean glass wine.,0
696,desperate need tweet cheer,0
697,@punisher got twitter yayy xxx,1
698,@cassieebee aint ur ff list im hurt,0
699,many farewell party sad see people leaving ..,0
700,@iaquarian heart mela much cept last time went booked u saturday instead friday feed u,0
701,hoisin duck pizza salt pepper pizza gelato dinner edmund jade. good time,1
702,@jasonbradbury addicted sociable.,1
703,really wanted job,0
704,@mumphlett good girl nevah tell hahahahaha hope good weekend,1
705,@lisaxjbx goodnight trending topics. lol,1
706,live live dj jayem bb e.s.r click http listen.asx,1
707,... and person stood them. world full spineless cunts. make sad,0
708,@rorzshach wish good tbh,0
709,@irish yeah good. startled me.,1
710,@simoncurtis haha ...your hotter justin timberlake,1
711,congratulation manny quot pacman quot pacquiao made every filipino proud filipino,1
712,getting ready school second math test today also last day rd year next week officially th year,1
713,reminder anyone @ultimatepetshow thepet.net award pet friendly business uk awarded .pm,1
714,ugh soooo much work today trying make train game... looking like hour sunday office.,0
715,feelin bit dangerous . watch tha vids http bit.ly xus,1
716,omg keep losing follower sad want one day....thats goal d,0
717,@kimmycakezz yes ma am u pretty smile. also eat chipotle me.,0
718,@poojashetye break via second phone call,0
719,@spacerbunny oh suck thank god laptop,0
720,really miss photofiltre photoscape gimp damn confusing,0
721,@sandsp thanks followfriday suggestion,1
722,@laurenyant mean spend time alone friend family. sad,0
723,@geramie yeah thinking ahaha,1
724,borred everyone doingn check link profile,0
725,@kkkrista cuddle afterwards. like cuddle turning trick van buren,0
726,darn allergy like time year this never used problem either,0
727,dumb. keep losing follower,0
728,hate paint nail cant suck thumb taste bad,0
729,@sageeb say nicest things.,1
730,feel like shit,0
731,@rjramos cool,1
732,headache,0
733,feeling frustrated...i can t get thing work,0
734,@one call awww wish could talking minute,0
735,@intriguingds ... you,1
736,could tell gonna angry day...,0
737,ima go sleep now. good night. dnt let bed bug bite. haha.,1
738,@vautlapeine ... mean fam minus ahugs,0
739,listening jubey snoring phone hehe goodnight,1
740,lmao come mad reply im like damn im missed ... damn follow friday lmao im still important missed,0
741,woah awesome show glad back hotel though.. nightie night happy mother s day mommy s,1
742,@papermelody although bit tighter smaaaaller last pair baggy hell get front wedgie,0
743,@flippy deh wish deal bought macbook december but.. least got buck off ],1
744,@hatzmusic got guy chat lol.,1
745,@lovelybookie yaaaay mish following gab,1
746,rehearsal...gonna miss game please keep updated go nugget,0
747,@pauliniunia best show ever,1
748,done chocoslam brother. usual failures. finally burnt tongue. hahahaha stupid me.,1
749,@stacyday yeah trimet say hr trip get home ish arrive everyone leaving.,0
750,sick home bored want get better already enjoy college grad,0
751,working weekend,0
752,@kimberlynicole yay happy got meet her,1
753,doc said bone look quot fine enough. quot also see rhumatologist. old lady,0
754,happy mother s day mm mum hope lovely day mamam,0
755,livin ur iznt nice all. miss mum,0
756,@commander cool yep here s hoping,1
757,@sweena ... can t charge hour then,0
758,family guy rerun food and good phone conversation ah saturdays.,1
759,finally going home long night.. ready crash awesome dream,1
760,ever told absolutly hate writing email status pdates fine email much...finality...to,0
761,girl across hall say cat got landlord showing apt. heartbreaking,0
762,@gdrage lol teach blindly trust amazon search result without reading,1
763,listening mcr watching dvd s chocolate hehe awesome,1
764,hitting bar two people lame tonight,0
765,@ifelixgonzalez really look like going rain gray.... la bummer sumtimes,1
766,working ready go.,1
767,happy star war day everyone,1
768,got home let u connected god constantly,0
769,epic ocd moment deleted sims file spent hour building set favorite food wrong,0
770,reading cryin reading laughin... enjoying ride enlightened inspired letter young sister thx hill.,1
771,good mornin twiggas.,1
772,successful shopping day,0
773,looking forward seeing @paparoach raleigh fan year nb too scalper took tix sell moron,0
774,@mscrismusic wish u d,0
775,@goldenboyluke sure go blog today check friend bet new one today,1
776,upset right now like can t even formulate complete thought....,0
777,@ amp malware work pc miss dept,0
778,going without @brandinmusic skype haha,0
779,afternoon. first rehearsal extremely talented singer songwriter today. wish luck,1
780,beach time,1
781,school want read eclipse and some page read,0
782,@yourfaveblonde could have extra tickets. plus two twitter giveaway get next time.,0
783,@tpearson toooooo thank u,1
784,first day new job yeah,1
785,@ghostexecutive bummer going try make it commitment afraid got way. next time hopefully,0
786,@coecobroker still recall helpful way back struggled ar contest question...,0
787,can t wait home again.. let sun shine warm frozen bone please,1
788,hello..aint tweetin day cuz switch thing da new place. exhausted sick,0
789,cultural tour loiusa s family kangaroo sight seeing cemetary. lovely,1
790,hehe @stereogum @brooklynvegan sta se malce preve vï¿½ivela v v erajï¿½nji dark night koncert no ob takem lineupu...,1
791,work...gettin paid sit arse guest yet mum comin eexcited,1
792,upset left phone home,0
793,@danielradcliffe snitchsneeker photo cool but dang what s comment chest hair that s creepy,0
794,welcome @doeko really glad know here. product rox man,1
795,knew listening miley cyrus morning bad idea,0
796,see me point laugh. ugly.,0
797,@teeribbzz noo.. u dont even know upset right now..,0
798,latest saw animal collective oakland amazing now trying clean room,1
799,cant girl like whats walet,0
800,feel extremely depressed right now.,0
801,@remzology amazing due time constraint could visit meadow pine forest. shall post image later.,1
802,@annamessias miss yoooooooooooooooooooou poia,0
803,seeing quite proto furries here think it. acen,1
804,@aubreyoday aw. sad give ginger little pat head me mwah,0
805,http twitpic.com jkea @edstetzer follower congrats,1
806,@ryanseacrest god day xx,1
807,realized im tomorrow. goin beach wana come,1
808,storm acting ....excited discussion session regarding social media. scott lake ceo thinksm attending.,1
809,@netmogul sound soooo good right mmmm malasadas. leave today,1
810,yes make ......obama,1
811,@tiffaniallen happy got hair did cant wait til get back see it leaving today,1
812,@kevincl here. going browse sa get bored.,0
813,guess bedtime. goodnight twitter. bed big empty without him.,0
814,@cocodishman wasssup cocoliciousness knew u recognize me how s ur daughter,1
815,@sirhova supposed go philly well....bailed last minute,0
816,http bit.ly xdc spanish grand prix one hour,1
817,already miss mohawk.,0
818,happy star war day everyone may th,1
819,@saresa feel pain.,0
820,http twitpic.com ofz ugh gross,0
821,@hivemindmovie miss fizzy duck love hive mind,1
822,@lccsweetme haha that s way cool good morning,1
823,last week hit guinea pig picture webshots even promote them way go,1
824,@half a mind chris staying glasgow instead cause absolutely accomodation edinburgh due marathon,0
825,gutted bathroom still free early work going happen . need loo,0
826,watching jonas nick s beautiful voice put sleep,1
827,@candymaize ok..i kinda feeling ignored anyway sunday arvo pm. going lunch amp wine,0
828,tried audioboo recording it distorted due high volume ob,0
829,can t fucking concentrate damn heat cooler job.,0
830,miss husband,0
831,@sashaminaj lol thing u gotta sometimes man smh lol,0
832,outside hour sun bloody hot tan wait monday spend around hour outside,1
833,namaste hooray monday undaunted am wakeup consider am london feel justified. bright side everything,1
834,making german apple slice nom nom nom,1
835,tanning emily bad prob gonna rain,0
836,wanted greg pritchard go silly sobby hopelessly dull little girl hollie steel is,0
837,damm it get pic niamh d glass,0
838,@jwdilla glad fun babe,1
839,@mrmarcusx jst wednesday,0
840,@the wockeez missin u guy day ill b tomorrow butttt see u june th blockkkkk,0
841,work do wrist hurt much it.,0
842,damn. raining,0
843,way many people cry school picnic decide want go back go public. confused sad,0
844,disappointed gonna sleep off....,0
845,tired..,0
846,@daniellebean peace amp quiet. enjoy last,1
847,@jonasbrothers omj loved it....it good laugh frankie great job guy agnes,1
848,accounting class detention,0
849,@iseric ill buy one,1
850,@boardopboy picture never happened.,1
851,bike trail miss j two front teeth .. hopefully vacation suck,0
852,@dimples know tupac lyric too,1
853,@mandyyjirouxx today mtv allow u vote,0
854,@meikah hala know one. shame me.,0
855,bean toast breakie gotta clean room study final cisco exam watch lost . can t wait,1
856,rockin minivan til sti ready. miss already,1
857,@hilsatlvsonline thanks tip unfortunately major crash http site extplorer,1
858,woo exam nxt wk,1
859,@lovekelsey coming detroit grand rapid october...,0
860,@overshoottv thx old computer here slow kubuntu blender really.,0
861,feelin well... feel sooooo weak....i hate bein sick summer,0
862,@jonathanrknight wish there.i ve moved san diego wa depressed miss sunny san diegoooooooo,0
863,wishing could go @boulderdiaries soco go climb instead stuck work weekend,0
864,ok day jo. bit bruised.,0
865,@greco trying think that,0
866,wish here babe,0
867,going bed cant take thiss longeerr maan. [u],0
868,@miss om quot if paint fingernail green oh happens paint green... quot marvelous,1
869,exhausted tee.. knocking out nighty night tweety bird,1
870,@x crazyangel gah gregg got hot talented vote dammit,0
871,waiting danny text back xoxo,0
872,@inkcircles thank you,1
873,hey @elliotcole thank much followfriday. failed miserably get list together week,1
874,@thetahealermaya u re welcome...thank sharing excellent content,1
875,@jaredpadalecki season that s it sorry noticed ur previous update. si gonna happy,0
876,@mattpicasso iphone quot not opening downloaded apps quot thing forgot cord home,0
877,omg maddie holby dead. gutted. loved nadine lewington really wanted maddie clifford get together,0
878,@scarymommy sure entire blogroll terribly updated could motivate update redo it,0
879,fuck kind bug house. dont know,0
880,lobster dinner mba folk tonight terasse pouring rain mtl...,0
881,@jerrica perez that s great hope study bff live together. well..we see,1
882,feel super sick,0
883,leaving florida want live forever texan girl,1
884,playing d.j ray s ride way delish sushi,1
885,@demiswissfan thanks lyxxx,1
886,star trek movie riveting. soundtrack superb. overall experience fantastic. alyssa jumping german shepherd priceless.,0
887,greeeeeeeeeeeat summer four classes...if know me...u know,1
888,@demiswissfan yer hope competition doesnt end post video lol really good singer entered.....,1
889,lost dollars. always lose money,0
890,@lara yeah good..erm...entertainment,1
891,ughhh. think plan ruined. excited too.,1
892,@mandyyjirouxx mandy let vote want win can t help gonna jump bridge kidding sux,0
893,happy grey s day everyone oh miss grey s,0
894,head hurts.... wait see new photoshoot,0
895,@mikeprasad noticed yesterday too...i m actually really happy startrek,1
896,@rvcreek ay buti pa kayo uy thank you,1
897,http twitpic.com jfa new baby cousin olivia. pound inches. perfectly adorable.,1
898,@leehongrui hahaha.. ok hire mom paiseh.. haha shall washing,1
899,@buddhistethics congratulation mindful run well listening music,1
900,sad hollyoaks,0
901,@mdurbin long till go shopping dude gunna rather fun,1
902,@barbsaka love finding regional group twitterer glad could connect new people,1
903,morniiing twitter eating cereales watching blg dvd like every sunday morning ï¿½,1
904,@jovenatheart never follow sad lol,0
905,good girl school.. today wa it yayy,1
906,hate leaving teddy ... miss boy damn,0
907,@tuaw case one gave head up at amp t put iphone app account management mywireless love see review,0
908,@llcooldave yeah r. im going concert end month,1
909,@ceo inthemaking aw,0
910,@an other excellent analogy,1
911,@meghanx happy birthday hour minuet haha,1
912,falling asleep listening james taylor,1
913,miss one would anything spend min me... one used say tell,0
914,bit motorcycle trip today,1
915,instant messaging two favourite conversation guy,1
916,breaking news broiler burger king down. burger burger king lunch least chicken fry there,0
917,@spinallhead bom dia uï¿½tisson,1
918,beautiful day outside today shame stuck office blind shut stop glare.,0
919,nice day today stuck indoors revising week over,0
920,@doonytime minstrel might grab petrol station head back work. delicious,0
921,big sad face bing work iphone. take regular mobile live search.,0
922,g night twitterverse thanks keeping entertained,1
923,@ashleytaylor x sweet girl food soooo good,1
924,@yurges loadsa shizze happend im upset..,0
925,@dcal meaning email months. pre reunion party must coming soon. really wish could there. gt char soon,0
926,@moonfrye working extra hours...,0
927,@deepaprabhu thanks thanks,1
928,first up make lost time jelly. jalan jalan u rollerblading pumpkin. happeh,1
929,nothing like charley biggs chicken @ am,1
930,realized today last day see best friend tanner im goin miss much,0
931,@ultramegaman never done friday digest... today anomaly usually schedule friday leave time it.,0
932,@isuhin dear. going fucking kiddoe going sit doing.. nothing awesome wheres shopping lt,1
933,hamilton get hockey team really think name hamilton team name. not sad.,0
934,@dae man suck feel pain... local buy cup coffee.,0
935,@jenniferlai aww too. today good like,1
936,@prettyrd feeling,0
937,today say goodbye second good friend week dmp least sun shinning definately working pm,0
938,getting swing things. miss someone,0
939,sound great http is.gd jslb palmpre,0
940,@shcollectibles aww thanks glad appreciated weather much yesterday,1
941,fun day boo. short fun,1
942,@rafikakikukeko couuuurse fika pray thes best then.,1
943,shower time,0
944,@wookiesgirl thinking quot i never see tweet. quot well duh follow you can t can.,1
945,@bryybryyy lumberjack http twitpic.com wqe,1
946,awesome saw thursday night. great. perfect casting.,1
947,@chelsea anstee hope expo would amazing. im trying hard make perfection is.,1
948,celebrated play last.fm dez moines tdwp http bit.ly gwuhx,1
949,eating funnel cake mag fest,0
950,black canyon seriously best fusion food around,1
951,@vautrin ti cool..i still stand former proclamation stubborn way rebellioustwitwhoknowsacoolcatcook lol,0
952,enjoyed see n everyone last night even tho really bad night financially... cant wait kick @ drive in,1
953,@vestacaro already get tax money helio winning pole position ha ha,1
954,work tonight get paycheck,0
955,great time kc http twitpic.com wfi,1
956,@santiaggo new yorker cover done iphone amp jealous one http myloc.me a,0
957,@djunity thanks,1
958,staying home. unpacking crap,0
959,@chasssss got attacked club,0
960,cute,1
961,@lobsterandswan itï¿½s beautiful blog iï¿½m able acess anymore,0
962,ton fun w muffin today,1
963,@brokenromantic haha malamang one chef.,1
964,im awesome,1
965,@bztak actually friend gave file today lol cda files... u know convert mp,1
966,finally gone beach yeaaaah,1
967,outz wif big big big happy family mommy s day meal. happy mommy day mommy there,1
968,headed wmc day. hopefully enough time swing chinatown way home. mood duck,1
969,am feeding baby fun smile coo,1
970,last day school sad,0
971,@ether radio yeah s feel funny cause slept enough woke mum cause singing impressed s you,0
972,hi getting tought could write something. today gonna go shopping soo fun it,1
973,happy mother day mom,1
974,lmao twitting... thats never gonna get old haha,1
975,aw see robert practice. make sad,0
976,followers... sad.,0
977,@natebodnar going jordan told come im stuck work,0
978,@reecereece kind of good job though. know better. might see friday w arbie.,1
979,@stormyamorette one day loneliness creep slap face.,0
980,ah easy received new link reegie rig,1
981,lost internet. raid os.,0
982,oh god cheesy disco music started everyone getting table need wine...,1
983,coffee got cold blah,0
984,hello thank followfridays people. always forget sorry,0
985,play first game apple apple wish luck...,1
986,awesome day,1
987,@dinerokidmayo im upset cuz everyone agrees,0
988,ben amp jerry s fail. got email free ice cream. say click redeem coupon. click get error message @cherrygarcia,0
989,today feel like friday. bad,0
990,@fragdolls ok love big buff tattoed preferably christian men strut...fluffy dog optional,1
991,@allysonrobinson ...as well bell hook teaching transgress. sometimes miss teaching amp messing bad system.,0
992,@beckinelson idkk il get see,0
993,@meredithhawkins aww nice,1
994,@emo zaboo ok hurt abit thought good job... rude people could understand... x,0
995,@alphonso sf right,1
996,@aspaphoto ahhhh you soo smart thanks schooling thought taught before,1
997,sooo happy demi s back twitter,1
998,finally going bed woo hoo gotta work am lot love all,1
999,lonely gosforth gallery excited meal six followed antony johnson tonight. woohoo,1
1000,back home puppyy,1
1001,@courageous one much so. setting goal next couple month preparation,1
1002,good morning world another wonderfull day starting breakfst champions... kid ofcourse,1
1003,enjoying great sunshine.. indoors.. feel good today,0
1004,@jtimberlake snl tonight going hilarious,1
1005,@shefinds great job,1
1006,happy superwomans day,1
1007,happy mother s day wonderful woman there. great relaxful day.,1
1008,n end another wise great nite excuse dream little dream,1
1009,tired work. hate closing eek. smile today. aloha kitchen yum.,1
1010,@debpenner deb looking forward exploring simple ology mark joyner. back hours.,1
1011,causing trouble partner crime.,0
1012,sitting home wishing didnt work today. ask still work,0
1013,parrrtty ..playing twister getting tipsy ...well everyone else lol,1
1014,aw lose guy ten day lt,0
1015,@theguigirl aw unfortunately everything close pm sweden friday. presentation am monday.,0
1016,heat here,1
1017,@rashidian come hang wif meeee,1
1018,@paulawhite yep looking forward it,1
1019,reading maltese sunday newspaper coffee... aaaah.. glorious sunday,1
1020,headed see friend new baby. gave trip lake cause dance class. good mama.,1
1021,mean people suck.,0
1022,gosh freakin bored talk me,0
1023,@jennifalconer happy see something weekend flight conchords back bbc,1
1024,@goldi m except im site near airport dixon lil starbucks gps head hehe,1
1025,comfort food day pan mee. though didnt taste good..,0
1026,missing everyone,0
1027,watched another episode jonas. better hannah montana much true,1
1028,@erniehalter yay happy mother day screw burnt breakfast bed take e. erniehalter live gt http ustre.am vko,1
1029,@agonisingnewt morning newt...hope well,1
1030,goodmorning. father s going balistic say rather get beat good day please text,1
1031,@monodi lol,0
1032,miss baby hateeeeee,0
1033,violent fightclub like sex dream involving heavily tattooed ladies. wanna wake up. lol.,1
1034,loving phuket melai badette. coming home soon imiss everyone,1
1035,starving diet killing can t eat pm,0
1036,best shower ever still completely deaf one ear kinda getting used now gonna watch the woman now,1
1037,need cheering,0
1038,@rainbowcentre sadly bit disappointed try later see change mind,0
1039,worth spose,1
1040,http twitpic.com wb gotta show monday .... hopefully head better then....,0
1041,@slovakbrewer yeah wanted bottling sanitized good. taste like choc. oranges.,0
1042,happy juddday everyone,1
1043,feeling good.. kinda tired.. miss him... can t wait grad weekend,0
1044,watchin girl want mom brittany..,1
1045,@tomboytigress thanks sweet dream too,1
1046,sun making happy ] shame work tonight x,0
1047,woohoo..this day week lord made remembered get wear jean amp chanclas week,1
1048,miss,0
1049,@ beardburk optimistic,1
1050,fun times. broke usb stick.. like literally broke it..,0
1051,@mitchelmusso allowed call live uk parent say cost much suck,0
1052,@mitchelmusso cant get,0
1053,........ lala.. little girl love new song @hippieho iï¿½ve answered u love freaky twitter guy d,1
1054,@kelly straycat haha ty,1
1055,@daveduarte remember evidence based management lectures...definitely best ebm,1
1056,twas good show. even liked ciara s last song. time go bed. g night,1
1057,@jessbooka drove past hotel wish u ere. thinking december trip real white xmas,1
1058,cheered i yelled shake end chant suck quot x quot got suspended amp give public apology lol,0
1059,@laurenconrad http twitpic.com whd lauren amazing....well see hill lol seem like great friend have,1
1060,watching grey anatomy take blueberry muffin oven mmm yummy finished geoggers study note yay,1
1061,pengen nonton friens mine comeback show di prost beer house kemang besok.. tapi ga bisaaaaaaaaaa..,0
1062,@grahamcoltonfan hahah too except haley get hit car yay leyton,0
1063,people txting... sorry phone dead can t resurrect it. hopefully verizon replace back tonight,0
1064,hannah montana set.... im missing tennessee alot today,0
1065,@paceyy yeah know thing would much easier way. bored boy playing tekenen i can t spell it,1
1066,oh joy gong long weekebd... yipee â¡,1
1067,oasis ribena toughest decision everrr,0
1068,@threatbot going fun night helping host it,1
1069,@amygrant chocolate peanut butter. one favorite combonations,1
1070,know saying fuck it..i m horny hell http twurl.nl qcjc,0
1071,@kyspeaks yah footlong sausage mah. halal place..piggy sausage bigger,1
1072,@stereophonics http twitpic.com p feel really emotional great seeing pic keeping you. gonna ...,1
1073,@jerwjr thank you working @ddlovato s,1
1074,tired tired tired.. sleep well last night.. thought much.. slept much.. glad almost weekend,0
1075,@isabelmariee oh snap,0
1076,happy mother s day gonna awesome blessed day getting ready bed... beautiful sunny sunday...,1
1077,hi friend ummm thanks follow enjoy ride make many trip i will u u gotta go get,1
1078,good morning,1
1079,chillin roomies. can t wait zombie clwn cr. gonna week,1
1080,desktop quad core win boot time quot laptop dual core w ssd win boot time quot gt ssd desktop arrives day,0
1081,year old barbie doll still rock it...that girl h o t ken ain t bad either memory,1
1082,great weekend one hanging nick amp brendon church morning can t believe loretta mother day raffle again,1
1083,ooh feel sleepy... a.m. dont wanna go school day to...,0
1084,played okami hour today,1
1085,ok.. best snl episode seen hot minute. justin wonderful ciara muscles..the end. g nitey tweet tweet,1
1086,@vonstroke heidi finished set stiff kitten aundy,0
1087,sorta need somehow forget e la practically ethic exam self imposed revision time.,0
1088,sulking home rained poor strategy. watching sun shine desk robarts reference room.,0
1089,@sunilsebastian still lot time stupid contract... month change provider,0
1090,@stangill uh.... mean,0
1091,dear journal sex earl tonight. amazing thirty second life,1
1092,@ddlovato second episode sonny wac new zealand tonight. and still are amazing ily xx,1
1093,@elainanic hope migraine stick around long.,0
1094,cold,0
1095,@britneyspears thanks following me hope well cant wait see australia ya come.,1
1096,@alexandergwhite daaammmnnnnn wish there.,0
1097,tgif bad weather sucks...,0
1098,@donnyeffrien good know pln s earthday happen neck wood,1
1099,@mrspinkyivory hey pinky ordered stuff site gave me. got yesterday mail pretty thanks,1
1100,@kay sigh miss day,0
1101,@niqa miss too mojokins go there long enough comment weekend,0
1102,awesome pedicure today,1
1103,grimestopper loss client lost job too. hope quote later today turn work. drowned sorrow w huge h ...,0
1104,@juliepilat great show,1
1105,getting one lil gem s ear repierced work today definitely dreading,0
1106,proud ceviche bellini turning well loving smell fresh flower house,1
1107,@andyjih yep...sadly min meeting,0
1108,felt like crap behaved like son ate compensate. pigged home roasted sugar almonds. painful tum threw up still feel sick.,0
1109,@darenyeow oh wow really good think im going use one lol.,1
1110,dutchess sad film still fave...,0
1111,@tizzik yeah ill make sure keep updated.. get delivered,0
1112,can t find trusty hair tie hair spill place run mom s band work me normal one hurt.,0
1113,roughnight,0
1114,guess what mom adopted kitty today month name corky,1
1115,@khriskhaos aww preciate love hunnie,1
1116,say miss cousin badly http plurk.com p xbha,0
1117,got go shopping wife tesco s. knew day going well.,1
1118,going shopping mammyy.... makeup face generally quite nice today,1
1119,booo best friend leavin weekend. ever without her,0
1120,hear tonight last jleno show,0
1121,@kidb thanks coming support u rock,1
1122,made tonight watching little kid swim watch movie haha love babysitting haha,1
1123,say quot we close quot mean quot come quot . ffs people. also rip polly,0
1124,well glorious weekend bloody raining... nice bh order then,0
1125,@rosieroserosie can t believe following you anatomy prac tmw tonight structr lwr limb,1
1126,@alycemadden arent u famous already lol adoring fan fan would anything hehehe im no. fan,1
1127,comp. mental health take me. samuel rogers center city gave appt. june th. day worth pill left lt ...,0
1128,@solangeknowles freaking awesome solange. happy mother s day. wish mom like you...sad. blah. best wish,0
1129,@digital geisha @savasavasava reals. lovely around someone refreshingly analog interest,1
1130,aww poor tank friend. guild fucking promising main ot. barely even get go now.,0
1131,im sad im giving first..i didnt nothing,0
1132,waaaa. ran machine problem yeah,0
1133,alright gang. gotta go park family hour. back mwahs yu head bed,1
1134,@karriedaway look sooooo pretty love. dang wish ny could c u ur thang,1
1135,@autismvox,0
1136,@myronetadrid aw latest quot selenagomezlast day shooting... goodbye canada. quot,0
1137,@retrorewind wok nite shift tonite miss please dm me promise wont tell anyone else,0
1138,@cssndr discern request hulu support excellent idea,1
1139,pugged ready go. device update on feel free bombard time. time actually get something done.,1
1140,@rutyloxx silly.,1
1141,spend lunch murderin hit,0
1142,hungry,0
1143,dagnamit latest power twitter update pant clickable link,0
1144,finally dinner... nishiki sushi,1
1145,@jvfriedman can t need work overtime project lunchtime. sorry,0
1146,@cherryadestains blatently fault shoving bag said felt much tricked me. xx,0
1147,uploaded new blog... painful story s year old man cried wanted die... sad,0
1148,@spinachpuffs yeeeeah . . . intro seen empire top computer game http,1
1149,gatorade first thing morning yumyum feeling shattered must arise revise tomorrow.,0
1150,wrote lyric new song exciting i slept full stomach worst feeling waking still feeling full euggh,0
1151,@alltimebritt made sad thought jumping joy,0
1152,actually great start day hope continues getting new american oversized bed evening,1
1153,@emmilyxoxo wow that must sooo cool,1
1154,shower time,0
1155,playing pacman itouch lol,1
1156,dad totally rocked offspring pretty fly white guy. haha.,1
1157,saw hannah montana movie today best awesomeeeeee hannah miley rock lol,1
1158,@heidimontag saturday good cannot wait monday night,1
1159,@meredthsalenger ur cute..i m fan dream little dream kiss appearance like dawson s creek make flick,1
1160,got bullied dillah. help,0
1161,back new mexico again happy mother day mother there,1
1162,class next two days...but work everyday today til next wednesday sad,0
1163,omg concert awesome madrigal gave chill almost every piece...brooks also called alumnus didnt get go,1
1164,@hollywoodtv question.. guy liek famous anything haha miley followed luckkyy im jealous,0
1165,early lunch getting dressed amy s confirmation,1
1166,finally home exhausted. work week over still expect less hour sleep tonight. happy mother s day luv mom,0
1167,bummed @retrorewind contest state hawaii,0
1168,omg meant @realhughjackman lt perfect wolverine sir hehe,1
1169,@kayleigh stack wish could go think allowed p either way two show going bound get ticket,0
1170,@kicesie elope can t wait see picture dress. breath taking,1
1171,@lolzyluvsjb yeaa sad watched live performance peru etc epic wish come n.i lol xo,0
1172,@vampirefreak haha thanks,1
1173,oh storming... gotta get computer.,0
1174,@johnlusher welcome wonderful day you stayin outta trouble ready crash party lol,1
1175,@kurliedoc poor grace need date cute male nurse.,0
1176,@neil duckett great pic fun love food wine festivals...well beer fests,1
1177,@baldy za thanks man. can t wait,1
1178,@veronica oh noooo suck reschedule another show,0
1179,http twitpic.com tn home sweet home... picnic blanket though,1
1180,later normal morning got attacked swarm mini fly s opening veranda last night took hour get rid,1
1181,@theaidenash hey hunny bunny what s weekend like day something,0
1182,daddy left go back home texas c hopefully n next two month,0
1183,way work kinda sad,0
1184,really missing daughter haiti wishing could go back.,0
1185,@redonculous video tape hahaha,1
1186,fieldnotes ordered th still arrived. week still book,0
1187,@cheadlek another one coming later week westlife dvd trademe one after,1
1188,playing mybrute follow at http yhana.mybrute.com,1
1189,emo moment said good bye best friend ever meet sure,0
1190,@blueeyed cat @himynameisrose know yes dont remind im effin jealous fuck aust time,0
1191,waiting aaron get town leave work. booo,0
1192,ok going outside...wish playing basketball oh well...,1
1193,look like yet another beautiful day london,1
1194,chatting matt mercy mercedes lol.,1
1195,back garden times. foot hurt,0
1196,sooooooooo funny move computer computer render draw. come on revit autocad never bad.,0
1197,@shortcakemlt movie plane mall cop but saw nephew already,1
1198,@bellagm yes sucks. miss,0
1199,feeling rather lonely broke...oh wait...i lonely broke.,0
1200,life good. much greater thursday pm,1
1201,omg parent today fighting mine,0
1202,yes minute sims plus season fun fun expansion,1
1203,im work super bored,0
1204,wanna see jb d movie experience ... wanna quot touch quot joe hehehe,1
1205,bad day close relative died wont going florida,0
1206,blog crashing browser,0
1207,get ready school. absolute wonderful day,1
1208,anticipated meet tapan parikh apparently wont pas nairobi head straight mombasa,0
1209,go boo s pad,0
1210,@metqueen sound awesome..,1
1211,@nick carter gotta make video public dear. lol ...can t see it.,1
1212,@janice know lol . grin bear,1
1213,@brookeleeadams hang there health priority right now hate seeing good people get mistreated genuinely sorry,0
1214,@tony mandarich well welcome back dark side,1
1215,talking best mate boyfriend msn,1
1216,co worker s last day going miss,0
1217,@susannaheanes bwaha far away though. look fluffy jared s hair s shinnny.,1
1218,today better. panda eally cheer up. dont know happy like legit happy.,1
1219,@tommcfly hey tom happy enjoying brazil sad cuz goin see show,0
1220,thanks everyone twittering me. still newbie.. friend would like invite here please help girl,1
1221,got home hospital.... another clot leg,0
1222,@dotboom defiantly watching it. work streaming leave.,1
1223,@mistermagnus friend us logic must admit like it...but mac,0
1224,heading work friday off.,0
1225,heading farm dont want wanna stay talk boyfriend... stupid mom making go gt . lt,0
1226,@oliverphelps good time sadly mean probably gonna rain,0
1227,@nkotbworshiper too... go phone night long sometimes phone blowing up... nice wake to,1
1228,@diesel wish take care,0
1229,two fantastic show row,1
1230,@bingofuel yes see @carywilliams tonight. delicious dinner chef geoff chez a lo g mo. hope see pre departure,1
1231,@nightrpstar think so. hired someone that.,0
1232,gotta go .. going circus .. real circus britney s tour sadly ..,0
1233,getting ready drop something man hang friend instead,0
1234,going suffolk tomorrow. however mb amp planning picnic mall friend neil amp jodi.,1
1235,trending topic twitter used useful. like middle schoolers passing around note cause class boring.,0
1236,@geerlingguy http tinyurl.com dlqop good one nice,1
1237,stupid rain picnic cancelled till tomorrow,0
1238,much news android based device especially t mobile. giddy can t wait start saving up android tmobile,1
1239,good job,1
1240,miss old... ha ha. can t tell person s name.,0
1241,raning really bad,0
1242,@pchaganti concur http tr.im kmvl people can t wait. stop making vas. cloud become commodity quot cross cloud quot,1
1243,nine o clock sunday morning outside sat around table enjoying early ray sun reading twitter article sunday time,1
1244,wish sri panwa,0
1245,taylor swift joe jonas looked really good together. kinda sad broke up.,0
1246,yay poker win sketchy student decided show today. lawl,1
1247,@sargedunn oh sorry friend. katie amp best keep cheery,0
1248,conference call arranged .pm today blew leaving early window,0
1249,edge left contributor list month s issue. x ffs. lt werd,0
1250,@sodakan sorry hear wait list,0
1251,sad tea oatmeal cold,0
1252,@msalonen can t get load. wanted everyone see quot bette davis eye quot remix video today. boooooo,0
1253,@ lyrically me would me,0
1254,good morning hope u great day,1
1255,@savfortomorrow thought pretty good guess not. bummer.,0
1256,@shakes sadly robot song library.,0
1257,friday amp every plan me..my mom laser tagging w friend haha my brother out..my sister dad r working me bf alone,0
1258,@nikkidang yeah going last month amaaaazing bring back,1
1259,@bobbinrob sparkly peen win solves life s problem,1
1260,working graduation. shame.,0
1261,@robertpound groom think die old maid lol,0
1262,yaaaawwwwnnnn thx bank holiday... let s see today prepared us...,1
1263,@donniewahlberg toronto waiting you day go,1
1264,@kheiny beneath show got cancelled bummer guess wont see til cornerstone goign with,0
1265,guttered ruby got eliminated nzntm.. supporting locals. haha. hosanna better win..,0
1266,dw funny,1
1267,finsh work eleven.. even allowd cauz really dont want to.. lol,0
1268,feel really really bad...sorry,0
1269,oh one monitor act deadline oh unhappy camper.,0
1270,@decadentdecay chica two day want u elle too.,1
1271,@agoodeye soooo disapoointed make next time glad productive.,0
1272,@cindypon comiccon that s cool,1
1273,@bagginsboy oh yes. feast left,0
1274,bushidokan class got canceled. sign karate someplace else,0
1275,@candypants did came cold cheese sauce good though.,1
1276,everything workout planned.,0
1277,@skinnermike told joke onstage butlins . one person laughed. scarred life,0
1278,@souljaboytellem u say shoutout nikki please soulja boy tell em live live gt http ustre.am uhs,1
1279,closing instead yay min till go home talk lovebug,1
1280,@devyra lol always make happy. promise won t. lol silly. late friend,1
1281,@gcrush @nopantsdance thinking excited guy move realized sad see go.,0
1282,@gatorsnow feeling hurt,0
1283,afaik little sad croccos longer available salsa wed nights. bummer ienjoyed going wed nights.,0
1284,@sexysapphire thanks love,1
1285,@nairtseuqe son one that s really nice know. really good three. dh late today,1
1286,@bigheadasian ahhh...can t one....will la vega weekend noctweetup,0
1287,@werewolfseth think niece got sickee lame.,1
1288,@livecrunch haha thanks,1
1289,today lonley girl guitar,0
1290,@algibbs thanks that learned something new today enjoy.,1
1291,woke up annnnd realised missed un uber sunny day...score,1
1292,day hour work really like job fabulous b,1
1293,@beeank haha awesome always use eat,1
1294,@bloodyironist sucks. woot misha.,0
1295,always sucker sound acoustic guitar,1
1296,weekend great....if work them.,1
1297,parent sold car.,0
1298,@moggy internet last night er brill massive explosion end nearby gas work er standby,0
1299,@iampritty oh outside glad see melt,1
1300,going funeral today friend classmate died car wreck last friday,0
1301,quite sure ace cake are. gosh tired. loved bride wars. fun night.,1
1302,@noxhanti lol gt mention it pleasure,1
1303,sucky day far hope get better,0
1304,@freyalynn dude fail. know exactly place,0
1305,pondering lunch shane s. think. already hear people whining it...,1
1306,st period. hate class. can t wait home b happiest person world wen home,0
1307,gosh miss singer s theater. miss learning music acting exercise n especially miss onstage.,0
1308,@hilarykennedy would share mine. hair,0
1309,morning all. water heating s packed up can t bath. really want bath,0
1310,shakti s celebrating th birthday today,1
1311,god miss bf fuckin much month snï¿½ff,0
1312,goodnight twitterland hope weekend going great,1
1313,http tinyurl.com nqudrt hurt finger work,0
1314,nanay cried reading card gave her. hugged next thing knew cry too haha cry babies. love her.,0
1315,@mr trick good next month going awesome.,1
1316,@shaundiviney didnt get msg bought princess,0
1317,coach say come along way faster alot people oh yeah who man. ohh sore,1
1318,@eminem can t wait that recently bought metallia guitar hero cant play coz sony tv went kaput,0
1319,@thestevieos yes herrrrr. dude gonna fucking cry.,0
1320,@drakkardnoir concert hope @songzyuuup make guest appearance,1
1321,lunch forrest ... baron. fpu dead,0
1322,orgasmic sandwich,1
1323,@sheistheemily pq vc nï¿½o pediu amor,0
1324,darren linkedin yes say twitter friend never idk people http in darrenmonroe,1
1325,@beateveronica jealous would love deer steak. one downside almost vegetarian carnivore living together,0
1326,@thesupergirl extremely excited day behind,1
1327,yes,1
1328,@clintonsparks told u tried said late cause girl took ever get ready. wanted meet .,0
1329,@sellputs agreed take little find way stocktwits did cant imagine working w o,1
1330,massive headache going see terminator tonight,1
1331,drop girl got heart sure leave broke bleeding know turn back you. lo ...,0
1332,@theunclean thanks. busy fuck good book.,1
1333,always thinking look good place appericiate everyone support every site joined,1
1334,@philiphotchkiss sorry see twitter user named @tomclain,0
1335,rope witdrawal full effect one tie teaching demo one play with. worst one play with,0
1336,change practice pool someone threw normal pool,0
1337,bit dump today awful day maybe good time write song y,0
1338,@sortingtrolley sorry missed post earlier edinburgh. biased towards awesomeness glad enjoyed visit,1
1339,shopping grandparent dinner bf woop,1
1340,usually creative mother s day lately feeling creative. o.k.. good night. uh morning...,0
1341,@lucysiebens think disgusting,0
1342,@kelcouch sorry least friday,0
1343,@sookiebontemps ooc thanks ugh...what bad bad day had. damn @twitter.,0
1344,either inerne fucked mind pretty sure internet,1
1345,@lifeasiceyit yessum. see year goes... maybe head back oct rate go down. wanted go bday,0
1346,wish eating lunch w @laddiecatherine @ophieracine,0
1347,drinking. yay,1
1348,@josemarques feel like reboot osx supported hibernate amp reboot bootcamp... .,1
1349,back sweden great hot sunshine. walking around looking red back writing again,1
1350,@citycynic sound good me cleaning cynic orders. haha. good night. talk tomorrow.,1
1351,room empty,0
1352,hard keep everything there s whole coldplaying twitter facebook talk real life... impossible.,0
1353,video finally done wooooooooooooooooooooooooooooooooooooooooooooooooooooooooooooooooooooooooooooooooooooooooooooooooooooooooooooo,1
1354,love job. getting real sleep. icing birthday cake morning,1
1355,amazinq qirls niqht out. quess always qreat excuse wear tiny dress amp heel,1
1356,@jamesscholes yes. copyright exemption apparently trying ensure rest world have. sccr,1
1357,soon new job start happy,1
1358,@ayebloodyright mean moz. workin baker later pub,0
1359,@peapodann second hit reply tweet asked stop playing music. sad. someone sing me. key work,0
1360,@davidtreynolds but. want steak,0
1361,lmao...ummmm nothing...,1
1362,past am already spoiled rotton,0
1363,@living autism bright side twitter morning,1
1364,@mary r robert look forward seeing sharing,1
1365,@leeprovoost thanks tip company laptop aiming another solution actually....,1
1366,@redbaff popcorn fruitcake now...but chocolate,0
1367,@cldoug jana laughed told anniversary tweet.,1
1368,@rainstopper lok ef too jummy,1
1369,seattle washington....im sooooo hungry amp i miss alaska,0
1370,@uhandbag enjoyed peg bag adapted design tote bag bit cuter normally,1
1371,@rubyrose must love sydney dont leave u sydney kid xx,1
1372,fever dont feel work,0
1373,@julezykins must kidding. boy definately i hope anyway o o girl probably honest must proper ugly no one like,0
1374,@greegreece thanks gifford lecture page,1
1375,hate watchn thing make sad n wana cry,0
1376,@jasonhoun haha course that s favorite album time,1
1377,want new lappytop now site say till,0
1378,went see priscilla ahn last night amazin band actually,1
1379,can t wait make call tomorrow. gotta keep moving forward,1
1380,@doc the bigman hey ive never caught enyone live before,1
1381,@jules know...i would too. yes cant wait bb love it heard theyre showing hr live streaming year though,1
1382,tweetie v helpfully shrink longer tweet. brilliant.,1
1383,@helencrozier yes fun connect her pls tell hello can t find twitter.,1
1384,@mishxmonster haha girl give beer lol xd,1
1385,heeey ice hockey....we winner,1
1386,@costavidafred awwwwww sorry going miss you,0
1387,im cold still cant find hoodie,0
1388,ok peep good morning going bed @clickedapps hit later,1
1389,get boy doc. persistent cough good. http plurk.com p xt,0
1390,@lucykd lmao im joking mate,1
1391,@ssisch hmmm... sisch amp sound design. say soon mean week,0
1392,@chageaus fiscally responsible fiscally rated,0
1393,@yikes would great vip act enjoy seeing noooo.,1
1394,@zobi haha yes hard work too get home am like sleep haha.,0
1395,@hellenbach sound like best sort work then jenni seems lovely so nice hear meeting in flesh too,1
1396,weather nice many hot guy town felt like kid candy store. except candy straight,1
1397,@lil maggie okay miss @tanyadenalilove im sad didnt text todayh,0
1398,new @shackletonmusic single bought awesome well done boy,1
1399,@simonprobert yep supposed last weekend. filthy weather,0
1400,@usouljah ohh emmm geee. souvlaki dimitris...i wanna go homeeee lol,0
1401,hate working night co really able enjoy gorgeous weather asleep,0
1402,hate getting put steroids. face,0
1403,@the wockeez @donniewahlberg wanna miss shows...you guy kick it sad say...my plane shop...,0
1404,awww lil girl bgt said didnt time soo sad huggin,0
1405,got really sick today text later. nap time,0
1406,happy mother day mommy exspecially mine love mommy,1
1407,@johncmayer widewale courduroy ll get ya everytime,1
1408,feel like throwing up,1
1409,best day ever missed him. tomorrow,0
1410,oh great radio disney crash latest webkit kid run again. hey wait.,1
1411,@joooo no geek mind think alike.,0
1412,today lost,1
1413,@ohcherub yeah know mwan.,0
1414,@quimo haha mon...do really want send it,1
1415,@girlsmadethis want kind designer suggestion darl all. men womens anything formal street alternate. whatever,1
1416,ugh poor beautiful girl. went new tire inspection sticker. there s repair still tires.,0
1417,decorated mom room asleep mother day wake banner balloon woo,1
1418,back killing me. stupid softball,0
1419,drunkfda twittering lone favorite hobby lt drunk professionnnnn,1
1420,happy birthday tooo meeee... happy birthday tooo meeee...,1
1421,@annadifilippo fun without pasty lt,1
1422,miss daddy,0
1423,feel like last night dream... well guess say nightmare.,0
1424,sad show mcfly nesse exato momento e eu aqui...,0
1425,@sweethomebirth link working,0
1426,lappy charger completely dead... conserving what s left battery afford buy new one,0
1427,praying pressure brain subside brain seizure stop amp tumor go dan comfortable still niggling cough,0
1428,@flattycharn know imux referring me... who ah but... miss,1
1429,especially hard get bed morn cuz hot running late stuck front mirror checking,0
1430,@framianne aww heee. nicely done weekend guest approves lot,1
1431,either always train work,0
1432,@atbandre nice wedding ring shiny,1
1433,stick stone may break bones...but word hurt forever.,0
1434,watching supernatural exciting.,1
1435,@mydaughters well sound delicious laying patio tom sans pool enjoy burger,1
1436,got home nice party tired yet,1
1437,get bitten rabies infested person last night yay me gonna scare rachel quarantine tonight shall fun,1
1438,oh really tired migraine endometriosis amp fibromyalgia amp migraine amp sleep probs compoundin ea since surgery,0
1439,hurray quot summer time quot start today meaning work pm instead .. august yay,1
1440,watching missing piece coz theme song lost without,0
1441,loving sun today even thought revising. good day though kates afty shit day bless x,1
1442,work tired want go bed,0
1443,@glorianatheband hey guy saw st. louis loved you.. would ever play ct met outside u nice,1
1444,@hatcherdogg would love plan,0
1445,chillin.. uploadinng video took [myspace]. showw awesomme,1
1446,anyone still play n anymore super nintendo day best haha. many flashback,1
1447,know watch holly again break heart,0
1448,arrested development. sad.,0
1449,sorry. think . hr till day off,0
1450,apparently meant take dance lesson,0
1451,can t spell melo without e o... lt favorite blogging site.,1
1452,@akavirtualpa everything nothing hmmmmmmm,0
1453,@angryfaggot whered end going stayed amp watched snl one funnier show theyve done season.,1
1454,sold bike faster expected running sizes. luckily single speed ocean now eta eo june.,1
1455,@faeriegal yep finished chocked full spelling grammatical error cleaning tomorrow popping hehe,1
1456,work tom.,0
1457,done geology really missing favorite sister especially can t go banquet tonight,0
1458,@king reeeally wish could n while.what s goin lately,0
1459,@sophiechadwick didnt couldnt get liverpool today day you,0
1460,@hadoukenuk http twitpic.com hsd weheyyyy give thanks midi keyboard,1
1461,@dirtlawyer re swa amp pet good news owner bad news people w allergy needed fly less . sad many know.,0
1462,@jerricklim lol yes took awhile get accustomed it. back apple v a x c btw apple amp still home end.,1
1463,@easytouch let go home,1
1464,soooo sleepy home yet,0
1465,love time starbucks,1
1466,@sambennington welcome twitter really cool here greeting vienna austria,1
1467,monday bad sunny fb,1
1468,looking new idea blog,1
1469,im slowly losing follower one one.,0
1470,@sallyorourke mean portfolio sad luck here. applied place far.,0
1471,@dontletgo home im lonely here...,0
1472,mood. way much fun. lol.. love dance techno lt ... life.love.stress amp amp . set back lt gnite,1
1473,letting anyone get tired taking people s pain time happy person without drama... om.....,1
1474,homework going bed leave tomorrow morning work wont till,1
1475,twitter eat dm s happy,0
1476,working working working many hour spent worth letï¿½s make red irlanda big,0
1477,aww thats wikid need book myne sooon miss lovely im ned brekkie.. speak soon dudde xxx,0
1478,@saikatblogger wow effect thanks update.,0
1479,@smartie that s good day,0
1480,dad quot no trip lahore you. quot me quot i live dc amp nyc also big targets. quot bummer pizza hut chicken tikka pizza,0
1481,know mom gave clean macbook white now. tinted grayish blue black desk.,1
1482,really really getting excited,1
1483,sourish limb preventing gg friday. happy. am v long time...even fri,0
1484,much fun haley super cute beach love it million pic come course.,1
1485,fun water park dinner rainforest cafe all free party tonight pretty good saturday think.,1
1486,@abbyro good good sched sadly,0
1487,anyone know watch prison break tv movie itunes,0
1488,@ilsedelange elephant lol try painting back,1
1489,cake sister s birthday,1
1490,@littleisis time coming here want spend day mom,0
1491,@melaniericheson used nkotb sleeping bag too know,0
1492,effing tired http bit.ly ezfz,0
1493,heathrow connect ï¿½. i thought bargain express but terminated hayes harlington take bus,0
1494,@pourmecoffee th grade spelling bee. went trailing flame st word county spelling bee http post.ly geb,1
1495,hi ho work go,0
1496,@purelynarcotic ohh.. twpp falling silent.. waiting track ur u version.. next time maybe.. btw sunny california sound good,1
1497,miss concert tuesday already. really like time machine go see again... fun...,1
1498,add let play something.,1
1499,@karlixpaz hmm... miracle using twitter fun... so... tweet,1
1500,@hazelangeli @vtrn bad vo got sick think amp even med feel like you.,0
1501,@denisev biligual sweatshop lol talk much got r,1
1502,@themikekelly sorry mike assuming music missing..i know then.. mystery..,0
1503,@loryanyumul miss gonna irvine again liz reminiscing adventures.,0
1504,dane cook sport arena tonight. wish ticket,0
1505,pain earlier gym session necessary evil much beer past year,0
1506,@joannaangel im strict diet. . . ugh feel like cheat one day ill throw everything up.,0
1507,@pattidigh proud you seriously thinking joining next year. got get training,1
1508,@mikeyallstars like mind evening dear,1
1509,@thecraftykitten like cheesecake brownie miss cheesecake brownies... walmart closest l.a. to me em,0
1510,whoooooo spcn ready cheer @dariane,1
1511,hate sick. make soup,0
1512,@thequietone went well. andrea,1
1513,@bitchface well im hving another one today yey,1
1514,@thehebrican trade weather gloomy today la.,0
1515,@heyrbk ohh shardup hehe. he hot lah gotta admeeet bleh.,1
1516,@rasga yep http bit.ly yyid go christmas treat,1
1517,@adambien good luck. waiting online can t javaone year,0
1518,surrounded negativity good thing fly guy give hope something better thank u jesus,0
1519,happy mother day mom there,1
1520,@imjustcreative f kin great day graham,1
1521,@johnlegend thats charmingly funny,1
1522,@bohemyth interested. however low carbs next month mean beer,0
1523,going get strawberry champagne tonight,1
1524,@lizziechristine thank much miss toooo,1
1525,can t wait see marco later feeling best,0
1526,jonaswebcast missed it,0
1527,last day off... back work tomorrow,0
1528,learning guitar quickly. coming naturally,1
1529,dinner @ rainforest cafe laura.,1
1530,joining facebeek. loser friend amy you,0
1531,happy star war day,1
1532,@taylorswift woah that s cool landed london and hour ago.i love scenery beautiful,1
1533,wanna go,0
1534,gone miss kay way already,0
1535,loving weather weekend shame back work tomorrow,0
1536,@sak pase guess u like den.. hair cut short.. lol,1
1537,icecream truck never come house,0
1538,@naontiotami no missed,0
1539,@vagabonddandy bad.,0
1540,@cbobcreson @silatjunkie so @kfrieze pointed able involved convo lack iphone,0
1541,bbq s gone well weather stayed good right bonus. bed training morning work,1
1542,@edit cont...and go waste one like stale sweets. reminds cute song called stale cupcake lol,1
1543,@kevinpollak forgive missed you,0
1544,@jonathanrknight actually wish back tahoe. miss there.,0
1545,oh god .. sad day ..,0
1546,@smartiej sound lovely hope great day,1
1547,heading xtra vision get part season csi miami baby,1
1548,@arikhanson shoot voted somehow looked ... boo hiss. forgive great weekend arik.,0
1549,@summerkristine want go walking me still miss satan,0
1550,computer dy soon much virus virus scanner cant find s,0
1551,chillin christina diana,1
1552,@melroze kno im sad evry leavin horrible im supposed b happy summer cant ima miss evry,0
1553,ha got another followfriday. take @mage oh... listed too... thanks lot @lowjacker ya jerk.,0
1554,@darynjones youtube account down.,0
1555,@sooj lol know ya mean. watching everyone else act fool much better remembering acting fool,1
1556,@gimboland sorry change plan revision monday exam park one friend,0
1557,@retrorewind awwww cried...makes cry love joey,0
1558,@talkdonboy lol well qlad u enjoyed yur ramen noodles.. fried chicken ..im tired,1
1559,@dubarrymcfly really anyone got final yet yeah stuck class loveyoufletch xxxx,0
1560,ugh talk someone really bored.,0
1561,concert tonight chackin coming tomorrow,0
1562,photo session mother daughter bonding session happy,1
1563,saturday partytiiime,1
1564,@raenewman called me get that. nest time sure. maybe come la soon. hella wana go disneyland.,1
1565,lost respect someone.,0
1566,ok shower calling name hour think indulge amp respond allow robin thicke serenade,1
1567,california sunny... make kinda sad,0
1568,lost phone.,0
1569,happy mama s day lady good day.,1
1570,gonna miss nanna amp bampa going lake disdrict omg got disney channel. miss baby matt love x mitchel,0
1571,@greenpolkadot u go profile ill help u cause ur right next me,1
1572,ahh saved mowing lawn rain plenty time go kayaking. blessed rain god,1
1573,@grossnoises miss yoooouuuu,0
1574,@cagneyartist sorry response assistant job already filled. please check back soon. sure last long.,0
1575,shoe taken slipper put foot,0
1576,painted nail metallic blue iï¿½m really sure look itï¿½s pretty weird color think itï¿½s cool,1
1577,@amymonzon booooo senior yearbook suck thanks memory bh,0
1578,@brabakr ...thank mr. president ....,0
1579,wish nicky home,1
1580,@ginjam adventure say least. nicer part norf london stick south today,1
1581,ducked off back ga tomorrow.,0
1582,@siggidori sorry creating new comedy style quot bad joking quot,0
1583,..my mother city terrell texas district city council seat ..i m m.i.a lol happy mother day,1
1584,@isaacn thanks funny cause true,1
1585,star son hard review. grab instantly morning delay review nd listening tomorrow,0
1586,almost ready leave house head wthr,1
1587,super excited,1
1588,@sosolidk turtle shoe make awesome couple shoe could talk back turtle p lol,1
1589,morning workout sesh. love life.,1
1590,full moon lovely friend family b day wish came true lt addition gray matter one cutest movie ever,0
1591,missed math trade,0
1592,@xoshayzers knoww thing samee lt,0
1593,dish train newcastle. leave nontweetinggirlfriend behind week always bit sad,0
1594,finally school day ended friday friday friday wt raining outside.,0
1595,@discostarchild hahaha n u,1
1596,@zachflauaus note self never ever leave macbook pro stupid icurve. fell off.,0
1597,liam peed potty,1
1598,good nite everybody lt baby boy gt,1
1599,good morning world. hope everyone ok,1
1600,@guilty awww. that s him. nice attempt hiding camera,0
1601,stupid net think mum broke it. again.,0
1602,good news time incredibly hard decision.,0
1603,@shutupandspinx yay lol. know felt gone.,0
1604,@jennwadsworth sad school close.,0
1605,@maliamorgan thanks following,1
1606,@everraven figured bouncing,1
1607,dinner yummy all... still super tired thing went enroll college.,0
1608,@misterperturbed ordered replacement palm centro cuz phone got kill t wanted palm pre cant afford data plan,0
1609,@mixxxonn watched today show didnt see though,0
1610,@tonibrockliss fyi connie carla totally awesome preview make seem sorry one.,1
1611,calling room mate,1
1612,@omarjdavis lolol...i trying morning sadly couldnt,0
1613,home sick,0
1614,@nancyleegrahn grade can t daughter grade math...soo sad,0
1615,@c j stuart unfortunately yet still without licence.,0
1616,@jeffsgrippen yeah great always something interesting going,1
1617,waiting table exhausting foot sore. note self never become waitress. also kudos george awesome tri tip,0
1618,getting ready first quot real quot day work five months...words encouragement welcome,1
1619,senior video mustang update. gonna cry,0
1620,@kat yeah done work weekend sooooo bummed,0
1621,@grentone specific question let know. always good writing stuff. well fun,1
1622,head cold,0
1623,sisser moving tomorrow make sad actually guess technically couple hour since already friday.,0
1624,@iamkhayyam haha came home long night out saw tweetie khayyam wakil. usually announce shit lol,1
1625,canï¿½t stop loosing. worst month result ever... bubble two time row.,0
1626,@kelauli sad right now.,0
1627,@kevinrbutters excellent chiang mai definitely possible next vacation stop thanks info.,1
1628,shit s depressing,0
1629,succesfully following tayla,1
1630,red win great end great day,1
1631,@iveland know really hurt arm. guess booze me.. ask @hpeikemo @erlandwienke believe me,0
1632,cant find key,0
1633,happy christmas wait... happy m...........easels day. seriously.... happy mother day... lmao,1
1634,@lizridley no better people know @autumnrose going chiodos tonight right kill something me.,0
1635,@chachada yeah im following you hun goodnight,1
1636,@miafreedman looked gorgeous last night hope heap fun.,1
1637,@divarina dont evn talk more. huge mistake. shoulda listened her. kno disappointed me.,0
1638,hey good morning guy,1
1639,@jeremyrylan mobile web let look awesome though....and one read tweet anyway.,0
1640,@rosaliejhale fine trying figure meaning behind song cant think anything. urlm.in cnmt,0
1641,last day work. taking shared googledocs... actually kinda getting,0
1642,@vzzzbx glad sad me my iphone badoptus,0
1643,wont taking test,0
1644,@askegg sorry andrew. wish something could do...,0
1645,@westendactress haha miine,1
1646,start least favourite chore.... mopping floor,0
1647,yay me good com final needa step next semester forsure tho. distractions.,1
1648,amp kelly share last name wouldnt sweet related @theellenshow,1
1649,@amazondotjon http twitpic.com jcd whoaaaaaaaaaaa ryan see smile,1
1650,nice hair nowhere go,1
1651,@vengeancechrist hey girl sent ya message myspace,1
1652,@jocelynseip thank like please leave comment subscribe chicago another great musical. thanks support.,1
1653,@lee bandoni ok see da climbing,1
1654,working listening music testing new singer guitarist tonight let s hope best,1
1655,effort time put relationship people learn enough trust anyone...,0
1656,good morning everyone great monday thanks following,1
1657,@kathibelle im sure today maybe tomorrow..,1
1658,wish outside thats thing thats gonna kill work day everyday summer.,0
1659,@clairezee fo sho im,1
1660,need restful weekend work instead,0
1661,@pcdnicole sad u cancelled silverstone show better see u sandown park,0
1662,@swedish em ok guess. talking biiip right now or..on sms. haha well you,1
1663,woo hoo. sun outside might able get sunset shot tonight... finger crossed,1
1664,@ stephhh awww heard sweetest guy fans.,1
1665,going ride perfect night go chill,1
1666,guess gonna try nap thing day since kid cooperated yet week sure day different,0
1667,happiness come within...so fact gray rainy monday bother me. well much.,0
1668,computer slooowww morning. think sign go home play yard.,0
1669,@mileycyrus ahhhh voting closed category would voted though tried.,0
1670,@assos eh alright nowhere near quality standard keyboard still useful,1
1671,thanks carry craziness again,1
1672,first time week see clear blue sky,0
1673,woolsery morning hopefully see north molton u clinch north devon league title. lovely day,1
1674,besides feeling sick...some thing made feel particularly happy,0
1675,@claireyjonesy lmao want reply booooo @tommcfly reply one u lmfaoooo,0
1676,@dredpiraterob poor thing. come watch tv house lol,0
1677,@griffreviews lol yea know almost done semester week yay,1
1678,http twitpic.com jaw frog who s attacking chelsey..lol funny,1
1679,secondary school cooking lesson came good use today. made shepherd s pie mama.,1
1680,missing morning work cause bench press back jakarta goodluck diga test easy peasy hehehe,1
1681,waking vega goooooooooooooooooooooooood,1
1682,finally going bed everybody.. whatever doing blessed,1
1683,@work thanks dear neighboor also gave coffee needed it. best,1
1684,@tenuousness aoh one best bands. played frosh stoked. work tonight else totally there,1
1685,last day senior bye bff,0
1686,best purchase today yard sale large dog crate refrigerator office buy anything old,1
1687,back li hour ago n still made work yay,1
1688,@adam carter good film,1
1689,@danielfielding yeah. totally sucks. hate able breathe thanks ff,0
1690,finished exams.... almost moved hall leaving london tomorrow,0
1691,@saralds thanks that sara,1
1692,@birdsandbones meeee too. listening sad music missing you. p http,0
1693,going back bed nap im starving tty l,1
1694,downside getting tdl day early time read til next week anyway still hurrah clutch close,0
1695,played like game dota hahaha. wanna go home,0
1696,silly right,1
1697,@ayesham bored class. wanna go home.,0
1698,hoedown throwdown say is... getting there,1
1699,whuuurrrrr gland really swollen now. guess weekend s blow out.,0
1700,playing puppy,1
1701,pretty happy thing changed past months...definitely best,1
1702,@jt nigerianboi thanks jt also enjoyed will. r u following me ill follow u back,1
1703,happy mother s day,1
1704,@timz twitz lol...hiiii yourself. maybe lay patron bottle water,1
1705,@shaaqt @primaveron mast ladki patata hai chal jiske sath bhi jaye khush rehna...will miss u love... twpp,0
1706,@karlaam blouse ahahaha gave money went get it where s mom,1
1707,aww @danbharris getting married congrats new wife miss wn weekend people,0
1708,watched coraline last night. really good. animation excellent creativity inspirational.,1
1709,fight club th anniversary re enacting. nice tattoo http img.suicidegirls.com medium album .jpg,1
1710,[wrong ] liesboystell one love they really several woman http tinyurl.com nlpct,0
1711,whopee tgif fun job,0
1712,celebrating engaged year handsome @aaronmbaer,1
1713,@marianuum ntah really wanna,0
1714,@grahamguy coffee,1
1715,beer pong am jess,1
1716,nina s high hanging ninah taylor day theyre awesome getting go home tomorrow see mom nina s low nada,1
1717,http twitpic.com rw miss puppy,0
1718,mad glee premiere till fall,0
1719,@stoya limited web access thought europe lot quot connected quot were. regardless fun never europe,0
1720,man fucked test playing cod . day till summer,0
1721,person online msn. feel lonely,0
1722,http twitpic.com jjj birthday breakfast yummm chai amp apple fritter,1
1723,eating flake storm hungry jacks. american call it burger king,1
1724,@souravghosh dream give rise reality. said walk dream fly dream believe achieve,1
1725,@julnas might end like poor bus driver... and kinda weird wish today o,0
1726,day away evicted,0
1727,think ever early sunday while. meanwhile bigweekend awaits,1
1728,art show dee s place woohoooo.,1
1729,gonna beautiful day,1
1730,happy star war day everyone,1
1731,home stretch now friday night piss drunk finished exam,1
1732,yaayy cannot wait today girl gotta get dressed early going early,1
1733,could message cheer @robynlouise @leahstakes @misskeribaby @jewlear @celenko @sarahbeeny @beverleyknight,0
1734,missing best friend commme back kayla going little,0
1735,@jaackyx ha fine positive amp aha know huh. wht long conversation. remeber allyson even lnger one x],1
1736,@dreamobscene know feel lovely relaxing weekend,1
1737,@ksidney wolverine great must see,1
1738,can t work twitter phone bed thinking funny stuff last night l good time,1
1739,great time six flag yesterday.. summer friend spent night last night left bored..,1
1740,@david henrie wat u mean killed yes im sure lady gaga awsome,0
1741,@chokewho nah rolled jason manly talented bjj ace maul way... jake looking great can t wait fight.,1
1742,made pin hole camera todaaaaay. need get film now http tinyurl.com cwwp,1
1743,@whitneyeve love new hairdo haha live ny too yeah really hott,1
1744,@boomkatt want bittersweet lol,0
1745,@rhettroberts haha best thing office birthday hey,1
1746,th street amazing weekend wedding fantastic.. im really really tired work long eventful weekend,1
1747,work go to.,0
1748,watching final episode boy flower,0
1749,slowly reallizing burn got work hour ago really suck,0
1750,@cocktailchic oh f ck completely forgot thirsty thursday oh. my. gaga. suck,0
1751,@spootychild omfg downing tasty. ate almost lo,1
1752,@naizhao picture tell u surrounded adorable child hehe,1
1753,argue byron said im fat,0
1754,oh no read going remake girl wanna fun stop hollywood just stop,0
1755,hi guy da usael notmuch really lt sad,0
1756,eating cooky sitting around week now. thanks andrea dear,1
1757,g night world. vacation end day.,0
1758,hate bff groundedd boooooooooo,0
1759,share miss niece nephew. http tinyurl.com mrgqdc http plurk.com p xap,0
1760,@aub dang too hour drive bad daughter st bday party hosted donnie,1
1761,@pink wow now....your really kickin carey s butt competition see soon,0
1762,@thriftymommy enjoyed seeing everyone presented saturday clark howard event especially pre clark speaker,1
1763,bwarg. can t sleep tired drawing.,0
1764,@tapulous where s uk love,0
1765,sketchy moment mtn friend moved trail sat end road talking silly,1
1766,went muslim marriage first time life. came back stomach full tasty briyani. really like much.,1
1767,happy birthday @andrewgirdwood,1
1768,put dog tomorrow.,0
1769,really stop relying family say going get lunch,0
1770,mall worked turned depressing place,0
1771,cross cause stuck twiddling thumb now ugh,0
1772,@david n wilson c mon like superpower explanation better lol,1
1773,@eddieishere walk street london town....no field,0
1774,might go back much earlier expected. bye bye bay area,0
1775,@cloverandbee yea way go super excited great midwest resource midwest pride,1
1776,@philispig competition around corner take slow least week. twisted ankle back jc awfully painful.,0
1777,best job world amp yes australia http tinyurl.com clxll,1
1778,im sick youre sick. imy,0
1779,@trentskers pfftt... wish. time though.,0
1780,http yfrog.com guyoj bonfire fave,1
1781,@sanda ummm.. sure miss ya ll alot too. think know meant.,0
1782,@cchiron well a see blah blah blahing much...yep. forgot. sorry but...i m here,0
1783,@leighannirvine thanks hun wearing new goldmine e s big false lash show,1
1784,@petewentz im jealous. want octo drive,0
1785,@lolzyluvsjb neither could i looked ebay like euro two doubt parent would fork amount,0
1786,@lennykravitz hey lenny waiting bulgaria soon concert last year was... omg,1
1787,excited mother day big year amp olivia finally old enough excited amp understand,1
1788,dont feel well got dentist appointment later.,0
1789,mower shopping,0
1790,@risquethaianna cant go swimmin,0
1791,lol good time journalism back room...everyone else think weird,1
1792,marley saddest movie ever never cry movie movie mad cry,0
1793,headache right suck,0
1794,@jaceypants well piss that. can t get site @ work come thru phone.,0
1795,hate continually getting sick whenever exam,0
1796,@davidarchie hey david wondering received letter song it malaysia please reply nice day,1
1797,aw zach feeling well hope get better. babysitting canceled.,0
1798,decided go uni today http plurk.com p suyr,1
1799,there s nothing right tired want sleep. cleaned pretty good proud. least good janitor,0
1800,happy mothersday mother ...and mine love youuuuuu,1
1801,@writeinink sure talk....the fabulous sex part though sorry dear,0
1802,@mrskutcher sorry demi read post attend bgt. im sure support sb helped tho world without pap plzz,0
1803,@cassowaryjewel excellent point.,1
1804,@thelonely aww sweet,1
1805,@iamfakeblood see u next saturday mr @atrak,1
1806,@yuki hime played latter part voodoo village part co op lost usual partner,0
1807,@maidmirawyn supposed go tomorrow tooooo use gas ticket money pay car inspection fee.,0
1808,@novawildstar nothing sort nevertheless shall go share magnificence wider world,1
1809,@cameronmarion one even liked answer life last night pshh,0
1810,@roxiedax ten hour ago sleeping sorry.,0
1811,happy sammy going morrow unfortunatly gone able go club performing @,0
1812,@aboutlittlerock wow. @mhenslee constantly ranting love genghis grill too. never there colorado.,1
1813,glad got cleared up. lah you idk linda hate though..,0
1814,@ferretprincess hey miss jane you go film hope good family,1
1815,art coffee cake,1
1816,@flisstee oh fabulous ta. coffee too obviously although cup large enough embrace deficiency.,1
1817,@jonasbrothers saw webc. awesome loved song im sad cuz couldnt wake early started am,0
1818,luck goin forum.. im person earth goin,0
1819,well im gonna go shower now. gotta get rdy movie couple hour byeee esther lt p.s.s miss u katherine,1
1820,drink amp amp din w amy lori,1
1821,@larainefan especially pink one lol beautiful creature are,1
1822,@goodlaura wave make ok again,1
1823,@btv suprnatural ok thanx much u send answer private mail u like would sooo cool wish birmingham,0
1824,plus.. janessa hurt feeling,0
1825,officially miss quark. huhuhu heart hand partner one dance tonight come home so... http plurk.com p xkz,0
1826,still up thank praying ahahaha watching britney record school. today good day,1
1827,@indiepixie omg roach room first time ever apartment today. hope patricia luck next,1
1828,say quot oh man.. quot jovani asks quot did call old man quot haha,1
1829,myweakness loving ...i always let negative people life,0
1830,way home...then sleep seeing amber pacific tomorow besties,1
1831,feel home back church,1
1832,gu formally known world s ugliest dog died miss you gu http bit.ly exjcn,0
1833,hey guy back work.. kinda horrible,0
1834,@vardenrhode many thanks mate,1
1835,want see bud mel miss hur load,0
1836,@tommcfly happy juddday tom,1
1837,travel blog running http charlenedianetravels.blogspot.com can t wait start filling entry,1
1838,@introversimondu sound good. yeah turn tomorrow definitely partying.,1
1839,put brat bed im chillin noodle,1
1840,jenny gorgeous pffff love style want outfit,0
1841,enjoying happiness special day. another day make best one life,0
1842,rsvp ed qiuqiu s wedding invitation,1
1843,went mikey s cousin s wedding. mom caught bouquet.,1
1844,watching sex amp city brother soccer game. totally defited purpose coming.. hehe,1
1845,@ficklampa hehe option advertising world mess might future time yes. lï¿½get dï¿½g,0
1846,ah shit ... chest hurt,0
1847,...no adventure time,0
1848,spent last hour signing yearbooks. miss guy,0
1849,clear intellectually severing relationship best yet heart seems b complete disagreement. hurt much,0
1850,@nigs ah months. sure advanced biased seem grow faster day sound old,0
1851,@zacofficial twitter phone sad,0
1852,got rocks. found car got birdied evening.,0
1853,comin back mall didnt get anything cause money stuff tuesday pay day ilu joshy,0
1854,@frostedfroslass bahaha.... tax folder phone book double meaning,1
1855,another day jury duty.,0
1856,embossers expensive get one cheap trying save . papersource order go tonight. sry bank account,0
1857,whatever. give up phone die anyway. next time,0
1858,mediatemple mt awful ftp service,0
1859,good morning everyone hope great day even though monday keep smiling,1
1860,@godiegogo well atm anyway managing co musical talent p horrible thing say bout rove,0
1861,http twitpic.com jdtx springtime nice,1
1862,think working eye drooping weird drug dont like ... cant wait tomorrow though,0
1863,@gcrush thank you guy awesome thing blog tonight grateful,1
1864,hmmm. using tinytwitter small non touch screen really much fun,0
1865,@rebekah mcfly cool nice bless her ] ya upto love l xoxox,1
1866,@mbulatao oh no hope baad tell mya hope get better soon,0
1867,listing old jb music.... going bck amp lt miss tht,0
1868,ha give kristen plenty free hug sigh could,0
1869,@andreashale yeah,1
1870,@sarahteaa good girl sarah. got club,1
1871,omg trying fix pic working ugh also mom wont let sleep sanzz bad day,0
1872,birthday girl house tweet tweet suckas,1
1873,nothing like yoga clear mind make realize crappy thing really,0
1874,winding down love low key day.,1
1875,going engagement party tommorrow night mine not stepping soapbox.,0
1876,@zipvojames well......minus related greg...lol.....just kidding,1
1877,shhhweeeet jay z bros back prom,1
1878,@lollipop really good interview read really enjoyed x,1
1879,eating one big subway cooky glass warm milk. yum,1
1880,may human kindness day.,1
1881,@mizfitonline @lance morning happy mother s day miz thank lance,1
1882,finished essay. dinner went well brother acted like kid spoon fight fought woould sit sister lap,1
1883,enjoying sun heavy heart depeche weekend spending time man love double gutted,0
1884,@chierinagase mm film usually handled fuji oh met girl san diego. kwento soon. miss youuu,1
1885,tribal cafe. watermelon slush. natalie singing. ashley quot s birthday. love around,1
1886,supernatural back tonight,1
1887,massive headache,0
1888,got back sing loud concert fuckin amazing,0
1889,westend now enjoying sun.,1
1890,@missdaisymusic ben got twitter good work,1
1891,got ill tomorrow iï¿½ve got birthday...,0
1892,found mad men season delayed august.,0
1893,@nothinbutsin sorry hear that.,0
1894,@brookedanielle upset becasue like year loved .. happens imm really uset x,0
1895,found baby cousin gonna dad least married already. everybody getting married kid,1
1896,@jamie poor baby need aloe. nope sorry hint,0
1897,hmmm realized....i bday cake birthday...boo hoo,0
1898,sydney toyota landcruiser new ad received posted hcc site soon,1
1899,went cd store search cd.,0
1900,@japumpy need botox work lip going change name angelina jolie thought sad though racism,0
1901,watching killer jr. awesome. late though. cut programme mid song. twas favourite too.,0
1902,@sirreigns that s like hear unfollow u little people twitter make big u,1
1903,@andph hope enjoyed holiday,1
1904,@rvds dammit wanted ask someone might shooting cant remember name,0
1905,feel bad nice people though whover said line,0
1906,@wildflowersweet lol... hell yeah,1
1907,@jesusfreak probably. suck you.,0
1908,got vast show amp kicked as mindblowing live cd. sang fave songs. im n awe,1
1909,googledocs folder instead label like gmail kind like label,1
1910,wolverine much fun gambit bit disappointing. neither smooth cajun enough taste. pretty though,1
1911,attempting count day till return canada...theres alot,0
1912,thank advice work im work.,1
1913,@rcc that s funny...well say bye b c really delirious...lol... worked hr think...crazy...anyhoo bye lady,1
1914,@michellezen knew that jus givin u hard time hehe,1
1915,@intellicad perfect thank you. lt lt,1
1916,slept eye open again hurt like hell... wish could find eye lube stuff make feel better....,0
1917,friend coming tonight hopefully weather stay nice,1
1918,miss guy,0
1919,@lilyroseallen yes........there many cool thing american cannot watch,0
1920,ipod came back visit cali china alaska...but home im @ work...,0
1921,well official strep,0
1922,hey everybody hah day cool got back walk dog... @klaudialorincz omgosh send link please,1
1923,@annasaccone seeing friend coursework weekend work happy,1
1924,@cosmicgirlie car happy big big dent boot hoping theyre going write off crossing finger waiting,0
1925,@gillianre im happy im emailin complaint haha il hav listen sunday,0
1926,late nothin do.....,0
1927,funny. kinda sad last day,0
1928,@gracepoltrack yes do ...or rather did. finished it starting dead like me lollll,1
1929,photo got print day ago ready norskart exhibition http tumblr.com xhtphgl,1
1930,weekend probably best still another day go,1
1931,home. bed super duper excited tomorrow.,1
1932,@hilaryjp sun,1
1933,proud dr. house detoxing. amber hallucination evil,1
1934,@gericaquinn lmao haha nice lolz good though. wait lol,1
1935,washed clothing type xd woooo,1
1936,@jhaywardbenzal ouch. hate happens.,0
1937,@glennbeck missed show tonight go lake erie enjoy quiet,0
1938,liz left aww good see her.,1
1939,@kirsty l got excited thought exhibit sydney.,0
1940,@queenbmakeup can t add myspace girly asks last name email,0
1941,@ethanrock thanks head up ethan. watching,1
1942,eat reallyyy good ice cream,1
1943,@princeterrence terry terry terry miss,0
1944,iï¿½m boring bad weather today watchingn alias fun boyfriend,0
1945,foot killing walked mile search art shop...doesn t seem like ealing one,0
1946,@jeninamaree voted you. hope win,1
1947,@kbal sorry feeling way.,0
1948,@oliviathiem thank you. blast,1
1949,@fairyfroggie yeah...i m sad quot ravenclaw quot account. love account bits.,0
1950,kinda sad alone time miss brother friend suck mean one even called week,0
1951,well rowing machine paid week lost lb week,1
1952,head hurt,0
1953,say hour go uwian na. . . [phplurk.com] http plurk.com p sun,1
1954,may th you happy star war day twirp rofl,1
1955,trip dc next week canceled. so artomatic beer @genehack.,0
1956,sissy went bridal shower tonight crazy woman,1
1957,love americana movie see,0
1958,awesome lunch family amp dinner in law,1
1959,damn spent week whole pay shopping oh well happy,1
1960,@ferrao california waiting every little thing s gotta right putz adoro essa banda,1
1961,@steveplunkett hey need car too. dm address.,1
1962,@sweet charlotte should another thrown sure one american family,0
1963,finally working subbed copy pika nichi. heeeee.,1
1964,happy bank holiday monday twitter bath time spring clean movie marathon lazy day,1
1965,@brgd oh cool coming berlin,1
1966,idea gallore rock opera ftw yes tweet kayleigh writing rock opera. info email u coatandkay@hotmail.com,1
1967,@xoxojennxoxox feel lost... keep running in head staring faces.. haha. basicallyheadache amp eye hurt,0
1968,@jtimberlake hey saw snl nite amp i loved it especially crumpin tit boob scene quot crumpin dub quot wow hilarious,1
1969,@valerie quite few. peacock oceanographer s choice new favorite play,1
1970,@karolinepaixao epic moment hahahha swear.. really wanna see,1
1971,twitterberry hate,0
1972,feeling bad @muemerry didnt get see,0
1973,finish line team alpha allstars .. great day good winning company team http twitpic.com jggm,1
1974,started great mother s day season,1
1975,@vian yeah real hard know get it... smile,0
1976,ppl year anniversary video. http is.gd ysbs come break,1
1977,awake others sleep,1
1978,dressed go...,0
1979,again. wish could share problem someone...,0
1980,dreading going work but....its friiiiiday whoop,1
1981,last late late pat kenny bless,1
1982,@mitchelmusso heyyyyy u english fan want signing,1
1983,@skingirl yeah excited.,1
1984,@tsarnick passionate interest go beyond mean followed wiggle right,1
1985,@mialotta u feel shit nerve tripped plastic telescope yesty fell wall head still hurt,0
1986,finished baking cinnamon roll soooo yummy,1
1987,early wanna go back sleeep,0
1988,@cydonian why enjoy fancy meal smtimes thr s joy solitude u really enjoy food amp lk date world,1
1989,@silverarcheress ah ok thank youuuuuu,1
1990,@agoodstein @timknapton good role models... like yinz think,1
1991,@codelust @prolificd caught lunch today... correct stalking,0
1992,@jthaessica yeah dnt go there.. dif apps phone sad reason lol,0
1993,heading graduation like this....oh nick....i ll looking you....,0
1994,got back @lorenajimenez s party sooo much fun boom boom pow hahaha ooh told mom happy mother s day,1
1995,@cactopus too thanks completing calvin appreciated,1
1996,@bedimples lmao dimple naww thats cute ok ill try remember first winter dimple day,1
1997,feel really weird,0
1998,wooooo twitterberry working again good morning everyone,1
1999,@natburleson nope husband golfing amp tornado amp playing. im spoiled everyday. esp last sunday tattoo,1
2000,@kingmoney yep freezing hate winter im literally wearing blackets,0
2001,@crzyqbn that s awesome dude yay surprise celebrity got meet year ago soooo friendly.,1
2002,@nmaize lucky rob... always gettin t s emalon,1
2003,michael scholfield more. dead. sorry,0
2004,hot texas ac upstairs broken really hot house.,0
2005,yayz today s day call see got job x ish happy... even though slept horribly... kinda drained...,1
2006,@thodwris rip michael,0
2007,@euginis fun last night see you.,1
2008,.. going fail art final. fml. far worst semester life school wise otherwise best,0
2009,cant find red lighter reminds amy,0
2010,bah day ending nicely began,0
2011,@alitherunner haha sorry past bedtime,1
2012,wanna go shopping get paid till next week,0
2013,@thomassmith yo thomas thanks follow social medium director disney that s awesome like learn more let lunch,1
2014,@dawl get day still aint hit me.. love,0
2015,attempt sync facebook twitter seems failed,0
2016,@kristyknox sound like fun... think lol naughty ironing watching nk porn youtube instead lmao,1
2017,watching f. live near montmelï¿½ excited race,1
2018,@ac welcome twitter world andrew tell david twitter haha kiddin know want one.. booo..,0
2019,ended face face bear driving home evening. sadly took wood hauled cameraphone,0
2020,@bbrownnewcolleg congratulation,1
2021,living empire hotel...free bottle service. rock connection,1
2022,so...woke time work.....boo,0
2023,@dakshinamurti yet... sorry,0
2024,snowbear finally come out...congrats che warren,1
2025,fatigue settling in gotta power through awesome seat tonight. pretty lucky. life ain t bad...,1
2026,slow get tix,0
2027,@jdrydenuk yeah available public market yet. soon. looking forward. sunburnt arm itching. boo hoo,0
2028,@whitney g day hasnt without ur running conversation day,0
2029,@geehall lol peek http geehall.blogspot.com coming along nicely totally understand leaving set quiet too.,1
2030,@jaysodmg heyy jay wat s going witcha amp want twitter background already know gotcha need anything.,1
2031,screaming like maniac thing u scream ride sucked fun everything so...,0
2032,@madinalake can t wait listen attic,1
2033,@dannymasterson miss s show,0
2034,soo happy frustrated time ] s. ohh noo britney recording new video radar sooo exxciiteed,1
2035,@goodnightirene thanks lady,1
2036,exhausted..can t sleep. like night,0
2037,porter making sad panda,0
2038,@danielradcliffe sunday mother s day,1
2039,@tiataquito stop,0
2040,reyt fancy valentinos. worst time considering can t,0
2041,@jojowright http twitpic.com wf ooh nice score jojo,1
2042,mum trying make feel ebtter stopping voting adn winning shortstack. almost cried.,0
2043,going attempt cook chunky beef amp mushroom pie tonight mmm hungry already,1
2044,wanna go back work sleepy time.,0
2045,south style exhibition less week member fresh gallery otara,1
2046,friday love party sitter.,0
2047,@dolliesierra awwh....well least top magic happens today good day worries.,1
2048,r @njsharkman squeeze bacon look like poop,0
2049,polly scattergood s new single today download please touch ep itunes ace http tr.im kpk,1
2050,home whitney s. sleep. church bit. dangggg....i m tired. worth,0
2051,@misscaseyb know mean rain sucks...,0
2052,route da beach sun yet,0
2053,hate rob zombie movies. amp smell weed. vommmm.,0
2054,@brighternoise really,0
2055,okay gots go first time since started miss block party @retrorewind,0
2056,wow feel like ish really feel bad ignorent aholes wont overturn prop,0
2057,@nellagrl ...being lonely time.,0
2058,@mollieofficial congrats mollie wish could got ticket,1
2059,@wersching wait till january. life fair,0
2060,goooooodmorning,1
2061,@iamchrisc soo jealous right now,1
2062,getting cd ready tour,1
2063,@realaudreykitch seriously kill bath now. shower cubicle. miss bubble bath,0
2064,@dfizzy lucky. week summer,0
2065,watching one fine day eating cereal. start good sunday good movie,1
2066,brendon think lame..but drunk,1
2067,plier blow face today. mistake killed wrong breaker. wire connected plier boom. big chunk gone.,0
2068,oh yeah grill out...its bbq tonight house,1
2069,somebody installed vcenter server window x w sp sp compability matrix,0
2070,@liamjhayter chroma key coolness ... cumulus seminar going online see live feed,0
2071,@cassiewho haha problem fun,1
2072,horrible day.,0
2073,@ohmonika babe text email address send,1
2074,hurt me bring joy see cry know love anything yet u break heart everyday,0
2075,@tiaantjee btw offend you yeah rockstars. pretty ok.,1
2076,holy shit super sunny friday whitsun tube deeeesearted. wish park http tinyurl.com nsl,0
2077,@mitchelmusso http twitpic.com swx tried didnt get,0
2078,disappointed cadbury chocolate block got smaller,0
2079,working tonight http plurk.com p xkbv,0
2080,here s @euan @stoweboyd evening drink thursday night london. http twitpic.com wrrp,1
2081,heap keen next weekend. mummy. lt,0
2082,@pixls hahahahhahaha true could really stretch stuff shame rem s dog got mad tried put avi s face,1
2083,love two favorite show acronym lol.,1
2084,raining stuck inside working today probably peed sunny outside ok rain,0
2085,@khanserai thank hope great day,1
2086,@lenje still pity come lamb though,0
2087,@lilayy here. like know there s people worse life wish could go back change aspect life,0
2088,atm http twitpic.com jmeh oh yeah. apple juice rebel,0
2089,@peacefullvegan love pd fucking good wanted try something new...i give . stars. meh.,1
2090,rainy day philly look like gonna movie night.,0
2091,@scrapshoppeetsy rt heart past day etsy boo hoo....totally,0
2092,@santoscarmen that s lot mangoes.. haha baka naglilihi ka ahh haha joke lang carmen,1
2093,headache. nobody keep company. wants.to.be.a.kidd.again lt,0
2094,cooked lunch todayy givin mum relaxin dayy.,1
2095,@konghee good time sun amp dayan ny,1
2096,suprisingly okay. possibly still drunk. goodbye suck though,0
2097,today another good day less extreme experiences... anyone fan watching season,1
2098,@najiahyahya yeay . haha. thank much jiah,1
2099,great time mpix shootout great thanks mpix...,1
2100,@moneymakn thats actually fun would think... hurting week similar experience.,1
2101,new baby arrived yesterday. fab baby boy . kilo proud happy,1
2102,@featureblend thanks intro. great meet u twitter,1
2103,@seantherobot good evening,1
2104,@jacobmaestas think ever one,0
2105,y weekend karen. swansea today,1
2106,@fatdaddysweets yay busy good,1
2107,doesnt want anymore,0
2108,@photogjack yeah price used market hasselblad even close way used hold value. shame,0
2109,@kayleelovexx love panty,1
2110,@citycynic lol target employee forbid place usually go buy like everything along commenting,0
2111,@janiecelincoln ha... totally go it. journalism major perfect fit.,1
2112,happy camper good day all...,0
2113,@ukcatalogue fabulous combination till a. arrives b. bill come fun chatting you. good sunday,1
2114,rain ever go away puppy getting cabin fever like going rain,0
2115,@delicatelyreal looool .. ana vote ag ele yeleni taqaod,1
2116,woah love new twitter app many new thing do. got finished watching jonlakers video good.,1
2117,@superannuation haha keep mind far reckon enough money stop hair greying retire d,1
2118,@sarah miss already. sad face texted seriously gonna make cry.,0
2119,little girl shallowness annoy me. good side didnt straighten hair today look decent,1
2120,time go sleep almost am. night everyone happy mother day mom,1
2121,today day leakycon . awesome number wish far away,0
2122,undeniable truth. suck talking people. good making connection. come either strange distant,0
2123,@elliot think bear cuteness early day kudos fair empress,1
2124,today going normal day hope. group pilot large airline come last night much drink,0
2125,thanks much discount code. looking forward trying pad,0
2126,definitely working sunday afternoon late evening,0
2127,@bumblebeex awesome maybe someday find book bestseller list lol,1
2128,@robm retweeted jesus post made laugh... worry subliminal code,1
2129,want cooky breakfast luckily adult that,1
2130,head hurt,0
2131,@idibs oh really good dude thx... added,1
2132,@seandblogonaut daddy wanted buy shoe prettie esspensive nao haff go bearfoot,0
2133,@deanomarr italy greece love italian men hehe,1
2134,@donniescupcake bet great bag can t wait,1
2135,mom came home finally got guitar strap yay,1
2136,@frazzel let download co said uk. little cry.,0
2137,@jason yeah well deadline t hour that s architecture you oh well... mmm coffee sound like good idea,1
2138,tweet last hour nobody like tweetboard,0
2139,@uniquemakis awesome wish could fly see,1
2140,working birthday bad get work ruby rail,1
2141,reached bangalore gotta hunt room,1
2142,@misstaken go last night girl night fab everyone made effort dressing,1
2143,@treiz do. still... twitter.com monicafrancesca see gino drag @monicafrancesca @ginoboi. fun,1
2144,watching dr. phil s special same sex marriage. sad ignorant people,0
2145,@bjolly now can t call kitten new name ryan make fun way say kitten.,1
2146,suddenly remember memory ohhh please,0
2147,@mcflyyerr yes came amsterdam th april best night everr you,1
2148,ftsk mercy mercedes amazing tonight.. always,1
2149,keep trying hurt me tear cried past month enough,0
2150,@irize yea yea im torture stanky leg marathon..ima dance hr til can t mo,0
2151,lt rupert grint...... amp boy ive accepted tht fancy im certain doesnt feel worth telling,0
2152,im wishing weekend go sol.,0
2153,feeling today going amazing,1
2154,@mnny iye neh...kurang tidur kayaknya. pulang pagian deh hari ini tidur langsung...haha. thanks,1
2155,new guitar hero metallica guitar already broken fail,0
2156,aparantly starwarsday enjoy quite know kent happy anywho,1
2157,operation conference call great peep @campusadvantage team. y all make monday bit easier handle.,1
2158,@scodal yeah saw look like hard work would know whats upp handsome,1
2159,wow party new life awesome girlfriend create ton drama babe party way go w ...,1
2160,omg rat... ewwwww. omg cant wait tha marra.. ecxcited. annabel cant go tho,1
2161,chilliin,0
2162,@shelleymcarthur @ cambie slightly event leave waiting feedback though keep u posted,1
2163,@cadistra ah brilliant thanks bunch,1
2164,@missxtatti thanks adding,1
2165,always sunny day can t possible outside. life get,0
2166,@dannywood ran mile went gym amp woke ur great kids....dependable danny hope great already,1
2167,happy mother s day mama today,1
2168,weekend relaxing one.. cousin s place watch tv series quot tru calling quot really cool,1
2169,back had great mad monday meeting tomorrow,0
2170,@jayjager well donkey appeal sure.,1
2171,happy morning sunshine may driving window singing smiling wearing shoe kirsten,1
2172,time life,1
2173,officially mother day happy mother day mom,1
2174,realised. able talk crazy cat sunday. sad now.,0
2175,@hypernyck get ticket picking lookin slim soo prob,0
2176,sun shining brightly day begun what s store wandering around le calanques maybe vin definitely,1
2177,omg going robinson tyler wfm. freakin miss anthony ugh today kinda sucks. lex lt,0
2178,playing ufc unleashed demo impressive game got apprentice now lazy monday,1
2179,@nathaliecaron ended going left knee killing me. think pushed much yesterday,0
2180,@rossianson invite sent invite collabs too pas word around,1
2181,need get good hard workout today work feel like slacking good,0
2182,happy motherss dayyyy sister decided make lunch...hmph. decorated house andd danced sang hahaa,1
2183,@katrinalmoreno im idiot missing last show,0
2184,impossible,0
2185,beautiful @webduck. feel badly. neaby gran see grandkids amt. can t go luck,0
2186,@meljachin eww. dislike,0
2187,@storrao thank respect designer @luismvaz,1
2188,watching best movie ever neverending story wish babbby me though.,1
2189,fridayyyyy .... working,0
2190,@andeedrummer yeah go always brings u things. let last something called quot bird milk quot,1
2191,@theredhood going away partyyy @mandydiblasi s. come,0
2192,@therealjspace bow glad service,1
2193,@nickchien @chaubella glad break twitter virginity two.,1
2194,@dirtyrose told you would sweep haha p,1
2195,@clighty invite house instead,1
2196,recovering hard day homeschooling dd chemistry go well...,0
2197,everyone working tonight bored,0
2198,@thefuzzyblueone me doctor laugh oh no no no. @dr crane s patient arkham aslyum work,1
2199,exams. thennn sexy time.,1
2200,broke bottle probably focus work instead thinking songgoeswrongs,0
2201,@mistressmia heard title author before must look enjoy,1
2202,messed makin right @taraellis @dontennant @elikamahony best holy day wish all,0
2203,gotta work. lonely weekend ahead.,0
2204,gotta go twitterer stupid sister want go facebook oging montreal morrow wont while bye xoxox lt,1
2205,home marco island missing girl already...back work,0
2206,look like office tv get mlb network... look like mlbn televising det bal game today wieters,0
2207,mana everything ever made since,0
2208,@spiffums near him.,0
2209,can t believe peeling one half day sunshine,0
2210,@sevfletcher exercise u make it. walk run bike blade skate surf feel gooooooood,1
2211,@tadasauce good time,1
2212,@sweetnote smooch well great day,1
2213,enjoying nice weather stuck indoors writing essay,1
2214,live long prosper lol star trek best,1
2215,chatted old schoolmates. awww miss highschool.,1
2216,updating old ipod...sad...i miss orange nano,0
2217,relaxing night home best people,1
2218,@kurtismarsh far go unless prize millions. know win,0
2219,sometimes forget favorite porn star real people too. @bobbyclarkxxx made orange chicken last night cut finger off sad,0
2220,now conjunctivitis left eye. sign something wrong deserve this lol dying people,0
2221,heading office quiet stockholm least sunny,1
2222,@joshwaleigh walk home. look amazing,1
2223,@deanm hey twit watched poor holly britain got talent poor thing people mean year old little girl,0
2224,@itskanye tnx following looking forward tweet you..,1
2225,@danisometimes sadness. could hang feel less apathetic.,0
2226,@curren y spitta caught traffic around howlin wolf mins. wondering wth going on.....musta nice,0
2227,@suzi meow yeah u better,0
2228,really cant take this.,0
2229,prom s today... bought ticket im going cause dont dress hair done ect. suck cause gonna awesome..,0
2230,excited taylor swift wednesday,1
2231,sometimes pillow sometimes,0
2232,@ppittman old comfy like worn sweat said love sarcastic heart muster....,1
2233,@velvetella bye great time whisked away,1
2234,@ticklemejoey goodnight baby loll jk night,1
2235,cal dachshund rescue found home foster pup max. soooooo sad see leave,0
2236,@elizapatricia o saw fleetwood mac insanely jealous. enough money buy tickets. think never see them.,1
2237,@jessejane look great morning already,1
2238,soooooooooo glad learn farrell ice cream parlor staging comeback so. cal bad mission viejo mall,0
2239,@bogwhoppit aw yes week got asked return end wish bought me never mind,0
2240,@mortensax promise thanks,1
2241,lt bored death,0
2242,wow realized limit quot more quot button. sucks... guess two day max sign twitter.,0
2243,@springwestend cant believe closing moro ive never chance see show good luck everyone star,0
2244,@nathanblevins maybe next time. can t away weekend much like jump car go. pout,0
2245,talked @samgrover s cute grandma phone. speaks hindi not best language but somehow manged,0
2246,@coollike cokies arnt real imaginary hav mmmmmmmmmmmm cookie...,0
2247,can t get bed,0
2248,sad fitness center reopens zumba class anymore. found today last class closure.,0
2249,@hummingbird yeah tough times..,0
2250,@aquapunk @ mintyfresh thanks much,1
2251,@nzdeany given pizza kid would never let fav the hot one,0
2252,@reactiveretro yeah agree best aww leeaave,0
2253,@mitchelmusso really want talk mitch live indonesia cant call least give shoutout please,0
2254,loving sunshine hating thought office without window,0
2255,@mtmodular pixy number give energy rush. playing festival close june work go,0
2256,@megan ftw awh sorry probably going thing haha.,1
2257,sad day office. glad friday. like get away while. poor co worker lost son.,0
2258,@melly hmm certain one ive gave liking muck head give sometimes tbh,0
2259,want listen musiq soulchild ipod,0
2260,favorite shirt ruineddeath bleach fb,0
2261,producing @pieterbickford anchoring... sad goodbye miss lynne ashminov miss you,0
2262,getting night great mood,1
2263,@robinmeyers look like full lincoln marathon yesterday awesome hm tough,1
2264,@vengenz lovely attempt poetry,1
2265,finished @melzer s zombie chronicle day ago. bittersweet. need something new gym,1
2266,toasted baked bean sandwich red wine perfect sunday night dinner combination,1
2267,@tatrtalk wanted to sadly work today. normally work friday either.,0
2268,aww son gave purple g shock mother s day,1
2269,@victorglenn saw pic awesome,1
2270,haha follow john mayer..he s pretty funny guy want move l.a .... much fun,1
2271,@kirstynsmith spent hour sitting sun picnic lunch ice cream win. bbq today,1
2272,[aeroplanes know plato ] one favorite wkp song http blip.fm jq,1
2273,@subclub wa took advice enjoyable small alone would ve come lol,1
2274,wish @kirstiealley happy mother s day,1
2275,@wossy killer best. bit disappointed last song cut short watch full iplayer,0
2276,twitter one talk know celebs nt nice spoken,0
2277,early morning walkies really thing... least vaguely warm,0
2278,@xodedexo course come join sleep over bring big dill pickle,1
2279,@xomorganjane aw sad looking forward seeing you,0
2280,@themanwhofell compliment taken. thanks. key,1
2281,@tyefighter sell guitar hero p fund splitting ex,0
2282,@jenniferdodd town next week party get back. happy early birthday,1
2283,happened warm commence pouting return readysetgo,0
2284,@jami hirsch thanks follow wish plan open shoppe tc economy turns.,1
2285,rolling bed past hour ... still unable sleep,0
2286,@dinosuit idk. stupid th grader,0
2287,woke cat face haha,1
2288,... playing acoustic set @ style bar today @ hope see ...,1
2289,@jae oh yes ave never orderd there lil funny first so check ta,0
2290,@opalbonfante wonderful let know think. light reading,1
2291,time get game cancel th season like show,0
2292,@jpblogger nothing like quot rocknrolla quot another good film rock title,1
2293,doctor office woooo much fun. go back wotk cant afford off.,1
2294,@sugafactory omg haha half hour late work whoop hahaha h workin sat mornins,1
2295,awesome girl scout day dodger stadium two awesome olympic athlete joanna hayes heather bown won,1
2296,http twitpic.com who mommy gummy mother day posterrr,1
2297,@melissa paige amen clearly know you able say that wonderful get too though... suck,0
2298,@thatchmaster miss place miss wegmans even more. whole food wegmans,0
2299,@celestialq good let s go get done.....,1
2300,@petespencer yeah we say shite alot here. say shiiite rhyming light,1
2301,@arielm happy happy birthday,1
2302,salute chapel hill north carolina. sy http blip.fm jgj,1
2303,@yuniphan yay congratulation oh newly minted graduate. let buy lunch iced chocolate plural celebrate,1
2304,@mtupyro feel bad. got foad promotion too.,0
2305,ready weekend yay me. even though over im lucky person get work day row till get another one,0
2306,aaawww im soooooooo tired today.. dont feel good.. dont wanna go work wah.. yeah im goin work mins. til closing..,0
2307,hurt foot,0
2308,@alyssa milano local pet store get shut last something like that....it s horrible animal go through.,0
2309,ugh delivery postponed shes baby til work,0
2310,saw fiddler topol girl looooved it next month... annie th row can t wait trip music store fiddler sheet music.,1
2311,miss little batty month old got sick always fun full life lt even end...,0
2312,came back seeing boat rocked amazingly cool movie definitely getting dvd,1
2313,@haoranc go it,1
2314,hey everyone guess what rooney coming today,0
2315,summer yet read books.... long book,0
2316,fed pain,0
2317,@mandybooklover here nice quiet sunday,1
2318,@mitchelmusso can t call mitch im sweden,0
2319,one want sit lunch guess bury head laptop continue anti social.,0
2320,going ikea roomie shop apartment. ikea like top ten store love,1
2321,@mollymazy aww happy mother s day girlie kingston lucky great mommy,1
2322,moment foward imma spend money wisely. dress shoe shopping every week. pigging @ fav rest.,0
2323,@shotdown haha stay nearly hour coach get here may convenient hour tv,0
2324,@scopezum feel way hour sleep still exhausted ahh,0
2325,@missjia word. yayy twitter dark lol.,1
2326,@supprintdesign oh like let c,1
2327,@crystaljanee greaaat minee pleaseeeeee,1
2328,believe black personality explain feel... boyfrann mine gots sprung,0
2329,booo dario let tk get hair cut,0
2330,@hoopsiscrazy u think web design wld go well international brotherhood magician maybe. magic success sxswi,1
2331,want watch naruto shippuuden missed episodes.,1
2332,work go,0
2333,excited. lot good thing happening work wise melbourne,1
2334,want go sit park really painting bathroom,0
2335,@chocolovere feel way every day,0
2336,avenue raining cool,1
2337,@jaidenkhat sadface,0
2338,humous dorito s.... oh yes,1
2339,quot dream better world coming quot someone could live word dude,1
2340,last night fun w lightening thunder today s,1
2341,@jemambrose congrats highly doubt u ll buyer s remorse...u ve wanted car while.,1
2342,someone stole new laptop airport. even used it. guess u economy breeding new set quot opportinists quot,0
2343,@jimmymarsh awesome job last night,1
2344,posting late got back seeing star trek. awesome,1
2345,@jennafletch freddies cotch ladyhawke here missing bajan beauty,0
2346,anyone excited harry potter like am. damn twilight postponed first love oh well find hai chai,1
2347,hey guy going create iphone app that s twitter client called tweetilicious please @reply thought,1
2348,net died yeah.... sad,0
2349,gonna miss thick blood next friday,0
2350,freakin migraine,0
2351,@jbcp separate desk computer side room short dividers...but thinking need extend ceiling,1
2352,@everbrandy look like fun,1
2353,need play infamous... where s free blockbuster rental coupon need one miss coke reward,0
2354,@wrldfms would know phone...,1
2355,ugh miserable looking day. degrees. summer go,0
2356,@conorp yes one final party better make good one much mpre stuff got go,1
2357,@t isfortammy sad tweet sad,0
2358,@candyconquest yes are thanks haha do field flower exist singapore well one frolick in,1
2359,@naomijlea good job track head co sadly can t access it boo,1
2360,ps... got ben button today... completes best picture noms....got now. great year,1
2361,class yow party four hour lecture mix attal drink red bull amp still sleepy . smh alrite bedtime,1
2362,@thevowel d version suck,0
2363,stomach hurt bad,0
2364,right richard marx s right waiting really making feel nauseatingly sad.,0
2365,hairstylist left salon without telling going. damn,0
2366,bank holiday london woohoo,1
2367,@lopezwilfred yeah. too. lookout tweet too. happy tweeting,1
2368,niqhty niqht niqht .. toqether great day @ayyojayfressh ily yall,1
2369,spanish... suckiest class ever. learning atleast. te quiero tiasha,1
2370,see tinyï¿½s thinking thought smile caught radio big daft grin face....,0
2371,mcfly gig last nightt omg amazin didnt sit whole thing mcfly see best mate tutu,1
2372,@ckanal funny say...am filling speak cheer,1
2373,@ottosdaughter sorry hear,0
2374,@emalyse david aaronovitch always worth making exception good morning way,1
2375,hanging school... last day senior,1
2376,zero thomas it,0
2377,@woahamber hate,0
2378,awww kanye west shame doesnt get joke,0
2379,nyc right favorite people instead stuck ri.,0
2380,book read movie watch n stuff buy...i m bored,0
2381,damn sunburn hurting jack whitehall mmmmm,0
2382,@kingdingaling @wendi leavin bc racist start cryin,0
2383,dinner jiuliani s family yum,1
2384,lovely day yesterday. weather great stupid slapton,1
2385,weekend went way fast way work david archuleta tow.,0
2386,ton fun yay prom lot fun horayyyayayay,1
2387,@krystalnichole pretty good think overdid gym yesterday... working,1
2388,freezing math class,0
2389,watching quot sicko quot utterly digusted country...,0
2390,finally going bed staying reading script quot remember me. quot sad sooo good happy mother s day mother s,0
2391,getting hair done bout hit club ....... ha see u later ....... smooch,1
2392,gave brother hug good bye.. took load furniture away house. took mattress like,0
2393,@phxphoto kidding there ugh ... one thing know sure showing property weekend,0
2394,way home ny...then sleeping,1
2395,... still feelin like blah... hour,0
2396,craving king sized snicker,1
2397,@honorsociety luvvv it one aquestion why full moon crazy tour date toronto,0
2398,@adnamay nite nite bday girl fun concert,1
2399,workout stunk...no headphones.,0
2400,@shoegal oh okay cool.,1
2401,feeling great,1
2402,@dickiea @chrisjlovell true @chrisjlovell u downloaded tweetdeck yet literally amazing xxx,1
2403,@dorkybarb currently penguin mn zoo... go sometime soon.,0
2404,miss hubby already,0
2405,wow two hour conversation someone omegle. amazing,1
2406,sooooo dropped phone. text tweet me currently banging face spike covered poison ivy infested wall.,0
2407,bumping air supply s greastest hit,1
2408,@libbyoliver caught tweet got home time last min itv show bgt tonight miss,0
2409,mcdonalds mccafe taste like chewin cigarette butt. miss sonic card,0
2410,bummed babydoll spaghetti strap tank three wolf moon t shirts. love meme hate wearing fabric box.,0
2411,@nesitajai ur leaving week know dont see u everyday like fact ur city,0
2412,another week begins. one got better last,1
2413,cause missed lot class,0
2414,@i dulay swear took hour get bel air alabang. yes loved reminiscing hk trip amp @cdeocampo,1
2415,blow torch broken real bummer,0
2416,jon amp kate kid attracted huge tv audience tabloid headline and now state labor investigation http tinyurl.com lzt,1
2417,back @ work migraine lingering can t wait weekend,0
2418,@btillo hehe thanks advice choose shoe three them hard,1
2419,hey let s follow other awesome,1
2420,watching alien boobie craig rise house early bedtime grown ups,1
2421,oh no used internal sig external e mail damn. fb,0
2422,@kiwiikink vma s guess so.. also wanna go london june demi lovato concert one s going,0
2423,waking star war end title song sorta awesome .. also kinda creepy,0
2424,macabre hard believe dropped real nuclear weapon real japanese humans. http ow.ly nru warisfucked,0
2425,hi http gayorbispace.com hope everybody safe amp fun weekend,1
2426,rain rain rain go away come back next week gone via @gigglingmarlin raining lie crazy key,1
2427,went dentist mouth hurt can t eat,0
2428,last montday s award ceremony http twitpic.com jkvl,1
2429,mid shift awful. im counting time,0
2430,sitting alone quiet house,0
2431,@eujean yeah,0
2432,fab wedding yesterday foot still sore dancing must good sign. v glad wake bed morning,1
2433,day ca get see paniniii,1
2434,@nataliejanette im jealous im going blogher,0
2435,hey dude turned flyer poser nice,0
2436,@kevinriley heh thanks adorable plug cough info at cough cough,1
2437,omega tomorrow. really planned anything it. make sure come can. awesome. move in june st.,1
2438,@dalekwidow hearing lot good thing new trek movie. see dad quot a fellow treky quot would like see,1
2439,know quot extra hand quot comment would cause trouble... upload house music beyond vol.,1
2440,@mercedez ta much happy b day g son,1
2441,going miss roomie @staycy... longer roomy starting tomorrow,0
2442,near daily exercise starting show results.,1
2443,@norasake sadly no. come one...,0
2444,@lauriepercival great wedding band awesome they played ton great s song food,1
2445,@eddyizm like turtle,0
2446,@adriandanganan clay aiken get autograph,0
2447,@kiso omg feel bad .was good,0
2448,@coxrocks ha lead singer gave high five got one guitar pic,1
2449,last class scott julie today going miss them... bought bottle champagne congratulatory gift.,0
2450,finally made qc...happy mother s day got car,1
2451,oh no... sun s gone,0
2452,wishing everyone blessed amp beautiful mother s day,1
2453,night b put hold week coz ill last nite gutted still nice nite tho whers sun gone,0
2454,soo wanna eat mcdonalds fry,1
2455,@taylorswift mine too hayley great,1
2456,go school reviens ï¿½ h,0
2457,@kpatthethird fml dad didnt leave moneyz wait till get home call finish work,0
2458,@mikehuntington oops drunken stupor lol. ima check,1
2459,ha ha point men,1
2460,resist http blip.fm zv,1
2461,@flyykiddangel lmao need shopping partner today.,0
2462,tiiiiiiired going bed drinking lead making boy later forget names.... drink kids. goodnight,1
2463,coffee. gym. studio. story. of. my. life. these. days. grateful.,1
2464,@cookiemonster ohhh yea film one fave longgggg time... any humma humma,1
2465,going work than ill home im going look camera since must lost house. everyone wonderful day,0
2466,supper tonight kurumi minute,1
2467,tonight boring,0
2468,@angusmaclean yeah there son two go kid friendly place now congrats baby,1
2469,cat died kidney failure math test day need get better.,0
2470,tweets....just living rockstar life one tweet time.,1
2471,@rohanbabu brought buffalo gb ...it fastest transfer rate usb hdd...i benchmarked mb s comp,1
2472,fifth runner keg @kirsten @devonshire hannah darian fiona amp phillipa,1
2473,awsome salad recommend getting spicey buffalo chicken salad,1
2474,@shanedawson haha yay love mr. shane dawson,1
2475,@divinediva norwood house party haaaaaa... yaaaaaaay smile,1
2476,@roshnimo yup .. sad eh .. betty man .. betty,0
2477,miss bed sleepy,0
2478,supposeddd hang al mommy wont let dooo blah. hahaha,1
2479,@wildchickendew muhahaha joined tweet cult... lol heya btw twitterific good iphone app use,1
2480,reading book instead revising. thinking lunch. heart rate bpm... case wanted know,1
2481,make wish,1
2482,@drmenlo sorry mr grey menlo,0
2483,home work good night epic dude dudettes,1
2484,illy s note book quot from one geek another keep good work quot sigh. missed great espresso.,0
2485,delicious pav bhaaji finely chopped onion little dash lemon yummy,1
2486,@syzygy thank,0
2487,getting ready leave girl scout metting..don t feel like .....,0
2488,haha gunna go buy whole bunch emo punk clothes,1
2489,unfortunately heffas decided take impromptu mall trip without telling,0
2490,@mshalfway want go back school sigh poor,0
2491,@hoptonhousebnb sorry meaning complain feeling rough heat getting tonight would love visiting india though,1
2492,where s enthusiasm meeeee,0
2493,roast yummy think mum impressed,1
2494,@spotibot afraid bit fail last two recommendation available uk,0
2495,@taurenlegend kind hard see pic doggie pic exist,0
2496,little foster kitten getting big...chubba winston going b missed get amazing homes.,1
2497,@amerz love it wish half could even name web design lady,0
2498,cant sleep tired goodnight... maybe,0
2499,@hi im chris cant get mine keep getting error,0
2500,haha overheard us. yrold mom quot mom think learn read today quot,1
2501,@kaliie sorry lol about waitt... think mum would still let bday stuff weekend,0
2502,@katevoegele amazing concert got really good video picture,1
2503,tell yo mamma em axe durrin said happy mother day.,1
2504,@juliegoodacre thinking changing hassle everyone follows u get jason,0
2505,@xlex glad happy,1
2506,@annie ugly gray outside even san diego. cold get may gray june gloom u,0
2507,good mood. mama s away si can t talk either boy can t see weekend planned.,0
2508,@tommcfly tom today school played pov break almost cryed show sao paulo today wish could there,0
2509,goooood beer tiiiimes,1
2510,@terrencej wit cha got home da reggae club wishin sexin somebody,1
2511,happy star war day may th lil yr old bro home playing lego at at dozen stormtroopers.,1
2512,blackout city never good,0
2513,@cschug do long think next weekend open. going house warming party,1
2514,risk sounding like whiny child gotta say...i wanna go hoooooooooooomeeeee ugh.,0
2515,downloading chex quest year sin final release say right,0
2516,@bloomsday sorry hear that. optimist thing get better. us.,0
2517,watchin tv. happy mom day.,1
2518,nite tweeple. tomorrow day work.,0
2519,@aubergine still plenty food left here thanks coming over can t wait see picture came,1
2520,asda ready meal think ever,0
2521,@ hurt sister much potential isnt using waste god given talent.,0
2522,meeting karen boy drink dock wanna drink though.. fuck like andrea said haha,1
2523,@iliveinbetween graduate am sunday june th...,1
2524,day boyzone,1
2525,@v kong record grand prix skip later watch man u game radio .... well sport come first,0
2526,@katrchrdsn without whipped topping shortcake. shortcakefail,0
2527,booya sup tweeps happy infamous day all get soon. can t wait play need find time though,1
2528,gotta buy onesies besties lol ah yea club grand ol time,1
2529,peter amp gordon morning gt i go piece wanna hide go piece almost die ever... http blip.fm yk,1
2530,goodmorning,1
2531,came back home ne gig another fun night skankin...what workout,1
2532,gonna suck sober one tonight,0
2533,beautiful monday morning happy http myloc.me tct,1
2534,home alone one left gummy bear,0
2535,@bluevolvic awesome keep look it,1
2536,watching scrub season . oh gonna miss show,0
2537,@mastersavage cool saw link thanks,1
2538,@botse that s cute picture ... get fat licking bbqs ... must found chop someone else s ...,1
2539,tagaytay family happy mum s day hot momma s,1
2540,@pyroezra really wish could.,0
2541,last day high school gonna miss friend,0
2542,rain delay,0
2543,google wave presentation http bit.ly ehfov impressed. nice really,0
2544,@amber benson woohoo well done started macarena ing,1
2545,know see people love country could get closer,0
2546,@dayteed cool linux,1
2547,@emily glad hear weather s nice. rained every day last five days. fun exploring,1
2548,@citygirllife ready weekend. see flash flood warning around here,0
2549,@amandalaur would awesome think hate expensive phone,1
2550,want welcome @melizadeleon back plurk again http plurk.com p rppo,1
2551,@f nadzirah thanks,1
2552,getting ready school.. reading what s going set montepulciano practically cry cause,0
2553,finally holiday.,1
2554,oh also... here s clip new moon trailer can t watch cuz work. http bit.ly wxal,0
2555,@selenagomez bye selena bad didnt get talk u u,0
2556,@hnnhmllr lmao baked non stop sound like yummy fun,1
2557,@marismith took endorsed spot twindexx.com thanks endorsement @danholmesimind,1
2558,@soulsistanindy someone do good morning,1
2559,goodmorning,1
2560,kinda pissed boy like girl gonna kentucky kingdom date already show,0
2561,fun doll tequillla...carne asada....and mom dancing funny,1
2562,happy mother s day,1
2563,knew confessed using phone look answer pub quiz. shame upon,0
2564,way dad s sistas.. r.i.p. deb..,0
2565,got three shot today. can t lift arms...,0
2566,study study study. fun saturday.,0
2567,@courseofhistory vancouver classy. canuck,1
2568,pool fun without tim it...,0
2569,tummy hurts...,0
2570,shoot ron torey lot fun,1
2571,drove mazda rx today boy car fun sadly though find car much fun,0
2572,bummed didnt get see manchester orchestra bc sold out spent night buying tv show itunes lame,0
2573,law order yeah stay home sat nite,1
2574,@alexistai please roll eyes. can t handle that. cry,0
2575,harley passed away december http apps.facebook.com dogbook profile view,0
2576,raining... missed rain much... grateful,1
2577,met one nerdiest server chili s today lol... awesome favorite,1
2578,curled couch like question mark mind like jell o. ah ti joy woman,1
2579,har vondt ryggen back hurt,0
2580,@raptorsforum sigh... know am...,0
2581,dans public transport decided everything north london that s utter crap southern train alright,0
2582,bout go work,0
2583,blockbuster week new zealand quot wolverine quot tomorrow followed quot star trek quot thursday,0
2584,@robbywat minute thought said quot maggie extra eye growing. quot yep space cadet. sorry sweet girl,1
2585,pinkpop weekend amp got ticket meaning bruce springsteen oh well wwwwweeeeeeeeeeeeeeekkkkkeeeennnndddd,0
2586,going watch boy striped pj s hope cry,1
2587,dressed everything,1
2588,@jazzyladee try pretty hard engage everyone follow lack interesting shit say end unfollowed,0
2589,finished st new song soon youtube keeping updated,1
2590,@staceysjustfab blackberry messenger rock basically im ing bb user u add like ur friends. save text,1
2591,@aquafreak too. depresses thinking it.,0
2592,feel like failure morning,0
2593,happy mother s day mother,1
2594,took shift tomorrow. really feel like working right now.,0
2595,thanks assignment im work today,1
2596,can t arsed get bed hello sunshine,1
2597,@m delamerced judge answer fid. duty tort lawyer u r good this.it like oj trial done,1
2598,@heffabella dont know u heeeeeeey name shannn extends hand put er there. u from,1
2599,glowing face complexion always pale,0
2600,@ileanedover heyheyheyy happy star war day watcha doin friday movie,1
2601,lost first field note notebook page filling up rip fieldnotes,0
2602,feeling good all happen today day going friend tonight,0
2603,@bimbler much work drink now. love afternoon pub.,0
2604,happy star war day,1
2605,@sweeetnspicy hiii im ipod...i cant fall asleep,0
2606,headache century coming feel fuck.,0
2607,grrrrr fuck. remembered later shift today work another hour wasted lay opportunity,0
2608,@iaretanja forgot put something essential day.,0
2609,morning darlin @dahilster hope feelin tip top http blip.fm zzs,1
2610,push amazing,1
2611,@limeice way home dood.. dont think crappy vodafone gprs handle yaymen.com,0
2612,people talk gone,0
2613,itttt,0
2614,@brodyjenner live manchester england still never london,0
2615,@rachaelphillips wow really pretty talented lady impressed,1
2616,@kimkardashian saw today beautiful looked good glad see wonderful turnout,1
2617,happy star war day unbelievable,1
2618,@princsskrys lmao never met anyone liked caramel much,0
2619,@sairzbillington lol thanks think husband would classify quot annoying quot like awesome much better,1
2620,like taking dog car run errands. always excited go anywhere. like morning krogers.,1
2621,firework @ kboom concert... second best ever seen...preceded last year s show lt sigh gt,1
2622,nanaimo day... missing son already havent even left yet,0
2623,ate chocolate,0
2624,@mc craig g hope enjoying money..it s looking real good right,1
2625,@pcsketch actually wanting buy bus one day amp turn motor home. imagine whopping big blokeslib logo,1
2626,@tinpanalley sorry bro that s rough.,0
2627,@tahninial called cheeseburglar. made sad,0
2628,back school daily show amazing gonna watch later think xd,1
2629,morning world sun seems gone away maybe majorca popular tourist spot. hope come back soon,1
2630,starting video editing first spanking movie mina ... added next update,1
2631,@opinionatedant great weekend mononoke may tweeting inside movie theater either monday tuesday lol,1
2632,@grrachel made sad..,0
2633,yes... today star war day may th you,1
2634,figure quoted wildly optimistic stuff science fiction. bit disapointed ciber sabip,0
2635,@jennifalconer thought rubbish twin cute tho,1
2636,.pm sun setting soon setting soon too grab dinner catch sitcom,0
2637,darn it. again. keep forgetting darn quot d quot dm s.....,0
2638,@timmytenga awesome looking sourcing well.,1
2639,@malcolmmillion nah understand cant cancel wanted come,0
2640,@weewifie lol staying in craig got footy molly missing good weather buggy either.,0
2641,@yomama go room first time week cleaning,0
2642,yay bannerbomb wii finally out. run homebrew . wii.,1
2643,@babygirlparis hope great weekend paris,1
2644,today free day bell rang wen rang end okayy..but,0
2645,@galaraza stop mean me ur hurting feeling,0
2646,@snarkattack kicking incredibly old schoolï¿½ whole heartedly approved,1
2647,@dutchcowboys huh... pr ..,0
2648,@axelsrose im trying fix really need stop cutting,0
2649,@frankiero thats amazing quote indeed.btw nice weekend,1
2650,@dutchreaganite roflmao feel inspired go start huge bonfire,0
2651,@waynedastar oh wow thanks wayne,1
2652,hi charlie thank following me nice know there s another ollmann new world...,1
2653,gooooooood morning camper happy mother s day,1
2654,fun had.,1
2655,that s it done already one proof there s nothing fair world. http bit.ly uemq,0
2656,@emmyrossum ah hate happens race erase m week. going,0
2657,last day exeter last session gym last breakfast.. last meeting coming,0
2658,@courvidloveeva fc back dear.,1
2659,can t wait hand work tomorrow im practically finished year yay,1
2660,think world @mileycyrus hannah montana set.... im missing tennessee alot today,0
2661,@denybutterflies omg. sorry. sorry never know say,0
2662,wedding,1
2663,@trellthms r u tonight bro i wanna go,0
2664,finally way home,1
2665,lol exam go mcast school finished form that s soo disappointed,0
2666,long day office again. tiring week,0
2667,@no surprise unfortunately yes,0
2668,creeper feel disappointed it. damn cyberstalking skill internet privacy.,0
2669,walk cornish countryside great british bank hol http bit.ly ailun http yfrog.com rwwtj,1
2670,@realbillbailey really made night. infact made weekend well done.,1
2671,love mac msn work still,0
2672,work...,0
2673,@darrynstorm hey hey..i m finishing th june,1
2674,mourning miss homesssssskooooler fair today,0
2675,@paaaulaaac even life pretty good always say shitty,0
2676,burfday alone,0
2677,okay feel really sick,0
2678,@vewe haha. hope u great laugh laughter best medicine,1
2679,way take photo park,1
2680,@matt vega @matt vega sikeeee.i m sick cough,0
2681,world im chillin bout go get money economy money easy money anymore,1
2682,sadly bprohibiting tweeting tonight. sorry,0
2683,brooklyn suppose sleep in...i ll call @ ladybug,1
2684,@eprussakov ohï¿½ unfortunately,0
2685,@lizziecoulter oh dear. i m sorry laughed,1
2686,@yiannis k good question could they,0
2687,@dannygokey im upset u u weekly uncle work apparently didnt know big fan am,0
2688,@ncremins thats really fair. mean leave like dont even give u party coming back ...,0
2689,horrible dream last night also one employed...sigh only.,0
2690,@mdnightcty too sound interesting,1
2691,@nkirchmar minute go day weekend leading birthday tuesday. work birthday.,0
2692,stratus going bye bye today loved car high school fb,0
2693,@asununique apple done impressive thing almost year old macbook. except poured coffee keyboard.,1
2694,. @wickedblueglow bed sick. heavy fever. went dr s. part reason watching aladdin still fed,0
2695,brain hurt,0
2696,following @therealwill one favourite actor,1
2697,desperately wishing could sleep frazzled gma can t sleep.. really bad tonight xx,0
2698,finished mowing lawn.,0
2699,@acallpro yeahhh u wasnt thereeeeeeeeeee,1
2700,sad http bit.ly bjth love kelly lt,0
2701,bye plurk muna. back im done reading book http plurk.com p rqc,0
2702,good drank jager licked hot asian girl s foot. bad reminded never get asian girl ever.,0
2703,@baybeehdoll u miss lol,1
2704,rosie day today goal leav house b mom get hmmm maybe rosie day rescheduled for....wed......,0
2705,@shaniquadenise sooo lucky. fiance away w the marine corps...haven t even seen yet,0
2706,veryyy upset cant go hacienda tonight stupid nugget game,0
2707,put tv canuck game score yaay come vancity baby i know can t believe watching hockey either,1
2708,yea headed home change head pelham. sad thought... suposed heading nkotb concert...,0
2709,@zwriter missing qualifying think david reutimann leading . ....,0
2710,going home awesome time peep,1
2711,bored. headache.,0
2712,jolly good last night,1
2713,@erzonline thanx... sorry trying rub in... get excited... working hard make dream come true awhile,1
2714,@lmpotter welcome,1
2715,going go tonight look like heading main street,0
2716,perfect show you enjoy,1
2717,good remembering twitter thing sorry everybody leave tibet today...with head cold,0
2718,terrible day six now...,0
2719,@angel oh totally want see star trek kristine already seen hubby.,0
2720,want go enjoy weather tired stuck bed,0
2721,downloadfestival s lineup good thought was. awesome band festival missing dl,0
2722,man finishing quot operation anchorage quot sure give unfair advantage loot wise... love stealth field suit gauss rifle,1
2723,missing hobo slut tramp way life cooking mother saturday night mama luv u,0
2724,got full day work today. can t wait tell get home beer tv time got make money get beer,0
2725,@orangeflowers run earl grey lemon tea instead whb,0
2726,@carsxcollide no fell effed arm today back drive.,0
2727,got caught rain outside. im cold bbbrrr,0
2728,good morning quot return willen island spring definitely sprung quot ... http bit.ly eyrtt ... enjoy,1
2729,he back oh no missed me work insane band really taken moment,0
2730,@banjoist may ask bluegrass mean sorry advance looking bit silly asking,0
2731,pretty damn chipper today even weather rubbish excited thing come xxx,0
2732,@alwaysmuah hey ruthie girl... u send lovely twitts never respond hurt... how s mikey dion,0
2733,@gkwo did didnt really watch haha,1
2734,@missxmarisa haha yeah think bit,1
2735,getting another puppy ... cool... really,0
2736,o.k feel like need cry can t believe less year ill walking across stage get high school diploma,0
2737,@solangeknowles going show amsterdam can t wait,1
2738,@whitsundays lol l love tweet keep coming,1
2739,@thebraysmommy thx hoping good week.,1
2740,@avenue a rocky kind little rockpools amp octopus amp shell amp stuff. want beach. perfect overcast day.,1
2741,first sleep spending day mom since mother day all. might even chinese.,1
2742,sad news week hospital uncle past away today. r.i.p. uncle tony,0
2743,@terrilpn thanks terri excited pick parker monday. hope get along david pixiebob,1
2744,seagull hate im utterly depressed it. miss him.,0
2745,happy mother day,0
2746,follower,0
2747,gooooood morning,1
2748,@annadwan excellent good see,1
2749,@aliwise tmz harvey levin type....tmz ...find people,0
2750,@champion yeah... neither huntsville would quit job one job there.,0
2751,turn get go see decemberists...,0
2752,baking experiment result delicious sweet rich. almost sweet.,1
2753,chillin following cool people,1
2754,@alyssa milano good morning alyssa hope u great wonderful day today im happy cuz today last day class yay,1
2755,soo tired. head hurts. love andy sooooo much,0
2756,running around town kathleen....she s leaving month..,0
2757,soooo bummed missing blockparty again able get app listen iphone,0
2758,@dumbblondy bad u always change ur profile pic,0
2759,@peterfacinelli answer riddle party pooper lol. joke joyce good one tho haha. hav gr weekend,1
2760,sorry unsociable loading stock shop mum making,0
2761,@berumen no. sitting around sculpting tiny koi.,0
2762,@cassapel damn got excited nothing hahaha,1
2763,got new frens frm germany mexico n france havin dinner gather nite.,1
2764,@lexie kevin can t leave work,0
2765,http twitpic.com fq making sad,0
2766,@bradiewebbstack every time write tweet always make smile let,1
2767,@drumstickboy also used close adiel sabby. changed alot. like sec .,0
2768,shopping....,1
2769,@lauraduhaime im great thank,1
2770,@joenkobema what s wrong come u pain,0
2771,hungry food steal,0
2772,@arnaudjacobs haha yeah improving nite big time make skype call soon tho tear away..,1
2773,@mattcampagna know update really amusing. prop auction how much baseship bed go for,1
2774,@mmitchelldaviss mitchell tryed add xbox live lastnight live show friend list full,0
2775,@meesabythewater thank much,1
2776,hate interviews. im going horrible today,0
2777,@janegoth ha however got gardening something eternally pleased,0
2778,@isaacmascote sorry people rude you isaac get manner know better lewd,0
2779,@trswift yep meeeee awesome hahahha,1
2780,@chromasia saw tweet minute going lunch. decided skip today. thanks saving money speedy recovery,1
2781,lucky jade nacklace matching earring ain t lucky. lost earring. chain broke pendant,0
2782,@tkpleslie friend call quot mother earth quot ever seems me. nurturing second nature some. me god babies.,1
2783,looking food home .... nothing,0
2784,going cinema see ghost girlfriend past,1
2785,trully awful day shitty,0
2786,@missshannababy yay u get see ddub men always keep happy amp motivated,1
2787,two week left middle school gig. full time work summer teaching credential begin end august,1
2788,welcome nephew christian world.,1
2789,gloomy outside,0
2790,recieved mail month life boring,0
2791,law week gonna go fuck excited,1
2792,miss seeing fireflies.....,0
2793,watched marley amp me...i cried hard,0
2794,http tinyurl.com cnlzh forgot much like song,1
2795,mcfonalds roulette lose. forgot mygrilled snack wrap,0
2796,@iamkeshia happy birthday keshia keshia bo beshia,1
2797,@skateramps omfg whyyyyyy suck r wtf... t.a.i. getcho ass,0
2798,stressin h core. supposed cleaning room. feel like crap.,0
2799,ugh... soooo drag assing today brighter note got g update amp biznesssss,0
2800,going relax chill tonight ... back work tomorrow week ... least fun time girlfriend ...,1
2801,@kenyaimagine ... much injustice imagine now. get worse get better afraid. doubt here. sorry,0
2802,@kimgoss saying past week miss playing spade drinkin chillin.. good old days.. let know baby,0
2803,know funny thing everyone packing e packing go mexico... e,1
2804,@saschaillyvich guess mean beta read either story huh,0
2805,...love wanted share followers. feeling inspirational. ive long day.,1
2806,wish could heading la e. le sigh maybe someday.,0
2807,@pickleshy tongue cheek mentalities.there another one take piss arab long,0
2808,@lathams indeed glad hear everything good you. great life good,1
2809,friend im deeply sorry moving miss u much,1
2810,time great yakuza horror theatre wish luck,1
2811,ii wanna go home thee weekend ii gas. sukks,0
2812,dream crushed...spock like ladies.,0
2813,well thats day watching panther tonight beat saint finger crossed cause qld team playing round,0
2814,omg sun glimpsing cloud woohoo,1
2815,@devyra know anyone believer never die tour going warped know can t wait haha,1
2816,@mrswilliams @timperator fï¿½hlt sich ganz montezuma iphone,0
2817,@busyellebee ur anti understood message. sorry left ur vote bnp msg end due space,0
2818,va weekend youngest son turn tomorrow......it make kinda sad getting big check twipics,0
2819,dear daniel good news nintendo want potential lotchecktester hoffentlich wirds mit der stelle,1
2820,good morning twiggas twitch http bbltwt.com sciif getcha motivation,1
2821,getting used getting cold asthma paying it.,0
2822,boo rain. got pruney bath oo may day..the crazy morris dancer large ampthill lol.,0
2823,@joelmadden applaud accepting gay marriage rels born hate it.,0
2824,get new one nxt wk,1
2825,@barroca serio barroca parabens may th you,1
2826,starting get sad.,0
2827,@helloheartbreak thanks bb.,1
2828,@richa august haha... may be.. hehe.. might imported. love heat... love playing football hot day....,1
2829,oh noesss senior last day however tickling till floor giggling made totally worth it. plus senior sandwhich,1
2830,u tweeps forget call mom today...,1
2831,meeting went well last night.they shot promo air weekend mtv. tried hide close think caught me.,1
2832,finally blessed see moon,1
2833,@pilgrimfamilyuk oh hate,0
2834,airport hour til hoommee,1
2835,perfect night. best month life far boo @ryanfeero,1
2836,deg c here tech room major downside lot heat help hot outside,0
2837,@kaliyahpjones lmao...thats sad kinda discourages rom goin shit s wack,0
2838,@snowgirl avoid burning desire say already one no room piglet enough room chuck,0
2839,@jtimberlake yay snl on,1
2840,@jjanebb include getaway music. fail.,0
2841,p bgt fab sad thought greg awesome sad gone child always win situation sadly,0
2842,@parsnipzilla ohtays make sense now... cool,0
2843,@lindseynhess agree great day window see it...,0
2844,gossip fluffodile here. latest mad night teg jack lou tess frey. gender war. v. sad friend also,0
2845,@mitchelmusso http twitpic.com swx wish calling can t malta,0
2846,@coconutfriend shouldnt i im happy enjoyed co im thoughtful like see yaya hav follower woop,1
2847,well guess heading la weekend doubt get go p blog meet greet,0
2848,slept hr body aching,0
2849,putting new consultant work week. good feeling congrats offer,1
2850,new favorite group j davey hi amp low shit. really flygroups come miami hell florida rock bell,1
2851,@amyatq @borborigma agree redesigned q site look great computer amp phone.,1
2852,@mitchelmusso can t call cause portable sais number excist want much talk,0
2853,really sick tired body s resisting rest,0
2854,feel deflated. doggy.,0
2855,@jessiemayumi shame job thought working yourself there s big money paid http bit.ly ml,0
2856,work work work get tired sudden. @paularos nicole told say hi aww enthusiastic hi paul,0
2857,mouth hurts. wish could cut head,0
2858,argh noo missed killer wossy suck missed brandon. total failure anyone know repeated must investigate,0
2859,@sallylfc best sunday,1
2860,wishing outside instead trapped office.,0
2861,gonna able talk,0
2862,crawling bed super happy penguin tonight,1
2863,sorry mean,0
2864,@amandapoop yet never texted backk.,0
2865,minute never class again. kinda sad cause class fun,0
2866,officially hit wall totally nonfunctionalproductive work,0
2867,@onlyhis can t wait see,1
2868,bad day got worse...,0
2869,@zhighlife people r weird,0
2870,upsidedown tomato plant died,0
2871,@pharriell nothing let s stay quiet together. p cry,0
2872,@nitadarling see...,0
2873,many good show coming money buy tickets. fmfl. brand new troub,0
2874,@davidarchie shoping till drop david..haha..enjoy day,1
2875,omg. today felt like last day school horrible,0
2876,barack obama legend watched dinner speach pretty funny,1
2877,sooooo miss chinese takeout,0
2878,@aeire ahahaha happens time. poor angela,1
2879,@kat kittykat im bored..untill go,0
2880,tip finger hurt lmao,0
2881,@rx nice submit failblog.org,1
2882,good morning going kick butt day,1
2883,amazing brand new pari neb broke. go figure. weekend. look like getting another one next week. sigh,1
2884,@mattyp damp weather...,0
2885,@sozah morning sunshine,1
2886,@veritasunae ahh that s fun work last night party after went movie today see wolverine. good weekend,1
2887,@andyclemmensen seen game website awesomness go msn,1
2888,@maternitytees aww onward upwards now yay still sad leave bet.,0
2889,choir assembly bad fucking hot yay,1
2890,female robin flew window watched die bushes... think going cry now...,0
2891,working home today back killing doctor physio later today.,0
2892,buenos dia mundo de twitter eating b fast watching quot sex fire quot video b go work,1
2893,@jonathanrknight great hear u today u r best cannot wait see u cruise lt cindy sign,1
2894,@tanyaahedo know drizzling way work hope warms weekend....,0
2895,stood curler burnt burnt hand picked up..,0
2896,@patriciaerin hug oh gosh sorry,0
2897,bye bye south beach....u never let,0
2898,went party last night. dindin showed matching outfit great mind think alike anyway happy birthday ate lara,1
2899,@joeburkel look like dialed lot...payed attention small important detail gameplay...still blood tho,0
2900,workout done today. time get ready work,1
2901,failure,0
2902,@jlskowro @jennsquared wait recipe simply recipes. sorries,0
2903,@littlepinkstone either. went snicker although enjoying listening rr beer,1
2904,shocked feeling sick... happy,1
2905,got hair cut. great. stupid gum.,0
2906,well get call back oh well,0
2907,rip robin washington park library,0
2908,@coupleocachers trying watch vids audio disabled,0
2909,@teseract got paid hour could retire xbox live thinking rock band,0
2910,oh yes cavs win game onto game. still danger win one either shot championship,0
2911,tummy kinda hurt,0
2912,@tomatosponge hey second kind sad ok guitar guitar guitar bbq good time you gt,0
2913,got beautiful flower mag subscription mother s day spoilt lt,1
2914,happy starwarsday,1
2915,goodnight good morning happy mother day visit profile see silly offspring.its funny love life pick nose,1
2916,arabic girl who s online every one sleep ..,0
2917,say morning. http plurk.com p xap,1
2918,@hannbob http twitpic.com jf hehe cute pose,1
2919,@kjnyc depressing,0
2920,@antsrants driving insane want lie in,1
2921,@impaulgriffiths pauly wallly made life fucking happy hell love x reply back,1
2922,@emiily kate know heap awesome. working weekend,0
2923,@toddkashdan thanks todd. enjoyed reading blog little cheer good old alfred wallace. curious read book,1
2924,egg today ... shame looking forward egg bacon sandwich,0
2925,@hottieann nice meet ya,1
2926,work day tomorrow followed date tit jayden gave mom mother s day gift midnight. cried.,0
2927,@mrsgizara fort belvoir base. hub stationed pentagon. cant wait pug pup looooove mine,1
2928,@timlichfield alreet chap awesome time n congrats recent result,1
2929,@heylushh haha tooooo miss havnt seen age,0
2930,@pink ur show r amazin keep x,1
2931,@brianlehrer one day want listen live stream enjoy podcast time.,0
2932,work .... happy mother s day,1
2933,@frama c oh yeah. point taken,1
2934,@findingceej hala finally,1
2935,learn fly higher... http tinyurl.com tool,1
2936,new view window http twitpic.com jbx,1
2937,love jonas brother trending topics. maybe taylor turn next,1
2938,@rainbowsuicide show show me,1
2939,@velcrshoes great... check get work... block sims work...,0
2940,meeting strangers. lol. alone vegas. amazing.,1
2941,headache headache go away,0
2942,@lil kimmeh too miss it. i however humpthestump rest life.,0
2943,happy b day sharon,1
2944,think may cry. sold civic. longer mine.,0
2945,@jadeofjades watch v cyjvgnp va sowwwwyy u girl make twisted time,1
2946,@jackalltimelow lucky that s awesome,1
2947,room hot sleep in.,0
2948,@sashairene hahaha oh man please come pomona would love see everyday instead like year,1
2949,@trekkerguy yeah seen review great review surprised me. getting ticket tonight,1
2950,feel sad coz wasnt able play guy http plurk.com p wxiux,0
2951,@karen good good,1
2952,@vincenthofmann yes. but cute predictable work you...,1
2953,ahh yes obligation vampire kept away twitter.but back amp try update much possible.i lost donor,0
2954,@angelibarra guy rocked tonight. yes u tacoma kid rule.,1
2955,dam missed hollyoaks nite,0
2956,@farctum oh poor thing hope easily sorted out. and expensive,0
2957,@vogleratmizzou yay breaking,1
2958,spring picture today going schoooool,1
2959,none people talk p.e. class going bored period.,0
2960,@bradiewebbstack baked dinner yummy cant wait new short stack tv kind dip shall be,1
2961,stealth shopping got wife b day present mall together notice buy hide car back missed,1
2962,exciting week,1
2963,beer pong dubstep. good nite,1
2964,watching st potter film kid eating sweet grotty bank hol weather hoylake. typical,1
2965,love camp fire wish kid would try bit harder sing along,0
2966,@davechapman new baby exciting congrats advance,1
2967,finished ysc runthrough service gonna awesome http tweet.sg,1
2968,@aaronstewart try drawer horizontal cabinet full non digital fun. sec amp finra make job joyful. can t hire temp either,1
2969,@timdifford ohhh beautiful place. hols go steady mead,1
2970,miserably hot a c house broken,0
2971,dont get see boy tomorroww.im sad,0
2972,wow woke read drew blog .. oh man im seriously cry right,0
2973,@hobgoods yeah went satellite beach today flattt good skimming though.,1
2974,@spreadingjoy hello there thankyou. always seem make difference someone s life everyday.,1
2975,rest peace marshall,0
2976,maccabees new album winner everybody take listen fact,1
2977,also conviced happy dance told adorable happy dance ever,1
2978,@jtay finally summer unforunately can t come see you...it ll see y all again. tell emm said hi,0
2979,good mood,1
2980,way kuya jordan s house o s sleepover,1
2981,mexican that s craving,1
2982,sickkkk ....and need now.,0
2983,@chumfm oh ok thanks.dont know courthouse id either i ll learn though.any nkotb twitter stole pic hate,0
2984,watched favorite movie quot a walk remember quot romantic sad love,0
2985,southland wk,0
2986,depressed again..ugh help,0
2987,@mandyyjirouxx damn call,0
2988,@jy looking forward mandarin album. hope come singapore,1
2989,@dog earedpages yay can t wait come bookstore get new book,1
2990,@neeshababyyy guy retarded,0
2991,happy see kurt spin.,1
2992,@billzucker thanks making laugh,1
2993,@flashlight hah wait till turn,0
2994,http tinyurl.com czgn wow.. wow.. hope get sort gut near future,1
2995,beautiful day today love sunshine missing man though away weekend xxxx,0
2996,@emzyjonas favourite tv show kid was.. banana pyjama teletubbies. lol luckyy youuuu going jb concert haha.,1
2997,good morning sunshine,1
2998,would take s sky,1
2999,listing sad song sad,0
3000,asked sing yet again....aha. coffee mornin time. psychology past question amp revision suck,0
3001,gonna laundry....never laundry @ hotel before.....i miss r.....even though ignore even check me....,0
3002,song called stolen soooo amazing dashboard confessional,1
3003,going cincinnati day sunday...visitin old friend brother korea date someone special,1
3004,finishing homework. booo,1
3005,@eoghancasey oh no wish could lay sun garden...lol,0
3006,yes really back wait day arrive finally here gale back pos.. http tinyurl.com dzzaf,1
3007,@kinoflyhigh fuck shouldnt left,0
3008,@crimsonmuse saw this im freakin starving right now thinking peanut butter fudge ice cream... amp steak course,1
3009,sweet dream i m tired excited might actually get golf morning family tradition,0
3010,@buzzup would want clone unboxed new quot imac last night beautiful bad mine,0
3011,shopped til dropped....come bac sunshine miss u,0
3012,possessed beyond certainty made rite decision,1
3013,can t sleep without nearby,0
3014,@fionakyle thought pretty funny.,1
3015,mood listen reg stuff sir told me u used huge fan mine seems forgotten song,0
3016,im full. tripple thick chocolate milkshake mcdonalds feel sick,1
3017,@ms nigeria oh yeah know met taking trash hhaha,1
3018,eating bagel yummy,0
3019,im sick sad cold,0
3020,friend went new york without got picture smith http twitpic.com l,0
3021,hate young,0
3022,finally finished mom s card. took long getting picture look good though happy amp can t wait til see,1
3023,@hanster ahhahahaha ariyan want listen used bandwidth downloading hamish andy podcast,0
3024,@jason well revise them gardening now guess hoovering warcraft played week,1
3025,@colman thanks,1
3026,@augustine ty friend. yes ur right.... daughter daughter forever.,1
3027,listening to sweet talk cute aim considering taking gameboy color again. miss chiptune.,0
3028,went shopping sport tour yesterday garley... funny need brunch shower.,0
3029,saddest right now. lost mobile phone earphones. waz feel little incomplete feel,0
3030,@marge inovera hi jakki thanks hug right back ya,1
3031,@allierosen yay im sad got flight next weekend friend benefit wonderful time,1
3032,round two vega vanilla chai flavor. realized day left,0
3033,@jvb thanks found article say cannot join uk though,0
3034,whoa. showering session,1
3035,@sedzoz actually get rid bacteria thaw nicely,1
3036,bgt aw bless her stomach sank first whimpered good trying carry on. that s nice simon take charge.,1
3037,and accumulating money again use fancy finance app. thinking getting another cd ira. saving house. crazy,1
3038,mum really happy pretty small present oh wow tomorrow test one present one pasta recepies,1
3039,stuck office till . warm outside,0
3040,watching qi dave still quite bored even adam davis cheer up. quite funny.,0
3041,ohhhh man mom got bag caramel candy thing soooo good. going get fat,1
3042,even though already monday. thanks followfriday complement know are,1
3043,[ time tscc ],1
3044,@luvinmycurves womp womp woooomp,1
3045,seat nice place go,1
3046,mother s day family dinner rainy sunday night,1
3047,may th,1
3048,gym myself fun,0
3049,received excellent birthday present party usual success.,1
3050,@paulusveltman ja deze interessanter text message limited character http tr.im kpgg,0
3051,@extremeannette can t seem find it send please oh tag lol,0
3052,@ganga pleasure great recipe,1
3053,@naidanai nai nai baby. haha know twitter oh well,1
3054,outta ofc til monday grand kinda bummed b c genuinely sick there s nuthin gt,0
3055,got macbook,1
3056,internet access board mean see bad weather flying http bit.ly htw,1
3057,@lyricals care struggles..,0
3058,@meghanian think got fixed woo hoo,1
3059,@illegalvenez mmm comfort junk food. sound good. always preferred wingstop,1
3060,tonight last night apartment...,0
3061,@aubreyoday aubrey know speek lot fan say miss seing t.v. hope seeing ...,0
3062,@chrissligh saddened see felt need comment clay. know care lost one follower today.,0
3063,ordered henna redhead weeks.,1
3064,missing bffls missing friday night date hot dog dinner know evening hold,0
3065,crossing bridge....leaving ocean city sad.,0
3066,good morning world,1
3067,back saddle four awesome day @leeprovoost old gang try avoid tweet flood long radio silence,1
3068,school going absolutely horrible today. peace out,0
3069,good morning everybody,1
3070,@kalediscope girl cry allergic seafood,0
3071,@luigiiiiii whatever know like it. hahahhah,1
3072,@theellenshow @kalebnation twilightguy.com kalebnation.com youtube.com kalebnation put show sry spamming love,1
3073,back office hectic week weekend awesome,1
3074,@aussiemcflyfan hope know woo haha time exciting lol,1
3075,@caffeinefueled welcome back,1
3076,alright... need get sleep actually awake mother day nighty nightzzz good morning twitter friend,1
3077,week finally rained quite enough yet seems coming garden happy it.,1
3078,saw dead bird way work what kind day start poor little bird,0
3079,hey @robluketic wow cheer insight ppl look fun oh im stunned..it s aweomse robluketic live gt http ustre.am wv,1
3080,@jords good morning early feeling enthused design life thanks manics phrase,1
3081,wow early. best conversation.,1
3082,fucked...damn lucas czech republic beer taste like heaven bottle amazing,1
3083,think getting cold,0
3084,@ddlovato caan t iht earlier icant wait long. ahar.,0
3085,little one s cast taking beating. starting show wear tear less week. active,1
3086,special edition jfpl came today time rip demo cd itunes upload ipod go work,1
3087,wow.. tomorrow over. never see people again. kind sad.,0
3088,@dianaray know excited them,1
3089,miss daddy much.,0
3090,@amyyvee aww really great blog ] thanks mention hi form philippine h ],1
3091,powerdvd want play pushing daisy dvd. want screenies make icon with copy protection gone bonkers,0
3092,@dameenrouge tara thai time friend s birthday food pretty bad.,0
3093,well productive since am woohoo busy day lot do,1
3094,think mowing lawn allowed done teenagers. suck well mow.,0
3095,@superficialgirl yeah tomato paste oil traditional sandwich.. eat olive maltese cheese yum,1
3096,@langfordperry woah uk mother day werid watching friend day help revise. oh awesome,1
3097,storm system looked bring u rain today going miss u,0
3098,@kdpartak ordered new blackberry arrive tues may die without phone withdraws already,0
3099,@clara miss best friend ticket see kiis fm,1
3100,@sharktailypp red font top nice. put old entry,1
3101,got told got good chance gettin job excited .omgggg. come back want too...,1
3102,morning im ready weeee sunday,1
3103,twitter s lame post twitpic gucci,0
3104,love creditcard sized memory sticks. microsoft keep sending,1
3105,@adinterim still jealous,0
3106,signed twitter yay,1
3107,get drive dad airport fly vega wsop... wanna go vegas...,1
3108,@tranced yes mate friday,1
3109,@cinderell bad luck oh well next time lucky...,0
3110,sang quot shine quot newsboy car @hollyewallace holla,1
3111,well inspirative day. there s room design today schedule heading bed,1
3112,@blondiepops oooh sound yummy. get chance take pic please add website many pie,1
3113,happy. keve early mother s day. let s quiet. drove night sleeping.,1
3114,@cherryblossoms yeyyyy maddy fabuloussssss god bless,1
3115,can t wait come home miss bubba. bad parent taking canada.,0
3116,yeah made drawing today im getting flooded request portrait people,1
3117,@andrewbravener happy birthday what s better getting birthday greeting stranger little that s what i kid lt,1
3118,day without sleep migraine. thought life postr meant relaxing,0
3119,@blp lol yep tell rhonda said happy mother s day,1
3120,wishing happy monday wonderful start week make good one,1
3121,@buddytv excited new pushing daisy episode make much worse. finally gotten cancellation.,0
3122,finally leaving place woohoo school time,1
3123,@michellephant nice stay long got hotel room.,1
3124,@noiselesssound heard regina girl song @ le deux think u should have come back mc miss u,0
3125,basil highlight day. old man lecture greatness telegraph. idiot,0
3126,@pythonism c nice call fun,1
3127,@pink congradts ur show even tho wasnt lol,1
3128,@nursebettie meanest lil boy ever lil girl everyone loved,0
3129,hate sweetie bad day http tinyurl.com lrdj,0
3130,@paulaabdul canceled performance letterman sad less option you.,0
3131,@flash forward poor dead josh. http bit.ly jkphn please leave message condolence there. boy rip that s sad.,0
3132,ok hit point relaxation.. heading bed sleep well happy mother s day mom there night,1
3133,watched movie holiday. forgotten feel good movie wa lovely evening.,1
3134,@mattdavey happy,0
3135,playdate cancelled,0
3136,going watch tv crazy night am work tomorrow live somehow least mean finish early,1
3137,good morning world.,1
3138,...happy star war day may th brilliant,1
3139,@mjh know man day pulling bed,0
3140,battery going die,0
3141,@watermelon haha twitter hard though it,0
3142,got early pay bills. figured like bandaid get quickly bad... wrong,0
3143,corona bad craving mexican pastry go uptown get,0
3144,early morning golf sunny day,1
3145,teddy chucking time,1
3146,@patsytravers http twitpic.com sbz thats actually adorable ooh miss dude,1
3147,well movie night spoilt fracked disk happiness gone time sleep,0
3148,ill bored bank holiday.. nothing open.. bad times.. film,0
3149,@djflykid ooooh boo see bar at @titusofalltime s well miss other make pt stopping by,0
3150,going gym early trying get back shape again. husb got gift cert swim w dolphin bd. need muscle,1
3151,@soulafrodisiac feel one....i moved recently nearest @wholefoods hour away,0
3152,@queenofkong twitter reunion would awesome meet lol iwonder howd iget pull,1
3153,@robinmatthewfry thats great make sure get copy,1
3154,damn...the right side earphone stopped working sudden. need buy new ones...,0
3155,@itstayloryall im sad missed family reunion,0
3156,watched devil wear prada want live new york city ever. must poor,0
3157,night night twit im glad waking saturday work printer broke though,1
3158,facebook farm town become slower slower,0
3159,@shanelapoint hey hunnie u miss talkin u ty follow,0
3160,@dewz pingpong awww teaching son when one manner many boy lacking those,1
3161,@kateesslemont tried. failed,0
3162,cant sleep again couldnt sleep last night eather wabble wabble,0
3163,spyed princess anne today listented friend cooking perfect evening working suck ob,0
3164,@geneva rockett know laughed stupid woman s right s joke. wth glad humor,0
3165,chick fil dinner. hopefully feel better. head eye killing,0
3166,@jamie good morning one m ore day yay twittertakeover,1
3167,ok im pass out. tonight lovely buenas noches mi gente.. tomorrow shall party again,1
3168,@bk ii choice get it,0
3169,watching quot that thing do quot comcast. missing boo like crrrrrazy,0
3170,twitter sooo pretty damn cool,1
3171,@victoriax im sorry,0
3172,happy mother s day mom,1
3173,@krystynchong that s part working on...use appstore phone there s whole piece puzzle,1
3174,@galacticfaerie sound great. looking forward,1
3175,@gfalcone ohhh ok. thats upsetting sorry wasting time. xx,0
3176,@csuryan surprised fired @stuckeycsu announcing whole world body found quot selfish quot,0
3177,@turnitgrey computer broken broke laptop use phone ahh still cause fucked order.,0
3178,@bluecrystaldude happy attending kenduri.. eat yummy stuff behalf ya.,1
3179,@andyroddick work mo sunny today see band tonight,1
3180,morning all great day school go,1
3181,sucking abbreviation today. sorry sentence look like eight year old typing them. lol,0
3182,@clara heyy lol talking david archuleta site well lol funy lol,1
3183,@forgetmaine there s year waiting list get appointment.,0
3184,@soundeffect haha that s awesome would cool horror movie death scene maybe cool....but amusingly ironic,1
3185,wish teased movie night,0
3186,@daynah work iphone yet love simplicity need able sort task iphone useful,0
3187,@smileyquanta oh good wanting watch movie nooobody would watch w me,0
3188,@khairulhulk @syammasri supporting superfly way,1
3189,@sammihouse awww lol yh worth it mcfly worth eekk,1
3190,ouvindo quot the wonder dream quot melhor banda mundo que nunca existiu. pra comeï¿½ar bem dia.,1
3191,@atxtraveler thanks try boarding,1
3192,gloomy day can t stop bliss. hope ronaldo score derby match today.,1
3193,@jefebarrio put neighborhood little one. like runners. got st place okay time. happy.,1
3194,@sfannah ahhhhh well least to,0
3195,@reemerband hiyaa tour really disappointed make hope dandy xxxxxxxx,0
3196,singapore warm here blast already,1
3197,l ice grande half sweet french vanilla soy milk starbucks mean summaa s coming,1
3198,@themandymoore good morning sunshine. sleepytown sleepy.,1
3199,figures. start raining freed work,0
3200,nighty night twit tty morning...,1
3201,@shaunie o awesome family owns it...the flowers.. love kid there seem lot fun,1
3202,watched d movie beautiful sad time,0
3203,four hour fifteen minute three day packing spree ugh work,0
3204,@bigcitysomeone wish could go. see ya warped sure tho,0
3205,want cry,0
3206,th month ],1
3207,still working mom s mother day gift....shh slideshow,1
3208,@flickie dead bored. also dead poor student life piss take,0
3209,@bb omj sister brought coldstone cupcake today instead cake celebrate bdays family excited taking pic,1
3210,sound like there s party street. guess forgot invite,0
3211,@skewp miss baby together haha. dreading taking kennel.,0
3212,yaay congrats shmolan graduating proud you fun lt,1
3213,right need breakfast. let s see make tweeting thinking bloke multitasking lol,1
3214,listening olivia play lol,1
3215,@ishanikki congratss,1
3216,@lizzerdrix hate cottage cheese. even got fancy stuff last weekend lemon berries...i could eat half it.,0
3217,shipwrecked weekend license suspended got cancelled. can t take risk driving one life near,0
3218,@heartbomb haha do fave san x character. that s rirakkuma.,1
3219,f amp star trek...what great sunday,1
3220,@ptwaugh xbox broke hope enjoy playing vs. . was...looking forward that.,0
3221,@wroe ohhhh excellent song..hello friend,1
3222,@babystowz yea feel like im bein ignored,0
3223,@jonasobsessedx . . thanxxx message wanna leave bye,1
3224,@survivorqueen can t shes taken key muh car.,0
3225,@maryrivss hahaha funnyy,1
3226,happy bunny,0
3227,school... haha well hope today fun. post regular update day. follow stay updated,1
3228,seems like everyone u watching x men now feel like started revolution feel nice,1
3229,george sad can t go car ride dad http apps.facebook.com dogbook profile view,0
3230,@thekellanlutz omg want go too hahaha,1
3231,laptop grew speakers. watch charlie sound,1
3232,yoga school could better,1
3233,played mythic brawl order get good screenshot. instead got perfection,1
3234,@coledavid little family party tonight hope rocked,1
3235,woke up. gonna shower go nan s mother s day lunch. happy mother s day,1
3236,ang payat ko na yes hoping go melbourne weight last year http plurk.com p su,1
3237,@johnpopham morning john yes do however diary clash sadly can t attend,0
3238,@azmomofmanyhats @rocknrod @gailelaine @sarahstanley good morning pretty outside today,1
3239,early ish night tonight overtime work tomorrow boo working saturday,0
3240,stay away home since part india dnt hav gud wireless internet im fucked,0
3241,quot we oh yea yea yea eating tonite woo eating tonight eating tonite diet quot finding nemo,1
3242,@wendaybird silly wendy. know speak french hour study ride begin,1
3243,venture forth turkey creek amp fetch boy post prom festivities. hope fun,1
3244,phew melting stupid fan picked good day stop working,0
3245,http twitpic.com jerc view atlas mountain morocco across strait gibraltar took day europa point gib,1
3246,getting ready day work till close,1
3247,quot viewer linkedin profiel also viewed barack obama francisco van jole erwin blom. quot good company.,1
3248,@scomizzle ur moving leeds wut u there work ur jetsetter..i wanna move england,0
3249,[sarah mcglaclan song background] please donate jpnnbak fund quot dinero cable bill quot think make,1
3250,@wickedgirl glad like,1
3251,@giogadi hey luis thanks flash prof s code thank that. cough,1
3252,weather let morning...ugh ...hada gd nite tho,0
3253,lost key mall... took min find,0
3254,@arundo donax puppy freaking adorable want let go. fuzzypuppy.,0
3255,@realdawnsummers haha quot work quot can t read anything,0
3256,cold nearly gone yayness grey anatomy tonight . . . . . .double yay,1
3257,hanging kevin tomorrow go productive.,1
3258,@traceyhewins tired may go bed. trouble miss american evening friends. x,0
3259,@indysawhney seems like u r pushing wcm site. really cant beleive pro havent heard joomla drupal.,0
3260,@chelsea playboy yehh signed,1
3261,thanks @mosskat little star offered come ja weekender dunno afford go. looking now...,1
3262,@alleexx umm get ready help mum give gj present get could while wait people arrive party,1
3263,anyone know anyone made aliyah help nefesh bnefesh please contact me. would love talk them.,1
3264,@branwen better today. yesterday really hard. still unbelievable. miss him too... probably always will.,0
3265,@mrfloydnl thankyou much rock,1
3266,@davidmihm please tweet meme,0
3267,@msknitsox thanks amy full hotness,1
3268,@fly meaway sorry hon know feel though...i m usually crazy family gathering probably hold back like also,1
3269,watching favorite tv show hulu.com free,1
3270,@hammett wish could time xbox project tied,0
3271,im gettin complex follower shrinking want make b sunday,0
3272,happy...dont know reason,0
3273,@mrsvaught happy birthday amber hope great one...and far away thirty...shhh...you re making u er feel sad,1
3274,hangin home watchin twiligghhttt readin again lol school sukked today bahaha,1
3275,finish sketch und go skate yeeeehaaa got new deck,1
3276,cancelling javaone http ff.im nzth,0
3277,@subville ...snuggles back......everyones telling get ...but ive year x,0
3278,anyone drive newish diesel car advice pro con interested old diesel car need recent model experience eg suv,1
3279,@mistressb happy provide backup support murderous rampage,1
3280,babysitting dogs...they place...,0
3281,@mrstravisbennet cool. im glad everyone nice date night. maybe one day ill get one too.,1
3282,@chantalclaret d get hate tweet that s sasd.,0
3283,way lake geneva miss laura,0
3284,joined twitter thanks m amp m,1
3285,@hottvampchick excellent never know lmao.,1
3286,grrrr cant even enjoy b e a utiful day finish damned essay philosophy,1
3287,finally upgraded spotify premium exceeded threshold awesomeness time ago. where s iphone app amp remote @spotify,1
3288,waiting sleeping pill kick in... gonna tired work tomorrow,0
3289,@stereophonics http twitpic.com p well done guy gonna miss tweet,0
3290,like bride s sense humor wore wedding gown once...by accident http bit.ly tnshf,1
3291,.. someone thinking good luck lynny tattoo,1
3292,sunny bored sad call text,0
3293,@kirstiealley nice soon pay tweet,1
3294,snl hosted justin timberlake startssssssssssss now woohoo,1
3295,trying find pic twitter ihave big can t upload. shall remain faceless lol,0
3296,@hitekfame bad... always running...,0
3297,need pizza...can t get office,0
3298,@westendactress well good,1
3299,@toystorywasok party moved next weekend ..stupid weather.,0
3300,wanna see up tonight one go me. whhhyyy,0
3301,hm happy want join drama practice today,1
3302,allergy suck duck nuts. lt @ gt,0
3303,@mrjaydeeone thanks add try signing later get home. still luck email someone,1
3304,man work busy today people called sick old pervert keep rolling sadness abounds...,0
3305,@crazyfirebolt haha love way u put quot he lift foot ground spin u around make u crazier quot,1
3306,hellerrr new followerss. tricina amp uhhm cool,1
3307,@mikekang super sad bart etc holding up,0
3308,didnt devos... hopefully day doesnt suck it.,0
3309,yea baby im gonna miss much,0
3310,murray got broken,0
3311,@denvy oh whoop bad,0
3312,heading hollywood studio today manta kraken awesome yesterday feeling like ride,1
3313,sleep deprived hot sleep.,0
3314,@tracey morning babe plan overdoing today lol hope rest amp put foot up xxxx,1
3315,@maximillian oh dear... that s just... disturbing. coffee connoisseur died little.,0
3316,wish camping loch lomond right stupid work. film watch,0
3317,oh made evening. forgot merlin tonight toss rove spielburg spielburg abc choices.,1
3318,am sunday... going meet mom breakfast beach,1
3319,@dvnt cheers. wish font play,1
3320,@miss k renee saturday cool friend. job different position let know town again miss u,0
3321,min till end follow friday,0
3322,[stapler haiku] whar night woo hoo yeah beautiful night party oops stapler...,1
3323,work work. kind o orc.,0
3324,@mommasalty ...that s miserable afterparty report,0
3325,best day ever. met greatest year olds. never see again.. ahh. miss i saw hour xd sad,0
3326,gave homeless lady named ruby ice cream sandwich cigarette. gd deed day. p,1
3327,@mariuslt sorry bad driving experiences.,0
3328,skipping school w carleigh today u barley got hr sleep last nite. got new bby kitten shes black,1
3329,drat. land boot died once. think boot like parsley one going seed first season. now,0
3330,java concurrency practice probably best java book ever bought. there s recipe interrupting blocking io ops,1
3331,@everyboy give best,1
3332,@rossmcw happy birthday. let u know get old boy,0
3333,realization today made sad least healing begin.,0
3334,didnt cry end sad see last episode er. man good series.,0
3335,beta . expired today back .. public release. miss already,0
3336,finger hurt,0
3337,puzzled people s mood swings... make somewhat sad can t pinpoint feel,0
3338,@mateoonline sure u did can t w morrow shw happy mommy day me,1
3339,sunglass broke,0
3340,always one time. always late. wanna sleep. miss mere.,0
3341,@meganduffy aww miss u too ate,0
3342,@hilholla fun flashy fed hill..im sure imported cheeto eating as fit lol,1
3343,@petecooper happy anniversary @fluffymuppet hoping many many more. best u,1
3344,hard start week long fun sunny weekend tennis free food drink nice people. day go next round,0
3345,want dazzle,1
3346,@amychiu fuck blink weezer one totally forgot.,0
3347,switch cellphone huaaaaa cant sleep buzz bebe..,0
3348,emo moment many tear love family sorors,0
3349,@littlelaughalot nice day like today wish garden,1
3350,capone island day summer starting...,1
3351,can t set p phone twitter,0
3352,beautiful morning nice,1
3353,http twitpic.com s saw family five get motor home laundromat clean clothes bedding,0
3354,@elliottng congrats wife would oppose live tweeting birth sure,1
3355,@lostmyheart hoping go away... mean get teary drop hat anyway truly awful lately full sad,0
3356,ugh tired,0
3357,kind lonely nobody answer phone.,0
3358,@neildavidson happened three week ago. why serial card fraudster loose,1
3359,@zobi cast true blood,1
3360,@linkedinbrian unfortunately nowhere near beach. fam area too.,0
3361,feel like bright new t shirt.. wish one.,1
3362,bad day,0
3363,@raspberryhatter aw. sound amazing think work. thank inviting though,0
3364,iï¿½m jbobsessed xd miss soooooo much live web cast bookface every thursday xd,0
3365,@peterdowley seen inkheart liked,1
3366,little slow try one ben amp jerry s mission marzipan bit letdown.,0
3367,@aussieboby like masterchef,1
3368,think cheap sunglass falling apart. oh well,0
3369,@jflutie u never sent carrie. ur asshole. asshole miss,0
3370,ton update including pic rob yesterday. check,1
3371,anthem right now.... leave high dry. http blip.fm fcr,1
3372,@lilabiem awww meee haha gonna make saddd,0
3373,cant sleeeeep amp miss long hairrr,0
3374,@xxyoushinexx hey haha yep me negative comment get reallllyyy mad always defend them haha,0
3375,@marisette weird maybe update sent phone haha,1
3376,drinking really nice coffee got go dentist am morning,0
3377,@markstanto thx webdu conf thurs,1
3378,wish still cornwall miss auntie s dog,0
3379,@mbs triste,0
3380,alone home.....,0
3381,went metro diner first time. awesome.,1
3382,bad red devils.. disappointing say least,0
3383,sleeping. lost voice couple day ago.,0
3384,spending quality time fender tele deluxe...true love,1
3385,@mintyboi smack head,1
3386,well look like hurdle out.,0
3387,@leslielang adventure fun yr old mo old you re brave. hope great time,1
3388,@rodmcnasty miss,0
3389,@kickzfadayz boy better get tonight,0
3390,@bobbiepen lmao man bummed stopped braiding,0
3391,@kusuma aaa new follower hiii,1
3392,cab slow probably miss first beer...,0
3393,@theolykos omg want go beach,1
3394,life exhilerating family kingdom good summer sport swimming ocean night kristin,1
3395,crappy day...,0
3396,@kingivn fun amorsote even tho u forgot bday today,0
3397,show tonight plans. ughhhh.,0
3398,can t wait. day till happiness.,1
3399,@cyberprvideo heard of. first mention me,1
3400,@gabrieledurning sadly late traceycakes got elsewhere still yummy. tea w wee wknd,0
3401,yum whole box cooky,1
3402,gray hat python book reminded many security tool python version specific pain need use,0
3403,car shopping kacy yay,1
3404,listening music @ home alone lol want come amp hang lol,1
3405,again dealing cancer direct family. bugger cancel suck,0
3406,somebody smuggle sydney slave eternity,1
3407,@shaundiviney send one please txtd got new phone,1
3408,light depression. payed extra bill last year taxes... must find country tax lower,0
3409,aaauuuggghhh n out check mcdonald s check haha next hot cheetos,1
3410,today dan bought bio dome reality bite soundtrack needless say get mayjah point also tummy happy. boo.,0
3411,soon going look cabaret going fun,1
3412,sulumits retsambew thinking billion here billion there pretty soon add real money.,1
3413,relaxing day park sun. back work tomorrow,0
3414,@kyle newman called sold out. bummer. next time,0
3415,@marissa heyy finally got one oh good luck final today,0
3416,raining cat dog here mysore thankfully pig swine,1
3417,sad take suit b c know going get wear one long time,0
3418,@ztnewetnorb hha yeah like heart weve met shaun bradie... seems real,1
3419,much fun tonight soo excited get home go sleep,1
3420,@lifeincyan randoms about love star war day realise can t believe almost over,1
3421,weather awful want curl read book day,0
3422,running annapolis half marathon weekend failed meet registeration deadline amp completely filled,0
3423,found rollo got happy hmmm.. guess really need inserted back matrix o,1
3424,@emillyschwindt thanks lady.... bummer sure.,1
3425,@mitchalbom. much enjoyed quot whats name quot article,1
3426,@crazytwism haha.. good,1
3427,trying fix sister s ipod phoenix tomorrow morning am hopefully actually get play tournament. stupid fence.,0
3428,@deathnerd ah man that s sucks. happened that s prompting reinstall,0
3429,need speak @sofiedeville left phone home,0
3430,waste life ... http tr.im mlou,0
3431,man.. starting rain real hard..,0
3432,@ladebelle yeah double edged sword. guess dead new story,0
3433,promised eat crisp im starving there nothing else quick eat,0
3434,@irrationallogic yeah daw. a wear mask na,0
3435,oh tweetdeck malfunctioning o il web fixd,0
3436,@howardlindzon kiss as looking forward central mountain pacific mother s day tweets. forget pei,0
3437,home alone yet again mam dad rather go club stay take out yes think prof loved,0
3438,playing @elgg cool new website... hopefully ready soon,1
3439,twpp one told me,0
3440,excited cwpm tomorrow.. one member going still good start,1
3441,long day family. tired now. fun,1
3442,@billiemcfly said nite x,0
3443,@dannnnnniiiie lol brandy mr whisker,1
3444,@cowpunkmom sweet deal want see movie methinks may star trek movie night time hmm,1
3445,@sweetpea here... sad time,0
3446,@celia brad finished lol,1
3447,@rachel pengov extremely so incredible mood,1
3448,farewelling employee tonight...,0
3449,got home city light show yeahhh,1
3450,@fatz galore aaaw bad .. good mood phone someone lol,1
3451,@sweetlilmzmia thanks song youï¿½re awesome. sing along day,1
3452,happy mother s day @mrskutcher,1
3453,still tired due late night work b early moro work bad time,0
3454,happy clean squeaky clean,1
3455,@emmacl thanks,1
3456,@professorspork actually envy even though already seen it. good,1
3457,@ftskirstin im depressed like baddddd.,0
3458,im really tired.. much time sleep,0
3459,soooo hungry right now lunch time,0
3460,@melissaar know agree with. angered me. sorry going postal.,0
3461,@misseileen hahaha really trying figure last time fb looking friend page,1
3462,employee orientation serco yayy.. excited nervous wish luck,1
3463,listening music...feeling kind,0
3464,@sirreigns good luck design....remember little people heading bed goodnight,0
3465,bank holiday ..... happy know clap hand,1
3466,bought new combo printer costco today officejet j cause cheaper ink old one. window like fax part,1
3467,bank get thing rolling hooray day off,1
3468,@ekardmatt well man truck many mile away,0
3469,listening p nk tunage trying teach cat dance it... think getting backing dancer next tour,1
3470,@kellyolexa monday start friday @ least work day week long day,0
3471,@disney dreaming what miley s gonna quit hannah montana ...i wanna believe it,0
3472,hmm icecream breakfast springtime,1
3473,pythonkings.nl equal gt almost better sims....,1
3474,become one pathetic girl feel lonely without boyfriend hahaha miss josey already,0
3475,@talisaduhhh miss bein,0
3476,computer alllllllllllllllll day,0
3477,thing better left unsaid . better know,0
3478,@lilvanillafrop that s funny,0
3479,up coffee hand laminate floor lay footy watch play living dream,1
3480,@jennifalconer tough that wanted hug like,0
3481,@rafealanthem yes ready go got here. ugh sooo pretty outside..,0
3482,please check lmk think ... first paysite ... post site too,1
3483,sex beach cosmo kamikaze captain america ahhh fun night. still over.,1
3484,im ill hate it. seeing doc .,0
3485,ok ... passenger ... one alive ... dead ... know til end ... cry ...,0
3486,got beat super larryonation,0
3487,blerg damn monday must always come. decent weekend new glass hair color got carded gamestop awesome ego boost,0
3488,@mrssunshine big now vanessa going september going fast hard cuz im workin much miss alot,1
3489,@aloliver am going hike today,1
3490,@crimsondreamer bueno. hollykins need feel better asap. p.s. miss you. done uni soon you soproudofyou.,0
3491,@mrmaxroi hey good see here follow you. would nice photo,1
3492,welcome new follower also,1
3493,@myucan wahahahaha wanna naaaaa well...hapit na guess. hahahaha yes know hahahaha lol narn haha joke,1
3494,@rebeccao thats ok yeah good night thanks. glad too. hope enjoy bbq,1
3495,bored. waiting till go tha bus,0
3496,@rorzshach oh hug,0
3497,heading x nadia yeee,1
3498,nite people,1
3499,@drewryanscott like u said quot give tc chance quot miss thomas move on. watch this http bit.ly rrfc,0
3500,foooood yummy so. whose washing dish .. rofl,1
3501,oh hella forgot say official good morning like hear it go goooooooooooood morrrrrrrrning twitterville lol,1
3502,little sad school ended today moving going miss new friend year. got hair cut,0
3503,@stephkerchner heard grapevine might see around today. looking forward meeting you.,1
3504,way home school lol car tired,1
3505,christian mobile directory running month old visit http tiny.cc caribdir,1
3506,cold take boat tonight might go anyway danvan operation either. bummer,0
3507,back first k running race still alive,1
3508,learning play sweet child mine guitar. yays.,1
3509,tired work till tonight happy mother day everyone http tinyurl.com qubl,0
3510,think book gone forever... mourn forever shit,0
3511,waled past quad want outside fun.,0
3512,still can t believe matt mccoy interview got view twitter truly is....awesome,1
3513,@xxdepinkladyxx know join freekin club,1
3514,@thebigmac cool. boob itch. got sunburned volcano,0
3515,@wiccawise idiots. ok mostly skint hell could ve done something......,0
3516,wtf come need day go,0
3517,that btw,0
3518,@shaymonkey comin wit u,1
3519,helping ex student uni assignment via skype .... gotta love connected world. sudying game design . even better.,1
3520,@antidepressiva get motivated fact know wake productive go sleep in though,0
3521,cant wait thursday,1
3522,@natalietran really like http tinyurl.com cmhr reminds little favor hfw,1
3523,work oh first day monthly visitor ahhhhhh,0
3524,scene slut am always shit,0
3525,raining phl delay flight schedule bummed missing jay leno s last tonight s show today...,0
3526,dj s partypeople great cc. kicking next one june,0
3527,philosophical mood tonight wandering round dark,0
3528,fjdskal im really frustrated.,0
3529,@parislisbonne glad liked want more,1
3530,@snoozen think home want next week work booked forseeable.,0
3531,great long weekend far going run judo tonight blue water quot retail therapy quot,1
3532,favorite spotter last tweet go phone,0
3533,@joshuawoodard happy birthday man ride wedding see guy soon though. play july th,1
3534,dream world battle evil spork horde. later folks.,1
3535,justwatched depressing episode jon kate ever i actually almost cried.,0
3536,@mileycyrus quot i wanna go prom one day quot i wish u go prom even though im guy.but thatwouldmakeof myfriends happy,1
3537,@cubedweller doin tell me tell me,1
3538,@ corruptedangel god really really christ,0
3539,ewwwy. campus cleanup community service.,0
3540,digging idea behind railsbridge http railsbridge.org,1
3541,mind playing trick me ...or could be either way ish mind heavy sleepy,0
3542,@chriscuzzy ...now going back bed. lol. enjoy time gym. sleeping.,1
3543,@sweet pea darn think journey like really,0
3544,@jessmcflyxxx would idea haha xx,1
3545,shit night. want john he,0
3546,im contacting paw philippine find quot tiger quot new owner. im sad. love dog soo much,0
3547,ouuuuuuuuuchhhhhhhh still hurting barca spanking,0
3548,chris pine zachary quinto leonard nimoy snl tonight quite possibly fun geeking long time.,0
3549,glad home wish could make @cbrown feel better,1
3550,@mightyvanessa hahaha that s cool pic sal made daniel you. lol.,1
3551,using tiffys computer...it feel different mine... touch different.,0
3552,@mkeguy thank great weekend,1
3553,ok. time nodd gonna long day tomorrow. saying goodbye car good,0
3554,@tiwurayie geez one time row.. patience good thing come patience. lol. wish could sleepover..,0
3555,@infovestment lol true. keeping eye arent tech savvy alright thus far,1
3556,amp amp the night continues w fav mazie kristina ericka amp amp robin,1
3557,going thursday terrible idea. knew reason done quarter. pop advil,0
3558,new twitter coolness conversation neighbor http is.gd ybd thunderstorm.,1
3559,wrong button ... music biz building is.,0
3560,headed beach puppy maverick hug much aloha,1
3561,@pristina hide berry like slave regularly today caught massa amp im def light enough juice pouring slave,0
3562,@pauldoussay yes stupid girl kind,0
3563,@trudymagnifique haha check site got good one,1
3564,@dejam. well gotdamn girl dont know else sleepy again grrr,1
3565,whistling work lame lol,1
3566,grandparent cat may die... love cat. swear goes...,0
3567,say new layout cute x see cuties hahahah http plurk.com p suqp,1
3568,@kimberlysmoore good realistic still like thinking it,1
3569,holy smoke star trek freaking awesomeeeee,1
3570,@lilyroseallen britain got talent rather disappointing year,0
3571,@pntbtrkisses agree @dog crazy worth block amp let twitter police know harrassment.,0
3572,going dinner. bb,1
3573,good morning folk ya gonna today mother day,1
3574,@sln lies. fav song alone room rd floor,0
3575,@hilzfuld patience worth,0
3576,thats moan day,0
3577,@jpallis john present ever even online edumedia,1
3578,@its claire lol buy u big star war pant xmas,1
3579,exhausted sore sunburnt. really happy,1
3580,bad dream cant go sleep keiligirl,0
3581,macbook inviting friend twitter happy mother day,1
3582,@praxilla kid count day till saturday. hope something remember life,1
3583,tbh credit phone sux. cant even text people see what s happening like totally grrrsville,0
3584,crappy music radio,0
3585,oh miss truck... could whole place moved now...,0
3586,sad gone show mcfly fan them,0
3587,@werewolfjacob thank shout out..when get time chat come back miss terribly,0
3588,@ruthieor thanks,1
3589,@pleasebemine australia get may th off enjoy,1
3590,sha fcp macbook pro buddy now.,1
3591,morning got coffee,1
3592,@aonir trying convince @janeylicious wait bit see up well. want see,0
3593,@tommcfly am @buonotomato stopped tweeting brain s functioning. wanna cry. haha. philippine tour please love ya,0
3594,gone.,0
3595,work @britad yay,1
3596,@lululemon thanks. sadly streamline top ii sold out. streamline trunk ii available size get halfway.,0
3597,feeling sad dont goodbye z,0
3598,p rainging,0
3599,dark knight dvd missing pissed,0
3600,@mr bill good morning too.,1
3601,never pm finish looked enjoyable. pity teetotal another week,0
3602,got back greenlake. nice day today,1
3603,munchin bacon butty woohoo faves,1
3604,jenny fell asleep come,0
3605,@missxmarisa scone afternoon great gonna make cupcake week wednesday,1
3606,omfg favourite jerk chicken place closed,0
3607,really really... bored bad know news thats ok. brb x,0
3608,@mitchelmusso didnt answer,0
3609,got back from..ahem meal ...was boring eat nonetheless,0
3610,@judez xo pretty took like hour ursssss,0
3611,fml.. today sucks.. hope dance bring soul up.. pray im still sad..i hateee todayyyyyy gt,0
3612,@charlieks @tonita face @emmaleeks nana.wish last night,0
3613,sitting audi joburg fashion week casting. many lanky people one place almost . lol. good luck everyone xx,1
3614,study day. finished care plan. hungry hell ima go treat burrito good day work,1
3615,happy mother day im spend day family,1
3616,@andysowards andy great am. wall first day event apart exciiiiiiiting. r u mate,1
3617,dios acaban de tocar pain pure heart en el primavera sound life fair,0
3618,@hollywoodtv alison great around miley love meet her see tell give shoutout @brad fan,1
3619,topic missed motorcades. secret service tricked u all. bush clinton,0
3620,missing ontario..,0
3621,stop everything extremely uncool amp know identify now shy let know unfollow thank you x,0
3622,guy follow @ginoboi rx twitterwar dd go ginoooo,1
3623,@marijo sabido nada de ti making bit sad must say,0
3624,cup tea cold tasting really good,1
3625,bacon fail gulb... lack chef,0
3626,packing gym bag. gym bit. squee happiest whem go.,1
3627,@lifebychocolate alredy chocolate impossible resist,1
3628,apparently misplaced ipod gb,0
3629,@spicybev yep itï¿½s mother day well family ignore it weï¿½re celebrating every day ... lol,0
3630,wish sun would come out...i guess matter since work can t enjoy anyways,0
3631,wanted new liver kidney glass wine would good toooo,1
3632,loved sun today. love black suit black top plus train tube get meeting back need shop summer,0
3633,yeah last long..,0
3634,follow dream chase them. richard dumb who think smart,1
3635,ughhh third bottle foundation broken,0
3636,feel actual heartbreak.. @levanah gate last night x,0
3637,@danielleadalis ending te funniest see. @jonasbrothers know paranoif always stuck head love it.,1
3638,@exocetau always champion league party ti awesome,1
3639,playing munchkin today talking cake getting ready yard sale tomorrow. looking forward,1
3640,@eashmore like real time guys. ha. g night. amp happy birthday kid,1
3641,http twitpic.com q so....i pe pocket artoo,0
3642,smith amherst mini reunion last night fun miss old day,1
3643,happy mother s day,1
3644,surprising momma bear,1
3645,can t believe metal gear solid song stolen disappointed http bit.ly ykksu,0
3646,@andreamichellef s birthday today wish good one asshole sleepytime,1
3647,maybe take drinking again feel massive hangover still yself today,0
3648,wish going see @patmaine @johnmaine @garrettmaine @jaredmaine @kennedymaine today sad dont,0
3649,always feel last.,0
3650,braid free miss thee ... blond come,0
3651,@christineknight poor love hope get relax somehow weekend.,0
3652,vacation over looking forward next one........,1
3653,oh gosh hollyoaks sad tonite,0
3654,zapatos trashcan nacho epic night,1
3655,@ryandownie problem dude get better soon cold well bleh,0
3656,lan poker much fun someone help remember ki compre chal raha hai abhi,1
3657,work. last day. get walk around out process. happy one step closer really want do .,1
3658,beautiful morning mountain,1
3659,@loadedman look background that s want future date like well ever get him .,1
3660,wish raining,0
3661,horoscope website use changed around like it,1
3662,@stephmccall ugh worried history wednesday freaking much,0
3663,excited bout going nite bummed cuz im da designated driver. drinking angie,1
3664,@mamacapps know one. harder me.,0
3665,aaarrrgh sooo want see @johnlegend msg august dammit decent seat expensive. booooooo recession,0
3666,@ writersblock bev too. sometimes kind day need relax,0
3667,fire call today missed,0
3668,tgif. ..i wish saying applied me work saturday,0
3669,eaten feel extremely bloated... fun part.,1
3670,saying goodbye @jesshowe year awesome helping fit team veritas,0
3671,wishing michou show right now.. god. life isnt fair,0
3672,wish yesterday friday,0
3673,@danslevin welcome thanks inviting u talk. hoursnz like becoming parent. one really prepare,1
3674,maybe cell phone soon yeah,1
3675,@caldjr yeh,1
3676,@vixx haha whole world lol,1
3677,maaaaan last night funny night sad aswell tho,0
3678,@vickytcobra wooo fight goooo vicky,1
3679,working a p today. . hour lunch... hour work. overtime good. fact already dead tired bad.,0
3680,@lestockdrop wish,0
3681,@madush oh my... im offended. ha,0
3682,wish paramore would come ireland,1
3683,left inn im school. dang straight dead here [ lt hannah],0
3684,get tonight s sytycd online anywhere...streamed like hulu paid like itunes. missed favorite judge can t sleep.,0
3685,pleeaaasee come sun,0
3686,@jackalltimelow wish could go melbourne show parent let cry,0
3687,happy mother s day wonderful mother world included...,1
3688,@jennabeaniscool need hug anymore,0
3689,haha bet man make heel im sorry hurt though. hope feel better livelovesing,0
3690,fb hate try amp support local bookstore amp never need,0
3691,wished didnt spend money last night,0
3692,@chearn thank make sure u read group description better understand project,1
3693,@epic war mt longer blue,0
3694,@ninjapixie sorry loss. know feel. lucky cat.,0
3695,@gemstwin granny linda happy.,1
3696,get job stuff magazine dammit would amazing oh well.,0
3697,nudged much going lately umped game wknd took one pill,0
3698,@amillerwvu going mad. got sent office sub. class really bad that hear. sorry.,0
3699,sleepy earlier didnt get see matt,0
3700,@agent m gave sick to my stomach feeling ppl like belong regular society ever,0
3701,break packing. watching office pam quot i woken up. look cute. that s knew meant it. quot,1
3702,@redheadlori happy mother day,1
3703,thinking f lt,0
3704,sound input computer stop working mic jack usb webcam mic work either checked input controls.,0
3705,@aphrosie would still involve standing up. lol. window high up. guess im gonna go,1
3706,@shortword ah cool yeah see . really handy thanks,0
3707,got brainbone daily question wrong http bit.ly ddt,0
3708,@kenzonian yes do still almost gmail storage ceiling argh forced delete stuff.... buy space.,0
3709,http slingalink.com evice daughter kindergarden,1
3710,@andypiper aquired... new oppertunity. sorry support mac. tell,0
3711,@jerseyzmorenita sad true shouldnt right,0
3712,found six great vegan place eat relax at four can t get without car,1
3713,@kinahboo imma miss dem kobe nd bron commrcials wen cleveland get knocked doe wer funny,1
3714,@phoebealice x brother moved,1
3715,@spitphyre well good luck twpp hour time think way home fun,1
3716,@coliecent later... feel good guilty,1
3717,@arizonaobvious suck,0
3718,@phil download iemoticons appstore. ï¿½. cool,1
3719,watched wolverine yesterday ... spur moment kinda thing. awesome proud south african director,1
3720,@ste feel pain hayfever forgot take mine yesterday again.,0
3721,@lovelylu nice...i cleared head,1
3722,@petetaylor miss too,0
3723,@crizzoid cant stand summer fever for me weather get really humid lol,0
3724,finished watching last star war,1
3725,hour now since dog put sleep. rip old friend.,0
3726,feeling really good performance ap government amp politics exam morning. going lunch krista.,1
3727,@mitchelmusso never reply mee must really hate l,0
3728,eating breakfast getting ready go school,0
3729,bye bye edinburgh want leave,0
3730,@queeniecyrus morning miss sarah cyrus what s up x,0
3731,ugh. tired. waitin bus. @jpbabii good morning,0
3732,leaving utah today super sad face,0
3733,ever come across something reminds alot one person completely broke heart cause,0
3734,@realblackwidow dun wanna,0
3735,nothing like p kick off bank holiday dig haircut luke next stop...selfridges,1
3736,@billbathgate im doofus could happen wahhh im break,0
3737,watching men n blk wishin mum happy mother s day,1
3738,@divabat sorry hear that. lost two hard drive year know feeling,0
3739,quite cool day charlie ben aswell got lost stung nettle,1
3740,http twitpic.com wcy cracking amp up.. phootoboothingisfunforbunny volumen eins,1
3741,omg @nicolekennedy found thnx,1
3742,want cry thought nba season almost next year miami,0
3743,oh memory http blip.fm yxd,1
3744,@moochergirl think tiger crumbling. surprising all really ... lol ...,1
3745,@josieinthecity lol good men watch flick w u sigh good flick far called quot because said so quot,1
3746,think gay,0
3747,hungry already. impressed everybody gone ruby,1
3748,@williambeekhuis hahahaha train want on wild ride,1
3749,made sister cry hahah. bless her. hope again.,1
3750,@missamanda yeah take care tonight tomorrow pay night easy,1
3751,@neilmcdaid look class water splash look real looking forward review copy,1
3752,@incrediblelago soo honoured u cld chk beat perhaps sm advice wat nd improve da overall sound music,1
3753,got caught rain. sand monsoon way home even though looked like complete idiot,0
3754,@mulla oh noooooo sorry suck hard,0
3755,@apstylebook know need thing life constant,0
3756,@thirtysix funnily enough roland president social club,1
3757,spare time seems twill spent homework weekend.,0
3758,yum mother s day lunch food business burnside delicious gorgeous day,1
3759,mexico city traffic beating rush hour make aeropuerto,0
3760,wk wishin annies grad ceremony coodnt becuz sumthin dnt care mention... sooo sad,0
3761,@annieareyouohk no annoying make u girl follow sport knowledgable look dumb,0
3762,last day working tend,0
3763,wow realized checked twitter since am saw to do list. good news got lot done. bad news don t know day went,0
3764,missss friend plav time long day work hahah,0
3765,wooow charged ipod touch day today still alive that s coolio,1
3766,lost friend alone sleepy..i wanna go home,0
3767,@jgurl thanks,1
3768,finally im back online miss lappy. many thing follow up. starting ning... haha.,1
3769,@beltranm hello late playing internet. love you,0
3770,alo sad quiet empty tonight,0
3771,@gavinholt wish outside,0
3772,@mgiraudofficial give anything there. bad tennessee.,0
3773,@jackalltimelow im glad lot happier barakitten lt see yah july,1
3774,feel depressed save it... thanks nothing,1
3775,@danny @gavinmusic great pic have upload pix tomo i ve laptop tonight.,1
3776,vampire knight music feel special..,1
3777,ugh two week push produce six pack produced nothing pain,0
3778,@sweetdee peanut butter soup amazing everything else soup higher form amazing,1
3779,watched happens vega really good,1
3780,roxie feeling well http apps.facebook.com dogbook profile view,0
3781,want go school. oh well. get early anyways.,0
3782,feeling good,0
3783,miss wacom. especially mouse. laptop touch pad horrible,0
3784,rode moped mall. fun stuff flippin gorgeous out. sad @maeannette sick,0
3785,@thedebbyryan left message hope get,1
3786,@thefifthsister happy came said hi twas nice meet indeed thanks much coming talking,1
3787,@thenetimp yeah... gonna long me.,0
3788,sooo lost without car truly depressing. pregnant people never stressed out,0
3789,really really hate biology u u,0
3790,@awkwardtown fuck already thinking show going miss broke.,0
3791,mcfly anit age z,0
3792,wish work today.,0
3793,blast babe. thanks joe. lt love everyone tyler...happy birthday.,1
3794,@sunmee hope studyin went well,1
3795,really weird night last night miss friend,0
3796,wish didnt go work tonight,0
3797,time school y all happy starwars day,1
3798,enjoy laker game guy since work,1
3799,boy girl lie awww santa real either,0
3800,back home phone grandma... love miss,0
3801,moving office going miss hollywood.,0
3802,officially booked seattle @cfine @ebotkin going best birthday weekend ever @bradlawrence you made sad,0
3803,looking forward driving storm.,0
3804,@guillermop should.,0
3805,intel gfx driver situation much better recent upgrades. kernel ..rc driver git suspend working again fewer mem leak,0
3806,fall asleep know feel lol. drag hell tonight quite excited,0
3807,@rawrrgasmic dreary monday morning slept like crap...give break...,0
3808,@adamcrooklyn good morning broham,1
3809,cried eye watching girl last period hahah,0
3810,last time get taco like this.,1
3811,@xhayleeey finally getting ready see msn ahaha fun fun fun,1
3812,@agent m thanks remembering,1
3813,haha bored...but happy mother day,1
3814,glad home. punched late today. tired. thank goodness tonight. make sure something fun today.,1
3815,@empirebetty well tell marry like. maybe that s stuck situation like,0
3816,oh. tired.,0
3817,spanish crap,0
3818,@bbelle yeah knew link completely amazing sings phantom,1
3819,stopped raining. fuckingtastic,1
3820,supernatural tonight yay,1
3821,@sharlynnx aww thank xx,0
3822,nighty night ya ll tweet dream,1
3823,@sophiatam haha yea working chillin eastbay. unlike u get summer break boo,0
3824,sick past day thus hair look wierd. didnt hat would look... http tinyurl.com mnfkw,0
3825,wish get least day off row. day enough rest. day on day off day on day off...ugh,0
3826,miss boo,0
3827,columbus blue jackes may movieing anew city play thats sad news,0
3828,busy day time tweet bmore what s happening weekend,0
3829,eating rice breakfast. yes.,1
3830,@followsavvy @followmandy funnn,1
3831,@velf missed last night hon,0
3832,oh yeah like waking early. around mid day get tired.,0
3833,happy happy joy joy good enough,1
3834,@dayna aka rowan could talking he s probably though,0
3835,modem offline week now... god bless g network. tim left... again may schedule brutal,0
3836,want pineapple miss baby,0
3837,@kellykfog totally unsurprised dave coming back @. annalisa wrong it opposite big warm mellow dave.,0
3838,@ohmoss curing le hangover epic night bruised n battered hectic go karting session. pretty satisfied thank much,1
3839,@bd illustrated too hard argue w cause make great point can t wrap heart around one,1
3840,@eabearce oh @ work poor boy,0
3841,santa cruz interview jamba tomorrow morning,0
3842,dont wanna get bed wanna go back sleep.. open store work though,0
3843,@keithjoforever angry keith... whats up...,0
3844,bad mood dont feel good. bad one care,0
3845,listening opeth. trying think missing show san antonio. failing,0
3846,oh yeaah. still bffs aha @sadie marie.,1
3847,@rubios beachmex can t dm since follow me.,0
3848,@buggysrose haha i may that yo,1
3849,happy star war day lol. may force strong all.,1
3850,goodnight beautiful world sweet dreams. olive juice,1
3851,posted pic college myspace katieheidie,1
3852,leaving work going crystal search license picking bia up heading vegas. ugh tired already,1
3853,sick ians coming good,1
3854,little girl holly find time aw get load vote bet,1
3855,@tom conrad take good photos.,1
3856,@mynameismo good morning here s hoping good one ya,1
3857,wordsaftersex hurt,0
3858,miss feb rd best night whole entire fucking life. rather re live night win million.,0
3859,@ziggy friday feel boring too. time fun today much mood either,0
3860,@gfalcone little girl bgt sad cried lol xxxxxxxxxxxxxxxxxxx,0
3861,life would suck without kelly clarkson,0
3862,@jennettemccurdy http twitpic.com vvr cool mother awesome hair style wish happy mother s day,1
3863,@lunafactor kinda wish went now .. can t fall asleep,0
3864,@barbschaefer yearling pet home died... sad whole family,0
3865,rip kelly fucccccck,0
3866,good morning everyone enjoy day thinking tweet friend,1
3867,miss talkin turkey. really miss talkin turkey.,0
3868,@rarecandy wanna go car here...,0
3869,want ben jerry lol tweet people im bored,0
3870,currently enjoying work bank holiday frasier jeremy kyle far. enjoy extra day tweeter,1
3871,@vernaewilliams @lancedrummonds two hilaaaaarious love it. vernae,1
3872,happy mother day beautiful mom s day cherish best woman life,1
3873,@psychobeauty word ima summer....just move back lol,1
3874,hello new follower suddenly lot you take little time get round,1
3875,played friendly gm today bulgaria . def. pt. offensively still working timing. israel sun. gotta cut players.,1
3876,bummed missing rock climbing trip next week,0
3877,put dog sleep love abby rip lt,0
3878,grilled chicken broccolli water. yummy healthy. well put butter veggie whatever,1
3879,@blokeslib absolutely quot his view quot section site.. know busy welcome guest post,1
3880,@chynadollxo na friend.. why ask great physique lol,1
3881,@staceyi awww missed twitpic,0
3882,cold rock choc mint bubblegum cookie flake nerd yum xd . fun day.,1
3883,sometimes thing say hurt one love unintentionally. never ever take back fix it.,0
3884,oops meant tr sorry lol,0
3885,course rain five minute finish watering flowers. took half hour water too.,0
3886,@besz well good luck then.,1
3887,@larrybenet per taylor dayne conversation. official jealous you.,0
3888,@gfalcone tom u hahahahahahhah bff,1
3889,@agcruc girl part tour would seriously first line tickets. sayin .,1
3890,get new laptop day excited dell inspiron coreduo .ghz gb ddr gb hdd . inch screen,1
3891,eww gross amp lady keep looking weird ha ha another smiled amp asked company..me army lol,1
3892,back @ home .. bathing kid ironing clothes hubby .. nephew s graduation tonight remember,1
3893,empitome epic fail know epic fail.,0
3894,gift myself. published episode align re align sensitivity level min yoga class http bit.ly qagh,1
3895,sick,0
3896,see wat mean bout follw friidays... called lose fllowers friday... smh,0
3897,here s big moan dave leyrock... im hr pity me coloursfest ahoy xo,1
3898,@rowansong fantastic,1
3899,happy star war day may th you,1
3900,@wholee aaron playing gig life aquatic party outside austin think mi tt bday party sadly,0
3901,@treewatcher ah veronica pleasure meet stephen,1
3902,@trillian account local comic store ran k one time,0
3903,listening song quot shattered quot tynisha keli tynishakeli,1
3904,missing shotgun match guilted going store wife.,0
3905,im dreamin loud cant mine know,0
3906,miss argh,0
3907,@catrionat yes yes is. ima guna lol.,1
3908,@sarahismail cool,1
3909,@torenheksje thanks retweet,1
3910,sunny morning big k lawn mow mile run attempt urgh,0
3911,@jesfive sweeeeet san fran awesome love,1
3912,@sueveeyall haha wish could,1
3913,everytime still hold horrible horrible memory though.,0
3914,@susan ferman that s weak facebook fail,0
3915,@suziebee yes dear.... ... opff bblr,0
3916,one tesla dealership,0
3917,think thing say make super chunk chocolate muffin kid,1
3918,@sampad till ..ice cream,0
3919,friend feel though need bring gift house warming...a mess,0
3920,@curvaceousdee aw gutted,0
3921,@veropperez great gpt tp put lyric in finsih background go writing done,1
3922,@trixie zombie wrangler sound like fun. halo wars.,1
3923,playing zeke leaving today,0
3924,@pollybowles say really miss red porsche sold yr ago,0
3925,@leslie pearlman mow love mow,0
3926,finally learned think speaks. work wonder,1
3927,swine flu temperature screening feel like criminal cold.,0
3928,@ingridholliday good morning,1
3929,gawd . dream actually happened last night....,0
3930,home ghost girlfriend past lovely luddite exactly high theatre good date movie,1
3931,@khanserai know feel on bright side moving place would appreciated onwards upwads,1
3932,@amhartnett sound like fun,1
3933,beautiful day shame got spend office,0
3934,finally got set key store. celebrate,1
3935,fun nite...i pleasantly surprised,1
3936,rip officer edwards. may god continue bless family. what s wit cop killing cops. seen thing happen quot the wire quot .,0
3937,awesome day zoo yesdy gettin ready church yay,1
3938,@cursedjezzy thanks mascara input. appreciated.,1
3939,feeling stressed strung out awake .am mind buzzing... mr dr. talking,0
3940,evidence conviction absolutely hilarious.. make day every time http bit.ly lrolj,1
3941,@freebiesmom video available online gone morning missed waiting long,0
3942,@aruky yes nba song great got old funny nba cheerleader remix song. ohrwurm day quot colorblind quot .,1
3943,got bouquet flower mom hehehe sweet,1
3944,eekkk back work,0
3945,watched wayyyy much beverly hill today proud fact. tv fail,0
3946,got people let skip sci pratical becos skola impt dont waste parent money. nt fair.,0
3947,always get really excited steal kiss ben harper come ipod...great song...love beat boxing beginning,1
3948,enjoying great buffet brunch friend amp bachus st. mark road. food service amp ambience get . . definitely coming back,1
3949,dad s posting got postponed one hour meant leave. either going afganistan nowhere. sorta happy gutted,1
3950,really missing hockey already. night dtn naperville. can t wait day tomorrow work sunday.,0
3951,feel crappy today,0
3952,@junelover email em email gave u thanx awesome person,1
3953,@domsofresh bl muthafuckin ah win,1
3954,@ggw bach thank positive energy contribution here,1
3955,please vote sympathy bgt,0
3956,music soothes soul...,0
3957,flu pas unto andy...went shopping got fresh chicken chicken soup...but d amp d sat ...is sad panda,0
3958,@fanboy uk yeah myst,1
3959,@saytri lol exam go mcast school finished form that s soo disappointed,0
3960,@thesvillenews http twitpic.com kb sad day great guy enthusiastic teacher.,0
3961,@dmaul yus really nice,1
3962,soupy soup time. today heinz cream chicken mushroom yum bbl,1
3963,feelin hot,0
3964,phone ultra fast latest firmware update installed,1
3965,@fabmissk need quicker keep nerd streetcred haha,1
3966,@davedays gah got song itunes happy awesome keep up,1
3967,happy mother day mom mom mom mom woot woot.. mom rule,1
3968,random night fun im chillin home.. happy mother day,1
3969,@lozingsleep damn charming skater look kind of....hot hot mess catherine pls hate hitting friends. tnx,0
3970,feeling better today still sick.,0
3971,philosophy final today thank @sportygirlie day now,1
3972,idea im completely lost.,0
3973,@jasoncalacanis damn missed live show guess wait till available itunes,0
3974,excited jam audition,1
3975,mac user completely given google chrome,0
3976,@nicolesssss no dayuuum o clock better,1
3977,@ supernatural http twitpic.com k hhaha wanna cry,0
3978,brother wandering around house underwear. charming sister female guest sure,0
3979,twitter fam i m hop back aim went ghost y all lolz sowwy,1
3980,@taylorswift wish could come swindon... hour away...its dream meet xoxo,1
3981,picked jesse lacey kevin devine grace read bootleg net acoustic tour really good,1
3982,omds holly steel bless her x,1
3983,sad... come pooch hall game accepted friend request facebook yet,0
3984,checked bank acct mornin..got lil sad..then decided would imagine end make smile. whateverworks,0
3985,playing guitar hero waiting abby text prom,1
3986,nooo ill must paracetamol nice weather today though.,0
3987,could kill him hollyoaks made sad.,0
3988,@jaycoolk want go peaches... also miss kittin pendulum chase amp status bloody beetroot fair,0
3989,happy mother day mother s entire world deserved day u right...,0
3990,member cf check facebook computer immediately. sweet video gulardi waiting all. made teary,1
3991,slice pizza movie star trek shared hot fudge sundae @ sundae house. saturday night date night,1
3992,show gratitude someone something nice you... small quot thanks quot go long way @mike wesely twitip,1
3993,sick math,0
3994,work,0
3995,@active girl bummer...mail came package,0
3996,hey mates. came home beach. hella tired. hour ride.,1
3997,sad...i ll miss grandma angie.. always like rd grandma me..,0
3998,gonna go yoga ing jumbo cup coffee thinking making happy,1
3999,freedom,1
4000,subway im going get subway.... love it ate often new zealand....,1
4001,starting internship today pretty excited,1
4002,dog poppy poorly hate seeing pet ill sad,0
4003,@ravenlar s ok trying plot alternative speak sigh,0
4004,oops forgot shave leg byebye favorite cousin bklyn two night row... go hardd,1
4005,yawnnnnn slight headache n hangover grrr,0
4006,miss,0
4007,rain almost perfect day clothes wet,0
4008,@daniellefecci quot you guy could fun cardboard box quot .. miss already bro.,0
4009,watched adaptation interior woman . all good movie night. breakfast dad kelley morning,1
4010,work apparently sun shining valid excuse stay home,0
4011,writing song,1
4012,way homee love long car ride lt,1
4013,life boring without,0
4014,@jackalltimelow got jagk shirt mail omg love it see saturday,1
4015,@ginidietrich weather report week upper s make happy perfect running weather,1
4016,raining can t go jogging... house gym...,0
4017,go last theater lunch im gonna cry.,0
4018,brush teeth im eating chocolate right ha ha sharing,1
4019,@revfry fam would disown u there u really wanted come bbq got weekend mixed,0
4020,@jonashelford kewl got iphone gotta hope last weekend got shuffle might bring anyways... see ya am,0
4021,@monica hour late never managaed sleep properly. think david tweeting back earlier reason. ahaha,1
4022,@steven morale like you. mean random person obviously know you. but. think alike,1
4023,cannot find poetry book. dad s tear room looking it. don t gonna sad,1
4024,@troublepandapr ok that s true plus insulting saying insulting you trying cheer up. butï¿½nadaï¿½,0
4025,last night bad guy tried enter garden . alone really got scared. now feel really stupid. funny,0
4026,@genehiga congrats knottie man,1
4027,best e commerce site hope watched big bang theory. http please hit quot buy now quot,1
4028,@nice argie yes,1
4029,@prncsztalia hate me,0
4030,missed ups guy again ugh sad got cool stuff today super excited about looking forward tonight,0
4031,@daysofbigwheels wish could see first hand,0
4032,makeup cute dress ready go,1
4033,@captblackeagle miss captain,0
4034,saturday night live amazing amp make laff lalala always love show timberlake s sketch always funny lt,1
4035,@rosewindale itsurely dear . posted presentation swine flu yest got downloads day i feel great,1
4036,mummy need,0
4037,@seoulbeats romance zero funny,0
4038,wait get home watch new moon trailer clip. stupid work internet access restriction,0
4039,can t beat time low.. soooooo want go metro station.. cheap shot wont able break bone,0
4040,@duongsheahan nice meet too @nancyloo best bringing along,1
4041,knee sore physio,0
4042,lost voice . torture,0
4043,@astaldoia definitely something egg yummy,1
4044,@mingo suffication breathing. okay. there ll more. invited mine can t promise fun times. jinx,1
4045,@sheridanpaige loool sheridan ive got swine flu im still coming skl tomorrow way hehe,1
4046,@goofygeorge totally welcome come hang wiki it it,1
4047,hey hey happy mother s day http plurk.com p svwii,1
4048,good day till twisted ankle two mile run,0
4049,sitting gatwick going home week cant wait see family,1
4050,@sharlynnx too please come online hope amazing weekend,1
4051,twitter,0
4052,enjoying lazying around eating rose chocolate x,1
4053,@ nylana an happy mother s day,1
4054,raining..,0
4055,cancel wow,0
4056,@clumsyflic kid got second chance shudnt have. mowgli didnt. gutted,0
4057,youtube working,0
4058,liesboystell one love they really several woman,0
4059,work suck big time,0
4060,played bit pool buddies....going bed now work tomorrow,1
4061,follower more....for twitter party,1
4062,feeling happy despite amount work need today happy time,1
4063,say everyone busy http plurk.com p rouv,0
4064,finally gonna try fall asleep goodnight.. like morn... sleep,1
4065,good day @tuanyia @mirandaspazz @augustblossom @amoremotore http blip.fm yomt,1
4066,@johncmayer haha humor make happy,1
4067,@calikiks asap. but..... kid asleep. car seat arianna. take u need pay v bill,0
4068,@rebelraising yeah lying bed thing s bugger blocking creativity worse pinned pet cat apparently...,0
4069,@dinob ask mark still old blink sense humor miss,0
4070,@a tall blonde hello thanks follow.,1
4071,friend,0
4072,excited blowing another candle today... [as kid ],0
4073,@kelseyrose wish going too still coming nicoles preprom @nicolesx can t wait preprom,1
4074,sunday morning bird chirping. hoping best praying best.,1
4075,fun wango tangooo,1
4076,@majorspoilers majorspoilers.com problem cannot get site working,0
4077,omg supernatural good news week,1
4078,@sevidesigns delivered next friday. looonnnng way away people guess laundry next week mil s.,0
4079,wah fav whattaburger location closing st. damn. good thing moving. damn mon fri,0
4080,wish pool,0
4081,tiesto vicky park excellent,1
4082,best lazy really productive day ever. many option lay ahead me. job prioritize thank u universe. luv dd,1
4083,selling artwork risk game boy startrek needed. good day,1
4084,new stripey top day,1
4085,glad friday. got work tired.,1
4086,going sleep peaceful wanted hear say good night happen good night everyone....,0
4087,@unmarketing fun idea. but saw clothing would really look slouchy would buy think not. people r buying dream.,0
4088,im depressed pretty day everyone either something can t...bleh .,0
4089,@joyvbehar iï¿½m sorry,0
4090,new york ft look rather good. last night big apple.,1
4091,@jimmyheartcore awwwww snaaaap jimmaaayy. man hookups. bad far away,0
4092,good morning scary world,0
4093,im full. subway bomb waiting nd shift start,1
4094,drinking instead beer airport beer.. least carbonated... http mypict.me zu,0
4095,saw ghost girlfriend past bf movie predictable funny loved,1
4096,@rewebcoach far with exception rain morning great. let dampen day,1
4097,soooo hungry. waiting bf get home car trouble waiting mechanic help him...,0
4098,@ss yes that s meant... anything turn hirigana though.,0
4099,@pibby darn go whole weekend without em,0
4100,@alancostello well...as long tree yeh definately need go find one maybe crutch tho p,1
4101,@tegs bahah would really funny would really cut haha,1
4102,lost follower oh well probably one mute one anyway.,0
4103,@katoi awww happy birthday,1
4104,missed play,0
4105,@petronella really want shish kebab... going settle toast,0
4106,seem photo grandma together tomorrow. heart breaking,0
4107,confused amp sad. oh come quot sweet quot cheer,0
4108,@septemberblues thanks hun great,1
4109,sad panda hulu elephant show skinnamarinkydinkydink sing alongs me.,0
4110,think castle fun,1
4111,@scattyjan best cup final today. fun,1
4112,@thereal redbone stop babe u makin feel bad now,0
4113,need friend right feel like mmmm ... sosad,0
4114,school. school. school. today seems like going great day,1
4115,grr...fatboy slim edc lineup.,0
4116,relaxing...enjoying evening,1
4117,@miamiadc good morning miamiadc weekend great monday also great hope wonderful day,1
4118,message @songoftheoss could let people know booted,0
4119,@shaylasenzafine haha..yeah..th may..lol..im greeting advance haha,1
4120,bragging kitten cuteness cat never came home wanna throw,0
4121,home work. hour sleep putting mile new bike.,1
4122,@felipeazucares everyone seems love it felt kinda lazy repetative me. really disappointed.,0
4123,@hopeluvfaith aww lovely hope great mother s day little mother hen get contact sharn,1
4124,@cssglobe hahah lab.hr lab.ba seems think similar way,1
4125,feeling bored... miss school time,0
4126,go work.,0
4127,th post dedicated sarah sunny weather and love snake plane bring it song died already.,1
4128,downtown drinking celebrating cavs victory,1
4129,@yagulmez yea got outta one too....i want back tho feel way...i m cool dude lil,0
4130,@aclockworktoad yw get really hot middle summer like right perfect less hour away.,1
4131,@kashimae thanks kashi thinking day mad disservice taking ur classes.,1
4132,congratulation mr. jay el mrs. maricar chu wish best world,1
4133,disturbed. sold baby tiger met thailand exotic pet. greedy bastard,0
4134,em... got big list today hubby work weekend going us... think,1
4135,@r city tell brandon said hi,1
4136,trying sleep watching cnn thinking today meeting work...best buy life oh well.. whatever pay alcohol,0
4137,get early feel good day. walk work feeling alright. guess what... work today.,1
4138,yesterday fun.. st concert year [i know late xd].. buena vista social club live free..,1
4139,@meowmeowhotmix chick wont shut stop chirping sit bloody thing.,0
4140,sick n tired people steal people s work,0
4141,@ebonyeeee didnt get text.....,0
4142,@sarahhlouisee thankyou ur night,1
4143,@sashaostrikoff miss,0
4144,ugh back work today,0
4145,finally sunny day sick go outside play.,0
4146,@flickstack hehe never thorw shoe listening varsity fanclub surprise surprise sway sway baby awesome,1
4147,@minicooperr yeahh ryland amazing xd get hug booo suarez seemed bit tbh..but think woken,1
4148,@markfriend asked mum bout going tommorow laughed face lmao,1
4149,ok guy turn laptop pack. tweet u guy road bbl......,1
4150,@katiesol re entered brain orbit thanks watching ryan reynolds mugging away quot just friend quot recently,1
4151,..exams. haha remembrd china buffet king yesterday. vair amusing ....,1
4152,sitting wondering amp wishing bunch stuff never,0
4153,wishing got fij,0
4154,omg icecream,0
4155,another fun night chilled wit homie @ green turtle n park....good times...good times.,1
4156,iced coffee vanilla ice cream uber sick mix,1
4157,baby left gonna get ready again leavin chili full,0
4158,burning tongue ton soup,0
4159,@corrina bitch miss you,1
4160,really cool put topic twitter show...if tweeter twittering twit u got luv http bit.ly anw,1
4161,@shi gaming thingy. mine finally died years. rip.,0
4162,http twitpic.com wff got pretty sweet sticker @refyousuck,1
4163,@clyp thanks definitely will next season rainy come two month s time,1
4164,@elmers miss u,0
4165,helping devin photo studio. sitting back sipping green apple martini watching assemble everything.,1
4166,celebrating mother s day apple pie,1
4167,@itsq lmao... smh one threw off.,1
4168,@alexarpd nice action shot http bit.ly mzfx miss working pole. dont see client everyday lol,1
4169,what s good working double ...jasmin,1
4170,@bb @mespptc yeah okay icing ace bandage sitting @ twitter... lol thanks,1
4171,suck school nothing,0
4172,trying decide movie friends.. going well lol p bible study nite mean b day cake buy own,0
4173,@ivoryvalentine seen quot the fifth element quot make quot super green quot lot funnier,1
4174,good morning friends. happy may bank holiday.,1
4175,@jason manford awww thats lovely thing u say u manchester x,1
4176,good morning twitter bugsssss am day start nowwwww,1
4177,yay last class semester,1
4178,@queensapphyre so matter bet would great it do love right go it,1
4179,@kimble yeah jus glad thunder stopped .,1
4180,@ashika sunshine figured that... ended taking cousin work rain anyway... hit,1
4181,whole life come this......incredibly amazing,1
4182,okay lied meant time next week sooo much longer miss mommy...,0
4183,@heathernkotbfan knight...sweet dreams.,1
4184,good morning everyone,1
4185,listening prima j rockstar dang catchyy,1
4186,@williamfdevault sent twitter invite poet friend hoping come poetize would love see poet poet,1
4187,@xjakexchaosx playing st.pete sold months. im trying go orlando one live st.pete lol,0
4188,interesting show say least. recap tomorrow. first must sleep. work am.,1
4189,@webanime @tbaggins thanks following me.,1
4190,@kelsie marie hey beautiful whats up,1
4191,woke up..busy busy busy day...bake bbyshower cupcake jay bday cake bleach hair amp see boo,1
4192,got haircut felt like guy quot last samuri quot forced ponytail cut off.,0
4193,@divadivachrissy lol wat u making come da way overr for v,1
4194,@christy edmonds oh sorry lot fun though great time,0
4195,@sevenspoons like mine green somehow taste minty otherwise .. heh heh.,1
4196,feeling great today,0
4197,happy star war day.every one ...may fourth you,1
4198,@lmhustlelife shit none. yea last weekend crazy think partied hard thats im sic.,0
4199,still pumped concert saturday. come,1
4200,starting integrating twitter forexforums.org ... look like great partnership welcome chat room tomorow day,1
4201,@stephanie hall gutted wasn t. lmao. think obsessed him bahaha.,1
4202,@veneia great,1
4203,good day ..,0
4204,lol woow okay big deal,1
4205,@katabolickatie tv im watching s show marathon,1
4206,good start day left money home . hot day looking free carparks,0
4207,good morning think time breakfast,1
4208,@bill pritchard come dont see u come dont see u better question lol. need change mister im sad,0
4209,@bb yes said hour,1
4210,@dougpreston well gonna mission find music,1
4211,want buy great album unfortunately dont hav enuff fund quot long time noisy quot,0
4212,last friday high school year,0
4213,@sambennington hey samantha welcome happy mother s day,1
4214,@jonkragel sick like day now...,0
4215,@themakelounge fair want sticker moved away london,0
4216,sitting almost empty dorm waiting jordan come take last thing say good bye. graduate tomorrow.,0
4217,definitely ready plate pancakes.,1
4218,@jojowright thank you god bless im going eaat,1
4219,best show life. mcfly rock world wanna meet guy,1
4220,oh obviously back stupid sleep schedule. luckily church tomorrow.,0
4221,ah thats better snow patrol stuck indoors still weekend coming fresh air excellent hope sunny,1
4222,last day working uni today sad time,0
4223,@ elj ok nice one cheer boss. liking lack fcs today.,1
4224,@yfeandipoo sooooo excited see also love.....let craziness begin daysssssss yahoooo,1
4225,failed cutting peeling mango hah. weird trying father like nothing.,0
4226,got home wonderful day family much fun today.,1
4227,u who s heart break little time year know loved next week new week.,1
4228,shit lost star trek ring starfleet academy class ring w golden gate bridge it. got high school graduation present.,0
4229,@andyclemmensen seen game website awesomness go msn,1
4230,@ciaoamalfi great local stop ask direction even better know answer,1
4231,@momofcande miss,0
4232,@imfunsizee jarita going home two hot guy drool.,0
4233,@bookfoolery used book expo canada toronto cancelled year beatwittyparty beatwittyparty,0
4234,@tiny oh no guess officially big nerd now. heard movie great even like trek...,1
4235,eating tito s home made ice cream yum,1
4236,walking home listening music singing myself. d six foot star,1
4237,@toffeetfb wa great day.,1
4238,@xodedexo omg get coupon time you obsessed catalog come mail,1
4239,@jasonmitchener yes sir...i acquired master art christian ministry a loooooong journey completed today...so thankful,1
4240,@ambercadabra wow watched movie ages. quite fantastic.,1
4241,simon idol might say life sentence good enough chester stiles. one rape year old child f why,0
4242,@sentimentalizzy yeah hope so. excited,1
4243,lunch with me eat alone soo long oh well,1
4244,wtf little year old wanna thug ugh can t everyone friend clique like back old day,0
4245,@ddlovato wish there live holland going see paris,1
4246,wanna see upppppp,1
4247,tonight fun,1
4248,@meeshthebeast dee mack talking baby almost grown up,1
4249,im feeling nostalgic. im sad. happy. feel. over time. feel over. love you.,0
4250,life suck,0
4251,good morning kid going back school sick days. looking forward productive week. happy monday,0
4252,tryin fall asleep work...,0
4253,book today well could bothered work weather good,0
4254,efteling great nice time family dinner.. forget key car hmmm bless anwb back germany,1
4255,@catsinthetree listened eye fire enjoyed it. thanks,1
4256,@moonfrye happy mother day,1
4257,jay leno s last show tonight,0
4258,watching justin timberlake snl,1
4259,wicked dvb s tuner card arrived. although sure able get set ready fa cup final tomorrow,1
4260,watchin favie @themandymoore said so..then catching much needed sleep goodnight,1
4261,head bruised really bad,0
4262,excited rove tonight jennifer garner gina riley,1
4263,happpppy mother day,1
4264,good monday all. still wet outside inside sunny feeling surge warmth energy. good day,1
4265,ha sure hey text normal.,1
4266,@lesliein said bummed missed it . sigh want go california,0
4267,@mrs mcsupergirl ok finished set u free sooooo mad rite now...it cant end like that dont want bad guy,0
4268,oddo s grandfather passed away sleep,0
4269,@bloodhoundgang aww that s awesome good guy,1
4270,spent evening gala high school drama company s th anniversary. lot memory,1
4271,@davewares working day weekend over aah well another one coming week,0
4272,@susancosmos @speakgirl thx sharing,1
4273,@marsacademy hug you aw m sorry feeling sad e,0
4274,@sobbee naw.. pretty tame. guy costume.. voyager style quot medical quot uni. disappointed costume.,0
4275,fam back big island said vog bad can t see ocean. sad,0
4276,new logo web cheak it ...gallethoo,1
4277,@woodywoodford unfortunately leave house time,0
4278,@tommcfly saw tues last niiiighht lt amazzzing didnt even notice forgetting wordddss,1
4279,trying install vodafone internet key eeepc. remember worked box. today want work,0
4280,dann vegas. misconnected next flight midway. tonight hotel w o undies,0
4281,likewise @buttahbrown better ask appreciate neglecting sir fresh.,0
4282,think june gloom arrived,0
4283,seen load new photo stuff new moon cant wait lol l taylor lautner lol take shirt time yum ]... lol,1
4284,@reallifekaz cant come toniiiite arggh want tho fun uss. well def see u morrow nite tho,0
4285,@henryandfriends thank thinking u caring,1
4286,want greet mom s happy mother day may enjoy day,1
4287,listening miley cyrus breakout cd love it,1
4288,@sugarreddrive thx following r band kind genre play nice meet,1
4289,happy mother s day lady hope wonderful day.,1
4290,@strandell several day ago great though,1
4291,hey @robluketic back robluketic live gt http ustre.am wv,1
4292,listening dashboard confessional amp counting day @varsityfc concert may th @ashgoz,1
4293,@anhhoang sorry posted vid again load me...,0
4294,dont mind long line there super cutie front me. bad wearing gay bracelet girl name,0
4295,shrunk favourite cardigan. hubby said buy new one. practically lived gone. shall say word,0
4296,@devyra hahahaha definitely still writing,1
4297,bout watch notorious cause that s feelin now. wish could eat something can t. surgery tomorrow. food til saturday,0
4298,@cestcassie aw song make think girl scouts.,1
4299,@danijelabaron good morning lincolnshire. could use exercise also,1
4300,@etschuetz sux mayb btr u nvr know,0
4301,@tenotch awesome glad like it. fyi platinum note . free upgrade summer,1
4302,jordie little bit,1
4303,@rainbowanne well nice thought lasted. maybe leave properly next time cross finger,0
4304,@pennynash scared daleks dw exhibition cardiff.,0
4305,@camillecakes nice called lmao,1
4306,@bowwow would afraid got two left foot,0
4307,@jonathanrknight awww sweetie. hope mom wonderful mother s day,1
4308,@novemberlight sometimes fail,0
4309,@spazzyyarn totally got you think awesome.,1
4310,@margjoc haha aware one contract uti. training work tomorrow morning go bed early,1
4311,@mrssprousex mee look amazeeeeeee,1
4312,@selenagomez come back canada soon miss you,0
4313,accepting maid applications. would nice start first thing tomorrow would make wonderful mother s day present,1
4314,@karleemay @kelly horror movie obsessed. esp campy s film troma. wish work tomorrow,0
4315,omg... folding laundry matched sock perfect pair good laundry folding day,1
4316,going home. hope one saw play.,1
4317,@ksdaisy aw...poor thing.,0
4318,@faninfo absolutely good backup romo december.,1
4319,@jessereed u watch day earth stood still u see bye u got d c... im sad left ur gone ily lt,0
4320,booked ticket london thursday exicted,1
4321,@ivy blue chauffeur quot some kind wonderful quot idea perfect woman,1
4322,decide time something devil always counteract frustrating discouraging...,0
4323,far vigorous pruning regretting removal many cucumber flower cucumber plant.,0
4324,miss way much... cnt stop thinking nite nite folkkz...,0
4325,alright day going well got home potato salad gone,1
4326,@jordansgirl drag but part come handy hee hee,1
4327,feelin lonely spendin last hour friend,0
4328,play tennis bel air court wet but play anyway.,0
4329,@aaronob it itunes lost songs.,0
4330,@shortyyyy . curtain two rug make bathing exciting hahaha,1
4331,watching star trek tonight. heading lovely dinner fun board game night @chrisweis,1
4332,@miguellf want ot protect moleskineï¿½ notebook worldwide. all.,0
4333,starting @chuckreynolds bday bash blue moon photo http bkite.com kx,1
4334,@jwalsh damnit all. sucks. one one thought drag back lol,0
4335,fantastic week london atrocious hour journey home,1
4336,@apizzle thanks made morning,1
4337,@kellykleinwi okay thanks,1
4338,@gheekchik hmmm...the one restaurant one grocery sad. dukbolgi.,0
4339,university hungry,1
4340,got new follower yesterday yay need til,1
4341,cub game cold. think going rain.,1
4342,ugh id better get work,0
4343,cutest cat moment video http shrt.st ce enjoy,1
4344,soooo cold amp ugly out,0
4345,@ninjafanpire anytime can t match stamina... nice warm comfy bed calling screaming name...lol night ninja,1
4346,@dbdc lol hate happens hyped know it lunch sound nice..hope nice time.,0
4347,@ciaee yessir yessir three cheek full.,1
4348,@turch aww congrats family. send piccies email,1
4349,getting ready dayyyyyyyyyyyy. hope work go good,1
4350,@dhanraj good luck final,1
4351,@martinhavlat dang wish could go ticket sunday game,1
4352,@rliversidge great stuff can t wait hear it,1
4353,@pettles know can t believe say bleedin song donnie rap it tut,1
4354,xfiles disc work.. rippin,0
4355,finished loading aim. guess what get update twitter it message at katie arttt,1
4356,lovely day sky clear bird singing stuck office window hour,0
4357,super pumped quot relay life quot tonite. walking honor sweet grandpa uncle howard past yesterday,0
4358,went shopping lil... deserve it... night town big city norfolk,1
4359,@dhughesy me oh wait wrong state,0
4360,think ive buggered mobile ack. stubborn arse refuse get new one.,0
4361,@marshacollier indeed excellent movie.,1
4362,yaaaaaaay bday,1
4363,@brianiwama amen brotha,1
4364,@prince aries person something common then lol jk....,1
4365,full thanks food jean brought half watermelon eat freeway crash die.,0
4366,nice night golfing,1
4367,happy mother day feliz dia delas madres mine already heaven.. miss you...,0
4368,@sunflower seed dude say,0
4369,stoked spring amazing wild food nature abundant bless up,1
4370,@tyleigh thanks hope find job soon ...oh almost forgot landed role indie flick first audition ever lol.,1
4371,youtube working properly anyone else can t watch video keep failing load,0
4372,pappadeux yummy strawberry lemonade,0
4373,@pandalion wow totally awesome action guinea pig want go see now now think allowed take lance,1
4374,@mizzyalana nice bea bummed can t make try get together near future.,1
4375,@jonathanrknight understands long hour,0
4376,another bday w special friend,1
4377,happy,0
4378,bought awesome shooeessss,1
4379,salary actually spend money. hooray time go shopping dinner ahora say goodbye @yusufyusuf.,1
4380,@sarahblevins know,1
4381,kinda done trying. ugh. oh well worth effort. long day tomorrow. night tweeter,1
4382,@dzaniff searching interesting people twitter found link blog posted profile.,1
4383,heard basment jaxx s new song quot raindrop quot ...that s fantastic make dancing can t wait fuji rock festival...,1
4384,writing word newsbites http plurk.com p wybh,0
4385,anyone need help image let know convo forum s link,1
4386,good morning want breakfast,1
4387,@buddytv found giveaway.. wish would known sooner happens unclaimed city,0
4388,@dailypep sure cry unopportunte spelling moment,0
4389,@therealgiftednj yeah,0
4390,@carocat nooo hey back next week moving back good,1
4391,@ happiness chinese totally disappointed food usually good fail,0
4392,page done eclipse,1
4393,happy mother s day http bit.ly lrsng,1
4394,@frogworth hey great gig exchange track via ze emayal lost loop right still writing xx,0
4395,http twitpic.com wdui festive aint hehe,1
4396,@chevelleluv p.s. sorry ur uncle,0
4397,watching army wife always make cry,0
4398,star trek hd.... impressed.... beam spotty,1
4399,wow bed comfy amp nap much short. getting work want.,0
4400,@rdougan wish wa well past hour been. bed. proper migraine,0
4401,@chocolatesuze yes yes should especially wine mushroom ummm love mushies,1
4402,@howie d pleassure making smile. nice day making smile well twitter.. aahhh nice..,1
4403,yay bought american dad volume also seen australia dvd. could lot cheaper going...,1
4404,@tiffanyq swimming tanning heaven blasted music tanning world.,1
4405,ooh lovely ridiculous amount revision left,1
4406,phped . running successfuly via wine get em running,1
4407,even mile mile apart still holding heart day jonas brother d concert experience w candice,0
4408,@msnewappearance hey thanx following me follow,1
4409,good morning every gorgeous n im stuck work wish home chillin out.. hopefully tha day go quick doh,1
4410,thnkn bout yesterday..best day ever amp day virtu v treviso da futurshow..hard game gotta win forza ragazzi,1
4411,almost done first day spa...i missed place headed fort collins close casa de kent,1
4412,thrilled marathon sunday assigned street. less,0
4413,back hurt heating pad it... stupid ladder collapse make fall back bum,0
4414,damn got turn alarm woke am,0
4415,hate bringing ipod school,0
4416,@sassyback right karla best movie made,0
4417,still mother day lunch uncle house. nice time,1
4418,getting ready summy yummy cocoa crispies,1
4419,heading theatre show tonight exited,1
4420,fun night bekah talkin stuff. wuv,1
4421,dinner family. watching wild child car,1
4422,@jae aha thanks jae,1
4423,@asheruk wanted go birthday...,0
4424,@yaseminx know. hahah xd cha doin,0
4425,dinner ali tonight celebrating first day new job near trader joe s might stop,1
4426,@roqayah good morning,1
4427,@pon and zi thanks way,1
4428,strongly agrees jason wolverine hugh jackman. sorry. kid mouse.,0
4429,good morning ate pizza breakfast,1
4430,@rpulse clicked check picture angelina went spam site ordering check .. go figure,0
4431,philadelphia phillies brett myers indefinitely injured hip http tinyurl.com megxu via @phi phillies nooooo,0
4432,done positive affirmation back japanese yay bank holiday monday,1
4433,fuckin tired. get home till . work bjs,0
4434,good day lake mirror kid happy get clean cabin today... err two outta three ain t bad,1
4435,oh well go hope seamless transfer blog however track running sometime eve,0
4436,need push diet last level. good last week lost lb. . better gain,0
4437,@miraaaaa hahaha. eat then,1
4438,@ep problem adult shirt too. annoying since lot adult player shirt come kid size,0
4439,lula feeling well. http tinyurl.com mkcsq,0
4440,@atomicfern made day http tinyurl.com cumqmv,1
4441,@gulpanag congratulation heart hacker computer hacker@,1
4442,@mitch iso too adorable could tell pressure got her.,1
4443,@morgret probably not kinda expensive work. people weekend work.,0
4444,industrial repierced made cute little friend,1
4445,@vegasrex wish time back airport already,0
4446,@chrishornby very. ill attempting remember lot nothing going in.,0
4447,really annoyed work appear blocked facebook now...,0
4448,@retrorewind dave thanks playing happy birthday nkotb. today bday lonely bday today.,1
4449,@afish awwww jim jam good dodging meatball woo,1
4450,@nettagyrl make sad follow someone converse similar bios follow back,0
4451,oh yes happy star war day. may fourth you...,1
4452,happy mother day mum,1
4453,ok want quit job.....,0
4454,@mad gab bask misery together,0
4455,gonna miss live comet action tomorrow go take care cousin access interwebz,0
4456,@socallove yeah get better though know it,1
4457,what s worse fever sore throat cancelling trip see little bro fever sore throat.,0
4458,skipping school like cool kid,1
4459,jumping nearest bridge can t,0
4460,@glasgowgooner boo well good fun tho.. suck u cant get cards.. finished th last night tpt took @street lol,1
4461,hahaha yay emily cool @emilystack,1
4462,@markk h wake up tweet let know ur msn. really need talk miss,0
4463,@jtimberlake went resteraunt nyc aaaaaaaaaamazing,1
4464,@ borgellaj know what cat,1
4465,received phone call new patients...i guess mean work tomorrow,0
4466,@thatkadygirl every day life lately. feel ya girl lt,0
4467,@biffbarker ohhhhh miss brunch,0
4468,@warmnfuzzy re direct energy creating men s jewelry. frequent walk too.,1
4469,miss th floor view...,0
4470,uggh everything sending you keep sending twitter. forward you suck life,0
4471,@rckstar gotta that ... sad,0
4472,guess what second time around... still fucking great,1
4473,@jjooss think [ wish could give tear blood make feel better,0
4474,rey mysterio awesome,1
4475,sad say bye bye beautiful mountains. http twitpic.com k,0
4476,spoke class dreaded ch bio test,0
4477,earthlink say modem dead. want buy new one sign one year contract argh,0
4478,happy imma get see lovely lady,1
4479,getting ready launch podcast chapter quot turning left albuquerque quot morning. know excited i,1
4480,moredays.moredays. yay.yay. taken nearly finished better good,1
4481,got done working nate today...got another yippee going vacation next week brave calc own.,1
4482,@suewaters sorry failed grasp meaning,0
4483,chatting old classmate hellyeah fun weird conversation haha. @dyankaaa hello bbm lo error ya,1
4484,got home. went totoro cafe finally first time ever. liked it colorful place. happy atmosphere,1
4485,@mspixieriot sucks...wish could get cheaper... montreal there s cool shop carry there,0
4486,@amyqcoocachoo thank yyyyyyyyyoooooooooouuuuu,1
4487,@alicedric can t wait it. love scripts. honestly future career script writer stock twit,1
4488,hernia hurting way usual tonight way able go out,0
4489,@andreshenriquez thanks ff shoutout you stuck extra e username tho link work,0
4490,happy mother s day mom,1
4491,@angelica yo lol wow dawg sound like playing feel bad haha,0
4492,@daniamiwa parade yesterday powderhorn guessing ava bella similarly mesmerized whimsical fairyness,1
4493,@flahmanow nï¿½o te vi onteeeeeeem,1
4494,@laniew exact one thinking bestttt.,1
4495,guinness got new toy mom dad house. hooray free stuff,1
4496,hot wing cafe willyum mild spicy bbq curly fries.. delicious http twitpic.com wesr,0
4497,time get ready work,1
4498,@danielradcliffe nice see tweeting sunday th may celebrating mother s day today. nice yer mom,1
4499,another favorite local place bite dust con sabor cubano place go amazing cuban sammiches closed,0
4500,@ chloe yes youtube may th made feel x better. halarious.,1
4501,@joiskol room make sad.,0
4502,filming carnival music video... reminds cherry festival used go back home... ahhh memories...,0
4503,going miss springwatch tonight going make garden,0
4504,got alot runnin around today get job app completed file... glad got job,1
4505,@brandonsmithceo wow. that s look really good. wish some. good,1
4506,@fuelbot hahahahahahahahahahahahaha could interesting,1
4507,@ayende lol army starfleet rule meant broken get job done. that s get medal,1
4508,@sevenspiral worry good news good spread,1
4509,soo tired.. still kinda angry missed concert,0
4510,@narain dun wanna travel way lunch now. yeah there. nice place. missing shan e punjab though...,0
4511,great time vacation sure heck want go work tues.,1
4512,waiting someone s sms. week nearly month,0
4513,@stevebrown noo good guy better x,1
4514,@jenrolton awwwww would virtual high five make better,1
4515,@phillyreds sad true,0
4516,tomorrow valeria s lunch going get hair done im arraving late got cousin babtizm whatever spell,1
4517,chapter ... probably monday. still need comments.,0
4518,@maddiewan maddie start working watch world,1
4519,@stii no make realise doomed humanity usa,0
4520,im really really excited try guy,1
4521,enjoying nice couple dad brother bad never really see anymore...,0
4522,@rkuang know right super excited told y all busiest time year,1
4523,@esatt wanna see here,0
4524,hanging roomies. adore gentleman live with. great people good talk discussing boy issue,1
4525,@bella im going inlaws tonight. hopefully new niece there need kid inlaws me,1
4526,@hansenbanana kayyy xd yeah everyone always talk part dog dy need find movie seen xd,1
4527,cried...,0
4528,stuck ... going nd job ... ... can t find good office job,0
4529,come kirk hook wii wifi....you eeet,1
4530,@boy kill boy would really great....except im allowed talk boy phone long story...my fault,0
4531,miss,0
4532,field day sad. ribbon me.,0
4533,still eat. still office. get sick throat day leave air condition throat killing tour bus,0
4534,@johncmayer lol totally made laugh made day,1
4535,@ankita gaba evrytime listen name tat plce reminded mojojojo dexter s lab,1
4536,can t even gift money away days. re http ff.im lqux,0
4537,star trek sooooo awesome spock kirk hillarious im seeing again. sooon.,1
4538,aaaah taking back sunday playing new york day leave,0
4539,@hobbz really think awesome discus,1
4540,@bumblebeex yeah freedom awesome great little independent,1
4541,@deiu guy moving la far shall make castle leave,1
4542,@michaelsmith lol wen mum used take kid wud always eat bread instead haha.,1
4543,@bunnymousekitt hahaha yes discussion always seem jump around randomly,1
4544,@ madison that s get abandoning u miss you.,0
4545,well school s finally idk sad miss teachers. goodbye mr r. mr. collister,0
4546,launch today. teacher changed plan watched stupid move tesla,0
4547,damn paid like first slightly stoopid show charge pop make sad...,0
4548,@aboresearch pleased hear it still shamed sometimes hear men,0
4549,got back home shit.. meeting tmrw staying sea view even dont fresh undergarment tiring hr working day,0
4550,nungguin sista law lahiran di r asih...kayaknya sih sore ini lahiran. yeayy another baby girl family,1
4551,@aaronob music teacher either expired forgot lesson leaving outside waiting ride pick hour.,0
4552,lunch. watching hole bbc.,1
4553,blog updated,1
4554,time mimi s,1
4555,@lancearmstrong want massage,1
4556,. am. wanna wake up. shoo roommate shoo.,1
4557,home tonight much fun goodnight twitterbugs,1
4558,going sleep,0
4559,justin timberlake leonard nimoy dick box sequel priceless,1
4560,@slinkawoogie honored hear name breezy track hope u liked shit drunk bowling,1
4561,@darkgracie nice song come,1
4562,burnt agenn nice day tho xxx,1
4563,oh pw done wrong. signing time ur child s article wrong...and neil gaiman tease me. bea,0
4564,@justinphillip. awesome kind,1
4565,baseball game whoo hooo banquet yesterday hyhtt sooo fun,1
4566,@carothenyx aww im sorry im home hope ok love ya wifey lt xx,0
4567,@chrisdjmoyles get lol time eating id hate late,1
4568,@anomalei well glad one mine s bad resort pulling old hairband disguises...,0
4569,@pairadocsdesign radio x . going sport next month. radio dead. grandrapids,0
4570,renegade last day today and...well... gone... catch gutted... closest came greenock kilmacolm,1
4571,@rainboweagle yeah replied meant take photo drink laaazy didnt x,1
4572,miss nicc today.,0
4573,@sammythewizzy oki great. best,1
4574,wish go root pinic,0
4575,learnt something new today,1
4576,@katieeeian missing devil wear prada sad...,0
4577,@kayemeff almost birthday,1
4578,@crazy people sure,1
4579,want go swimming,0
4580,wanna go beach...but study,0
4581,@sentimentalizzy lady water pure b remember enjoying films.,1
4582,@jaiash anytime that s im giggle,1
4583,@teamwinnipeg gerry thank following me ..help spread news...further...i think cool...thank u thank u thank u,1
4584,sad day love maï¿½ year ago,0
4585,yep @candymantk. sleep fail. another hour d amp d fail.,0
4586,awsome voice. bored nothin really consider going back school yeah right rather cry boredom forever,1
4587,@txp hi there nice meet,1
4588,disappointed know got silver award. want gold award. hate second best.,0
4589,@redhalo pax goddamn fucking suck hug,0
4590,love bank holiday,1
4591,@squares will thanks,1
4592,matty le tired.,0
4593,@mikeandbobshow awww nice.,0
4594,got crush issue tomorrow friend going india whole summer im back sad.,0
4595,@getsmart haha...live long amp prosper. movie better thought awesome job pleased,1
4596,@alohazen u hav garden bunny probs r decidedly uncool. thanks d link,1
4597,fab sunny day,1
4598,@mamahinai list paid get in you cant go out gettin hot went outside,0
4599,movie weekend watched movie far,1
4600,got home school lol week left yay summer school,0
4601,@ladylogan wish could...but @ work on...,0
4602,respect @fresh heineken man bag http twitpic.com jdrg,0
4603,@fayewhitaker shame freud can t follow implication,0
4604,tired sad,0
4605,@keza sound like kinda day,1
4606,watched yes man good http tinyurl.com dbrc,1
4607,spent little much wombat cool cuz time take care tamara good. yay,1
4608,figured twitter phone,1
4609,@daltnnn woof wish allowed go,0
4610,science class right now... urgh... stupid project.. wanna go track school tired lol,0
4611,one days.... pray get better..,1
4612,can t bothered working tomorrow,0
4613,restoring new itouch . excited use it. yeeeeeeeee. goodbye itouch .,1
4614,@aclockworktoad take lot pic really pretty there lot palm trees.,1
4615,@journo at work agree totally think though take point everton liverpool beat man city happy day,1
4616,@cardineb teehee. good show anyway,1
4617,raining fine rain u know fine rain wet,1
4618,perfect outside work,1
4619,@brighit @lilypenelope @guy vincent @torbengee @@winsorandnewt missed party bought wine everything,0
4620,@eddievedder luck u coming detroit luckily seeing u crew chicago,0
4621,finally eating unagi saving while udon ] agh realized band playing bear garden today one like,1
4622,wow. way discouraged idk anymore... fml.,0
4623,@devontebrown cuz love me. dont make sad,0
4624,@cashric miss u ceddy,0
4625,burned tongue,0
4626,@charlieskies actually better name fluffballthegodzilla my youtube username . ive beaten,0
4627,yeah going makati cinema square dad later. haha,1
4628,@joeyarceo yeah new material.,0
4629,hub day parade of course cancelled castle show mid show,0
4630,@cohoons world lol poor cubby brewer roll ranger lost leaf won,1
4631,lol @ kalahari.net marketing quot may th you quot,1
4632,@chrissinicole guess thats lol,1
4633,@cynthiay dr hook awesome,0
4634,pom pup favoring front paw.,1
4635,happy sunday beautiful day london... meet chergo breakfast xx,1
4636,@xzenax bad time everyone whywhywhy write essay fair,0
4637,@ashleeadams know say except hug,0
4638,lonely need company,0
4639,@kujakupoet computer got screwed hell viruses. finished wiping drive reinstalling window xp want mac...,0
4640,@memphianmallory traumatic even discus none yall here everyone left weekend.,0
4641,sad probably never see fleetwood mac.,0
4642,hate pain,0
4643,@wyatthaplo haz beer too oh wait... work...,0
4644,going work one suck miss happy hour sonic,0
4645,got school. goin cinncinatti wednesday,1
4646,coraline scary yesterday puke luckily. ahaa. week amp day till baby,1
4647,wish hanging kobe right,0
4648,finally got km traffic jam. probably able make time lap tonight,1
4649,@violetbakes friend massive beatles fan impressed,0
4650,@tahninial nothing make up last time checked jar curry sauce pepper inside disappointed,0
4651,everything going wrong quot happy day quot,0
4652,home fam see como tomorrow,1
4653,really really miss,0
4654,thank @ddlovato cant wait ummm btw ima crash still sick,0
4655,checking say good monday morning mamo friends....,1
4656,received personal email perez hilton,1
4657,@paulshadwell thanks trying done good can t fathom take apple store. sigh...,0
4658,single handedly killed fly crane fly hairbrush gonna go disinfect now...but bug beware,0
4659,sun shinning im out,1
4660,@kiki miacherry morning kik enjoy breakfast,1
4661,@loris sl happy sunday,1
4662,feeling deflated. hubby saw swing set amp think piece junk. thought found something good kid,0
4663,@steffisticated recorded sent people obviously meant get there. didn t feel bad.,0
4664,way sleepy awake,0
4665,lol...my neighbor must think im nuts...for canuck,1
4666,uploading photo myspace musical,1
4667,@itxi itx credit unfortunately,0
4668,ok wtf something menu in window sell it wanted bubble tea,0
4669,@moovmnt hey,1
4670,@animalbehavior sorry dead as gonna,0
4671,apartment nothin do little hungry http myloc.me fim,0
4672,@loonyboi rule this bought second game full price lost move.,1
4673,@taylorswift hey tay plz u write hey elin me im sick u feel better,1
4674,depressed watching think dance,0
4675,going memorial guy grade died.,0
4676,last wrte again....got bored previous dayss....,0
4677,@scottrmcgrew dancing pirouette ballerina hug morning awesome brudder,1
4678,hi all recovering party looking forward exciting bank holiday around diy shops...life cant get much better.surely,1
4679,excited summer... steve winwood eric clapton eagle death metal ahhh dead weather,1
4680,@leifreak hi miss. isabelle here. ],1
4681,trash repops. getting tomorrow night suppose.,0
4682,stress recital gone went well star trek new favorite movie wish space,1
4683,happy mother day are trying nailed teenager tree,1
4684,@meiko time morning go way across town take pic so sad,0
4685,oh radio amazing yesterday.,1
4686,@brianmcnugget rofl that s like hear,1
4687,@ idiot hahaha work strip club know alrighty mister done public may dancing today,1
4688,@jpadamson wait red could ages. know mean though. really looking new job,0
4689,want goto lonovala frenz wedding....bt....no transport arrngmnts wrkg,0
4690,@stonezoneshow http twitpic.com gwh bwahahahahahahaha nice want doggy,1
4691,@displayspook damn missed,0
4692,happy mother day. ekin sayang mak,1
4693,@humbush nothing perfect life darn it,0
4694,@lauradawg lol okay song catchy get stuck head,1
4695,@brandenhaydon yes really do.,0
4696,birthday awesome on videomy daughter opening last gift screaming joy quot my birthday wish came true quot couldn t better.,1
4697,@whatswithinu much tune word today. thanks.,1
4698,making margarita watch milk. good time,1
4699,working baseball fundraiser get percent platium diamond wedding package let u know saw u twitter,1
4700,omg time sleep today horror really hope best weekend ..goodnight buddy,0
4701,sore yesterday. definitely feeling hill now leg hurt way booty. good hurt,0
4702,@shaundiviney u point pointing yesterday ppl wait til midnight .... kinda pissed,0
4703,feeling well. food poisoning.......,0
4704,@yelyahwilliams alright. really wish guy could ve done show tennessee now can t go one show,0
4705,hate feeling get listen song completely reminds thing used amp get emotional,0
4706,@bellabkny thanks support kept updating help,1
4707,@aoibhe well get real clear shot got best could...silly people walking admitting er...,1
4708,@blacksilkblog hug able shag crush anymore x,1
4709,@williamduncan archetype thing comm. class studied archetype popular media. reading link now thanks,1
4710,cool lil night. berrie s eat pizza waitin @noelpresident,1
4711,goodnight everyone happy mother day mother,1
4712,@mikegentile http twitpic.com la best kind gum ever bought pack,1
4713,hi @blowmefool thanks follow good luck friend ha,1
4714,@xxsteebiexx lol know wld like get reply seann william scott dont reply he one favourite actor,0
4715,phone stubborn think gene something,0
4716,going bed pain fell shoulder today. good night,0
4717,@juicystar man wont home co host you xo blair,0
4718,tried oprahs free unfried kfc loved went back another try topped boba wolverine.chilled pope dave ben,1
4719,@carlkr please wear glass next video look amazing them.,1
4720,@theasterik better be. also yes. unf unf lt ...lisa still gotten any btw smacked,1
4721,great weekend glad sunny today,1
4722,@frozenthesword yay hope day work wonderful si bank holiday england today everyone work,1
4723,fuck...ahaha hate life sometimes. reply bad thing ..even bad kidding whatever fml,0
4724,happy mama s day mamas.,1
4725,@julienviet propellerheads harddrive long while. got music repo back shape felt nostalgic,1
4726,@aphrodaisy thanks making homemade lasagna mum today.,1
4727,@heavenlykevinly go sleeeeeeepz,0
4728,@vivyouell got me. that s obviously going wrong,0
4729,wish would rain...but,0
4730,stomach cramp sat bed hot water bottle hot milk amp toast feel like wi girl minus stomach cramp,0
4731,happy mother s dayyyy,1
4732,http twitpic.com tw square b sad she s well square crocheted bee poly fibe ...,0
4733,wearing new victoria s secret slipper,1
4734,subway always taste better some one else pay http tinyurl.com resh,1
4735,another gorgeous day pau...will home time week though depressing thought,0
4736,old pub kickin time whey late stinkered . got cub tomorrow gonna suffer,0
4737,watching twin handle mariner again whoo hoo tony http,1
4738,wish could go meet middle tomorrow.,0
4739,@taylorswift oh great hope blast there,1
4740,@captainflashman oh poor you,0
4741,wal mart orientation...it s work seriously...this suck,0
4742,@mikki kayla meeeeee toooooooo gonna disappointed season .,0
4743,@sandy b shes bad sort lot pain,0
4744,@maczombierawr wish left dead. first need something play on...,0
4745,can t believe leaving place tomorrow.,0
4746,@em hahhaha indeed kinda like spoon... hahaha,1
4747,@kayles yessss doe yay told awesome,1
4748,bos night out.,1
4749,happy mother day,1
4750,good day all. let s see get accomplished today together.,1
4751,@darrylep lol splurge chocolate then. plan splurging little tomorrow,1
4752,sickk ... tomorrow disaster get better.,0
4753,@nick carter awww poor know ... u bless,1
4754,@lovehate envy come dont think good,1
4755,@markman happy mother day mark,1
4756,drs,0
4757,joining twitter added random person,1
4758,wake x.x tired. moment listing music make happy let wake,1
4759,@yasminegalenorn depressed already isnt. want book,0
4760,@eeks wish nowww grrrrrrr,0
4761,second last biology first time ever time. haha.,1
4762,unopened pack goat cheese starin face. starving din til,0
4763,@isapersefone well got dvd get book too,1
4764,getting phone taken away,0
4765,@margaretcho learn tw headed boy nutreal milk hotel,1
4766,http twitpic.com wta pretty damn good friday night,1
4767,watched ten pound last night brilliant movie i couldnt stop weeping,0
4768,@superstarnikki one days....,0
4769,jonas absolutely heartwarming. now time bed. goodnight @jonasbrothers,1
4770,found book. starting real paper bound journal tonight. annoying zit lip. make look like herpes,0
4771,@holmescnn oh realize well already work today still car ask,0
4772,didnt get paid week roll tuesday,0
4773,starving. alyssa s mom would bring subway.,0
4774,feel sick..like wanna get bed bothered go work turn da light off pull da shade n tv type sick,0
4775,@pink i m looking forward see hear norway live fast,1
4776,today first mother day little boy. hope beautiful mother day,1
4777,sitting katies house jo two away stuff swine flu bronchitis thats diff story.,0
4778,@breakfastnews ets endoscopic thoracic sympathectomy invaluable surgical procedure,1
4779,@jobondi awsome thanks jo...can t wait xx,1
4780,@laurenbakarian miss,0
4781,@gergtreble trailed street sheffield find pub number landlines. go it,0
4782,lame deland favorite people,0
4783,notthebest weekend....but oh well....i right sad,0
4784,stupid twitter faceless ...,0
4785,@suzyqbee that d awesome think ever blogged about,1
4786,@hellenbach good stuff cant wait result,1
4787,@muffinwomanxo eh u dont like retro tisk tisk u upto ...apart waxing ur quot mustache quot lol,1
4788,still sick sigh,0
4789,cooky milk make feel better. thanks babe. still recuperating last night. http yfrog.com izrj,1
4790,@faulko watchign garden window...far hot,0
4791,@marycateomalley like simpson that s like asking quot so like breathing quot,1
4792,sad day beer drinking movie goers. speakeasy theater,0
4793,@mercuriosjewels wonderful trip read twilight novels. completely consuming engrossing. kinda sad done.,0
4794,@katiefreeze miss you lonely empty without you http yfrog.com ozxoj,0
4795,ugg want go kaylen house cant finna bored weekend uuurgg wanna spend da nite go see go shopping,0
4796,@limheeian iphone awesome man time join apple cult,1
4797,omg happy now thanks micheal sheen aka aro know photoshoot volturi done happies,1
4798,listening falling rain...lalala,1
4799,@cardave lol thanks,1
4800,traffic lame matter hard try can t get anywhere time movie yay,0
4801,@kellycombs bummed miss you. hope enjoy writing conf. tho,0
4802,@thelastdoctor creepy first really grow like him. cried like baby tosh died.,0
4803,@scouserach today rach,0
4804,happy mother day ugh sick...school tomorrow watched e news keeping kardashians dreamgirls,0
4805,@dandineen uce pgce went leicester main degree though ...,1
4806,@hobosexual lol. went buy new laptop feb. already knew lol looked anyway walked away sadfaced.,0
4807,@superrzaaap forgot yardsale event ooh pity,0
4808,good morning everyone,1
4809,@hairrocks happy birthday,1
4810,pic wont load twitter,0
4811,@asdquefty yes are gone. enjoy yours,0
4812,@lljessicall sound goood,1
4813,@merabobera wantttt,1
4814,facepanda cool,1
4815,god... im suffering greatly... hair sitting blazing sunshine v v bad sunburn,0
4816,@gfalcone britain s got talent cute little girl. feel sorry her hope simon find time xx,0
4817,good morning happy mother day everyone,1
4818,@werewolfseth really call ma am...wow reality check day lol,1
4819,havin much better day today finished last twilight book yesterday. class start next week get yall,1
4820,missing someonee...,0
4821,@torilovesbradie last thursday yesterday suck missed lunch time ox,0
4822,@kevinrbutters chiangmai month last year loy krathong. best festival ever.,1
4823,runny nose... can t breathe.. terrible feeling...,0
4824,first star trek anything really entertaining.. see harold fly enterprise white castle,1
4825,feeling bit lonely,0
4826,foot hurt...finally bed...will forget crunch over...very productive day today though,1
4827,@a double kind http myloc.me fkl,1
4828,justin timberlake totally rocked snl tonight. ooh happy mother s day another hallmark mkting tool.,1
4829,@breagrant thought one best hero pitty killing good character use thing lol,0
4830,@aussiecynic lol yourock,1
4831,new week new legend make.,1
4832,look like twitter,0
4833,viviann s minee. yummm,1
4834,sleeping soo good woke like min ago n got sick feeling great. wanna go back sleep wide awake.,0
4835,@thestorystarts nothing aimed you joining in...sorry,0
4836,@camilleprats aaaw... that s sweet him. girl friend gots drag hubby quot nite out quot . unless beer. lol,1
4837,moveout fun. thank vt student working make vt best possibly,1
4838,u see dont @shadez,0
4839,back athens.,1
4840,ugh wish school year would go faster move life,0
4841,@james a michael hey thanks another great day going sleep now chat tomorrow sweet dream,1
4842,@lovereed thx girl woke up cnt believe sick fever... wish could pound nyquil sucks.,0
4843,teach bunch fifth grader morning. oh joy ...,0
4844,senior s last day.,0
4845,last day school last concert life.. wow.. say emotional im really gonna miss mhs.. graduation practice today..,0
4846,@rudedoodle thankyou,1
4847,time sign night everyone great one mother s quot happy mother s day quot,1
4848,new issue @olivemagazine office...desperately want flick much do. wait,0
4849,@purrsikat yeah thought awesome glad see character like gambit brought back fold,1
4850,happy bunny,0
4851,@yankeegirl besides strep like year reason. tired anything else,0
4852,@naataalieee yeah point gt . lt please dont make feel worse,0
4853,@amalah jealous. supposed go see seattle friend summer bail work,0
4854,crisis averted phew different note @ameec @zelenski....you guy making proud tear wish could joined,1
4855,@dai bach daps best lol,1
4856,watching thomas train engine make miss george carlin,0
4857,@grantimahara man month get see drunk tweet,1
4858,@susieblackmon know appeal knitting believe know,1
4859,@joycsc thanks motivation returning rate inputting coffee,1
4860,@jessicacorban stellar look great,1
4861,@michaelsheen well guess think everything thanks much keeping fan loop,1
4862,@artcon http twitpic.com vfcx awesomeeeeee,1
4863,living ignorance @,0
4864,@tottie thank you thank you thought cool kid hang now hehe xoxo,1
4865,@chriskalydo happy star war day,1
4866,really wanna play....,1
4867,@lilcdawg run cpt,1
4868,@leowolfe haha night man no im sure meet lifetime fact will...no doubt it.,1
4869,@gabbyflyyy im jealous want go ny,0
4870,@spandexx hahahaha wtf dianne twitter lol...i guess depends person is.....,1
4871,blackberry s got fatty battery guess kinda boat huh @laurensanchez,0
4872,already miss @cmontecillo,0
4873,thought wuz best friend...,0
4874,hey @star sending florida sunshine way supertramp ï¿½ raining ï¿½ @djdolcevita m... http blip.fm jucn,1
4875,friday freakin happy today annoying day buuut weekend tgif lt,1
4876,@lgdadon make perfect sense. guess earth. thanks reply,1
4877,@dannyvan googled quot engagement ring quot amp exact ring want.it st result sigh love it.http twurl.nl jaqj,1
4878,@siwhitehouse work except used word autofollow got followed bot selling autofollow program.,0
4879,cried whilst watching hollyoaks .. need life lol,0
4880,@djnvs lol u go..that s spirit haha,1
4881,http twitpic.com kw besties. @demtrialovato there.,0
4882,@sianhughes oh god watched to claire escape again really quite sad,0
4883,@dtothealex really... alumnus know myself mac yet there...,0
4884,@hiracdelest who s one always working now oh yeah still me.,1
4885,@svickn g morning good know alive well today,1
4886,@mynameisdon always miss out wont able commence foolishness til fall come fall visiting yay,0
4887,need bear hug im going camp today,1
4888,u ever friend u wonder friend know get questioning getting u.,0
4889,@freecitysoul film come camera broken. lamesauce.,0
4890,impossible watch full flash video mac .,0
4891,head hurting,0
4892,@lisibo quot grace skill newborn giraffe quot great visual aid fabulous language use example kids. thx,1
4893,@megfrancesca really best night ever,1
4894,wanna watch quot up quot badly,0
4895,@personal trainr thanks link. made smile,1
4896,drove nbc s burbank lot line leno wrapped around building. longest ever seen. leno s last show,0
4897,oh dang drag hell came today it man wish remembered would gone seen it.,0
4898,got finished watching marley me cried like fucking baby...i m missing beast like crazy,0
4899,@sfitzpatrick bahah sadly,0
4900,back wingman great weekend,1
4901,lost ba enlisted class cr whyyyy. hindi naman conflict whatever. ang labo ng cr grabe. t.t,0
4902,@aweekes haha nope altho train back leeds booked hour early let change,0
4903,fucking love alexander william gaskarth,0
4904,missed iron chef,0
4905,interesting night defiance say least... hey got guy doll free,1
4906,@samantha yay tell said congrats,1
4907,passed driver test drive ...oh wait turn till october,1
4908,great weekend john back work day going illinois thurs amp fri gig john,1
4909,also lipton s sparkling green tea gross,1
4910,@singpolyma aaaaaaaahhhhhhhh hate internet people learn quot native widget always best quot,0
4911,@eshsomajor dare u love making made email im stranger u never replied,0
4912,@nikkibons happy birthday dork lot love today wish could buy drink make great night,1
4913,omg sad royle family nana dy sobbing saddest thing ever watched,0
4914,pub garden boiling hannah likey,1
4915,disapointed good evans sound really bad tune britainsgottalent,0
4916,got people let skip sci pratical becos skola impt cannot waste parent money. nt fair.,0
4917,looked weather greece weekend.... sunny omgz,1
4918,@headgeek watched standard dvd d version blu uk yet d effect best seen home system yet titty d,1
4919,two new favorite prayer quot help me help me help me. quot quot thank you thank you thank you. quot,1
4920,@morrgaan oh week bad one everyone. love amp pretty face amp youre going fantastic concert tonight,0
4921,love dreambears .. want gay best friend,1
4922,actually hot today ..the sun got hat . every one got tan except,0
4923,happy star war day,1
4924,starbucks farrah,1
4925,gross. hot there s cotton everywhere.. hello allergies.,0
4926,@aimzsta hehehehe oh love purate english sooo much,1
4927,working still sick,0
4928,want join drama practice today can t,0
4929,@havingmysay dude favorite sandwich place ever. ummm take picture,1
4930,@espncommunityed forget nash disappointing sun fan,0
4931,morning twitts heading home great sleep w. bf tennille,1
4932,car cars....cars.....i need one. ha ha. one found last night wanted bad sold.,0
4933,@profitfu wattup bro hows going see ya twitter kicking butt jv http twurl.nl ogzbdl,0
4934,@tiernandouieb oh gosh hope so. fun,1
4935,watching rugrats anndd tweeting course,1
4936,nothing like getting work finding cover extra shift week... look like another hr work week.,0
4937,dangit got kiss album wrong color.,0
4938,heading gym. group guy used go quit...well except brandon. make terribly sad,0
4939,one call anymore,0
4940,chill n babez,1
4941,finally packed...thinking time sleep ready chicago,1
4942,work.. missing miami fam @anywayz @abigaildsouza @mrohboy carolina jonathan @prtyprincess @jessdosil amp amp amp,0
4943,grandma caminker passed away today. missed may rest peace.,0
4944,hahaha @ikebot nonsense,1
4945,morning prayer meeting amazing gift prayer completely buzzing morning christ alone hope found,1
4946,home. see bloody movie full booked night museum fun though.,1
4947,miss friend,0
4948,spgridview looking prettier pretty sure code ugly.,0
4949,sigh....it s always sad watch series finale....no green wing left watch,0
4950,@mjcatz thanks let know print gallery would like work detail,1
4951,warhammer k space marine officially announced ps. luck pc gamers,0
4952,@mrmarketingman thanks movie review,1
4953,@owl make sad...,0
4954,got nasty argument someone normally like much. forgive well either,1
4955,hell lot do. say complain theese days. quot they quot quot they quot help case,0
4956,up slept till . shooting new vid today,1
4957,thankful last minute doc appointments... baby girl temp . sitting doc s waitin,0
4958,last week school final yesss,1
4959,greg pritchard robbed place final bgt... cry baby bitch face got instead,0
4960,@robluketic thank much. nice happy hear voice really started something good xo,1
4961,@pistol bee busy talk buddy yahoo,0
4962,@rikmach yeah remember. hug,1
4963,oops spent much already lol quid gone,0
4964,good day,1
4965,@ladyredcrest @miss hazy safe trip indy home,1
4966,way get crate bella dolce sad cuz @livingdeaderin going tto richmond,0
4967,@misskittymarie event writing songs. finished tmnt v mmpr song excited record wednesday,1
4968,@maynaseric good luck auction,1
4969,@materialistic know suck. data plan weak sauce.,0
4970,forgot lumpia pancit fridge last night yay,1
4971,watching movie rocking baby kitty asleep sling hanging neck. cute,1
4972,follower went follow back cant anything till get interwebnet want followers. im interesting,0
4973,watching nemecek go computer fun lol keed norm fun,1
4974,@yousifmind good morning asa mo b important class p,1
4975,realised follower yay xx,1
4976,@jinxie g yup that s watch movie,1
4977,tomorrow roomy gone,0
4978,http tinyurl.com dtb nice photoshop effect,1
4979,relapse mom dad need you. jesus fucking christ stay away.,0
4980,miss baby,0
4981,@sbcvandy omg know give stroke everytime go getting mad them. quietly window rolled up.,0
4982,@dduane wave back good day,1
4983,great first impression little netbook downside access hatch upgrade ram,0
4984,@liljizzel hahaha yes am lil jon freakin jizzle u know named st puppy u lil jizzle...remember lol...xoxox,1
4985,going panahra dinner. miss guys.,0
4986,@hulantheholy morning,1
4987,look like beautiful day...and work til sunday yay bbq yet though gonna postpone invitation,1
4988,mi corazonsito tiene frio... weather suck,0
4989,quot bad word crutch lead tattoo peircings quot hahahaha,1
4990,sometimes forget boy feeling,0
4991,@solidmetalsnake movie awesome,1
4992,go work tomorrow good time revision though,1
4993,smackdown lot boring without maria.,0
4994,@theallianceguy thankies btw part scotland live in never got visit uk lived europe,1
4995,@tschryver ahh yay gonna get it,1
4996,@jaymiealyson mean give. lol finger crash car lol jk. thats bad. ignore,0
4997,got home. bought twiggies toothbrush promise make teeth cleaner. http tweet.sg,1
4998,happy mother s day everyone,1
4999,@mogz yes downloaded website since tweeting now must work,1
5000,going camping coupla hours. gotta pack everything...,1
5001,@gaspsiagore quot stunningly beautiful quot quot new piece quot usually go together. wish could go,0
5002,@amyyyxoxo ahh gtg pls help number come back later see u said haha plz thank u,1
5003,@ckjchambers agree g b reef got vote queensland,1
5004,crisis forgot fringe comb men....no one help,0
5005,poor little mba fire,0
5006,@nicolepenney suck going summer school. need catch several unit,0
5007,vice president social cultural affair southwestern college,1
5008,lovely night guys. full moon thinking going onto roof lol,1
5009,@rmetalbroad belay swimsuit hot tub ready weekend. sadness,0
5010,woo hoo friday ....wait.... work cleaner tomorrow.,0
5011,rest peace adam amp glenn epps.... gone never forgotten... week ...loud da air ya,0
5012,mad traffic,0
5013,great exercise sunday morning quot stopping wheel karma quot r.a.w. transforming negativity love... life,1
5014,@empsfm work missed shannon could barely contain herself. amazingly good time,0
5015,awesome fruit vegetable juice opening lam s noodle @tradehub http tinyurl.com rc,1
5016,@dmcox fantastic day az sun,1
5017,saw dooope bmw series parked top back....to bad raining,0
5018,enjoying view @ sg flyer,1
5019,@rebeccablack sorry ahahah rachel look much like.,0
5020,@quinland lmao yes th get excited lol,1
5021,time take astronomy test,0
5022,@kevin anr shine feeling pretty good. check http bigcitymonkey saying.,1
5023,@heavenlyriot girl confusing.,0
5024,@justdarline darline miss,0
5025,friend mocking weekend @jamespmacdonald talking you,0
5026,@totallyapple here fun this http bit.ly plnm,1
5027,noticed wellwood teeth tonight that s nice,1
5028,@serenajwilliams hi serena want say good luck madrid paris month,1
5029,@catephoenix thinking deserve award. big shiny one.,1
5030,@h themovie that s get writing halloween interview w danielle harris. darn late contest,0
5031,prom awesome.,1
5032,love first monday may bank holiday http plurk.com p roxar,1
5033,@gossipboy hahah really guy said looked . dont look young,1
5034,@agentwill want tell think body odour,0
5035,happy mother day going zoo... wake oh god noo,0
5036,feelin right. hope feeling passes. stupid stomach.,0
5037,one greatest day ever spent whole day besties amp celebrated installs friend love oh much lt,1
5038,@stevelensink thanks stephen appreciate,1
5039,good morming sunshine beautiful day last day class me,1
5040,@kezzawezz want dinna hink get shown elgin n got nae go with n,0
5041,@justcierra yep sang song,1
5042,chilled day party tomorrow.,1
5043,@mirnygirly work drop line. would love talk,1
5044,always feel sickly wake up. well got busy day ahead me yippeee,0
5045,woo hoo happiness score . apparently over the top happy. considering week had....,1
5046,got brace tightened today. got mcdonalds haha sport tomorrow yay yay yay netball tryouts.. wish luck make team l,1
5047,practicing smile today it s gunna big,0
5048,@subray put right scrambled egg breakfast fartingloud,0
5049,@starryeyedsoul meeeee sound delicious,1
5050,omg taylor selena broke sooo sad aw think actually like selena now. poor gal.,0
5051,nobody love twitter,0
5052,bunny longing hoodie left car brrr....,0
5053,@jonjordan wt glad hear it though missing watching outside igloo day,0
5054,@jennyinmaui read twitter bio. love it. clever cute. smiles.,1
5055,last night went really well. got cracking shot,1
5056,show time baby bye bye tweeter,1
5057,@iamchrisc haha cute. p thanks reply made day haha,1
5058,im sad missing opportunity valencia s new video.,0
5059,@angelofmusic can t toy story come june,0
5060,wanting go out... apparently one available,0
5061,@spumante hahaha yes,1
5062,sick kid trump advance planning. bummer,0
5063,good day today tomorrow even better,1
5064,ay dios mio week left college ah can t wait,1
5065,strained muscle lower back today. amp amp hurt hurt .. running weekend.,0
5066,today day. can t seem feel better. dont eat im hungry. eat feel like im gonna sick. blah,0
5067,watered tomato plant pepper plant lettuce feeling homely freddie fun packed day,1
5068,cooked breakfast mom happy,1
5069,@fakerparis little tired gland bank holiday lie,1
5070,@devyra haha love hmm.. lol need good band,1
5071,@chetbuchanan sanjaya forever hahahahahaha,1
5072,going back home love ya zagrebe lt,1
5073,jenn jenn jenn oh oh u pas ur itunes knowledge onto me,0
5074,can t wait till move home life next year wacky adventure every day,1
5075,miss baby day,0
5076,wah....american chocolate cheese cake chweet mummy muaxxx,1
5077,@robincareyyo ...you kickable.,0
5078,@me chiel well...i would love zoo p dont think sunday. sometime i want to,1
5079,@rosiecosy thanks sympathy. bad hour ago started thinking appointment tomorrow.,1
5080,@guybatty yes it s beautiful fortunate live thick it..very relaxing,1
5081,time low mean fucking much me. hope get see june. would awesome. gaskarth amazing,1
5082,beer garden ipod friday night shame got work tomorrow,0
5083,@rizzotees lol point laugh,1
5084,@kelleyviolet suck thundering here. getting ready shut down.,0
5085,saying good bye ronald today difficult sad well miss yuu,0
5086,today goal tweet @ work im good start havent left house yet. welcome new follower hope bored yet,1
5087,battery low boooooooo palm spring ca http loopt.us sljbw.t,0
5088,@chris shield good job wish worked zoo,1
5089,flu swinish one flu.,0
5090,@jmascia yay found u great time tonight,1
5091,miss nipissing pita good thing got euphoria barrie cause would never survive summer without pita smoothy,0
5092,@steve berra happy birthday,1
5093,meant say yardhouse waikiki. @lilredbow s bday @djjmytaco @mixmasterb @mcfloppyears she dj amp dozen others,1
5094,@theblackestsea oh crap,0
5095,hate quot out of nowhere quot stuff...,0
5096,weather ugly n l.a... really cold,0
5097,enough already wolfram alpha next google next cuil http bit.ly hesz,0
5098,@howie d wish leigh happy mother s day me midnight ny,1
5099,@brran hey you ever pre order sims sad im poor get right,0
5100,@nancy got tweets. suck love,0
5101,@davidarchie want hear something funny radio right now,0
5102,@joy thanks promoing show absence glad liked it. @sealfur @flipthetape rock,1
5103,@brunnaxo worried safe sound lt you,1
5104,@emmielovegood ive tried tried past learn cockney sadly near impossible find book thing here.,0
5105,@tncc sweet livin saturday night,1
5106,yay bright shiny new week play,1
5107,happy mother s day,1
5108,@exprincess http twitpic.com sniff feel left out grin,0
5109,@zouljiin best sticker ever. also. dig hair. gotten long since seen last.,0
5110,@damiencripps awesome shame though mark fiddle player died last month fab version good riddance i album,0
5111,wish could go love music hate racism gig weekend right part world even,0
5112,day start moving,1
5113,new phone zero contact poo. send message name save number thanks,0
5114,wish teased movie night,0
5115,http twitpic.com vld like bang want hair back,0
5116,mother drunk grrrreat.. okay mother week,1
5117,fuuuuuuuudgeee burned finger oil hurt,0
5118,totally confused bored.. life must change,0
5119,got back footy thankgod eagle,1
5120,@lilxcutiesworld played song send request,0
5121,woke morning line quot i made half pony half monkey monster please get feeling like quot,0
5122,sorry tweet bgt poor wonderful crazy weird greg fair. silly little girl never going cope. urgh. fair.,0
5123,feeling great today,0
5124,poor poor mouth,0
5125,getting hair done...missing,0
5126,@michelleweber never good time recourse small claim get atty involved.,0
5127,oh poop. stupid twitter let put new picture.,0
5128,@ivanae love to.. knw gna cut stuff tv,0
5129,phone passed away yesterday.. jumped table searching new phone...,0
5130,@rbmartin yeh knew wot meant...kinda lol seems alot radio bod here....i ve lost count,1
5131,oh god feel like shit.,0
5132,@sam ho naw min bug where tank would stop spawning min glad get keep,1
5133,year funniest thing dancing sooo happyyyy,1
5134,far sick sing. got post nasal drip sore throat sent sorry email,0
5135,gonna cry went bad history test really hate history,0
5136,whew end going mugglespace apps youtube haha one day guess. really hate ill,0
5137,trying spending time away reality....broke heart,0
5138,playing skate two hours. need get actually skate. late,1
5139,@sabrina thought simple one found hilarious.,1
5140,lol stay hours.. keep missing tila s last post ..,0
5141,oh love texting drunk friend hahahaha,1
5142,@davorkapozgan congratulations. great funky site u waaw,1
5143,yay almost home go walking today .....,1
5144,@saraxmazing ah nfg super amazing jordan pretty legit can t stay longer meet everyone cuz hv hour drive home,1
5145,@rayamartin http twitpic.com wlpv whooooooooooooa ang ganda ko dito ha thank you,1
5146,@izzndsophtv want experience snow snow suck,0
5147,hip wide rock mario kart short bone structure year old boy,0
5148,@niariley wassup beautiful follow me peep new hit single ipsohot def. wat u video,1
5149,@lesley m melted maybe square inch skin. ran cold water min two iced ice melted. now hurt,0
5150,@lexielovesgreys well sadly live boring city usa nothing here.,0
5151,loving new skype especially someone like life half world away home,0
5152,found food engineer future life. cool. iphone app called afterlife,1
5153,still trying get figured out,0
5154,@taylorswift created account get chance chat admire you amazing inspire write lt,1
5155,@djgigidred fare lady body nap work,0
5156,downloads quickpwn .b cydia thanks playing,1
5157,guess talking orlando magic @whoiskenan nothing magical,0
5158,resting. ahhhhh. feel good,1
5159,@javierchua well right side thirty,0
5160,@serenity thanks hun next time go,1
5161,there s one cherry dr. pepper left fridge...thank god. im addicted stuff sad thing skin.,0
5162,heading beaumont,1
5163,@kolsweetie hell yeah belgian beer bomb p,1
5164,http bit.ly ce got bit face doberman four year old wanted kiss neighbor ...,0
5165,justcause summer hour say day end pm...doesn t mean really get leave .,0
5166,@mathewhulbert there s film tv job especially wmids. can t afford move away yet sorry missed .,0
5167,@simplemia yes. need listen sad sp song,0
5168,bed hot date sudoku maybe chapter two reading stay awake long. great night tweeps,1
5169,another long day..glad weekend..but still call,0
5170,@jae thanks holding mini laser light thingy lol. u,1
5171,dont feel good all. fuckkk,0
5172,@iamtam light concern me lol stay safe,1
5173,also anyone else hayfevery today awake min sufferin already,0
5174,hour left teenager.. ill sleepin hours.. depressing,0
5175,angrily told extemely abusive...mentally emotionally amp physically. made day. nightss.,0
5176,need somewhere go...its still lush want back,0
5177,ah lovely day bike ride cake making is rooting revising best x,1
5178,@hrcolors maybe hot date nice little cesna.,1
5179,lossing power house alone fucckinggg cool. party cakss,1
5180,@mizzlalabaybii @kewsboogie im lonely right now. maybe sade got feeling like,0
5181,@chescaaaaaa yeaaaahh.,0
5182,apparently starwarsday,1
5183,happy monday twishers passing coffee...,1
5184,fun time concert almost got picture taylor momsen freakin next line left,1
5185,@nkangel sweet thanks,1
5186,got home. im effin sad,0
5187,never thought say this miss job commute cubicle free food amp coffee downtown. quit,0
5188,@markii eeee hiya spoken age doing enormous hug,1
5189,hollyoaks .... curse justin strike again.... date burton end screwed poor sod,0
5190,@darklord ohh fun night slime miss place,1
5191,love leave laptop bed creates nice toasty spot,1
5192,bad day work s stressful...been involved minor accident everything s ok far. cut immediately,0
5193,paid bill money,0
5194,@princessdeleon awesome feel fulfilling it gonna work soooo many people summer totally excited,1
5195,watching video facebook make feel like biggest creep. guess am. also tweet woohoo,1
5196,@starangel @darkheath @lover everyone s going think gold digger hahahaha,1
5197,reception eating nasty as pasta woot beautiful,1
5198,ahh sunshine. deleted spam email day bbq sun wonderful...,1
5199,wanted sleep friend denmark poked im,0
5200,dancing...waiting turn hope get newww cd funky reel music todayy,1
5201,@shakedxit save,1
5202,forget much miss tribe til limited access talking them. spotty internet country long.,0
5203,@nellclothing cancelled run favour of... staying in. wish monies pubulation tho,0
5204,@himynameisryan let know go babe good luck,1
5205,@sweetemmaxxx love cheesey one cool orignal one skip brother got try u c haha,1
5206,houstatlantavegas sooner later nov. th night off successful . last hour heavennn,1
5207,@ faeriequeen saw hamlet update excellent news... never good live though,1
5208,went swimming fam hour little toasty,1
5209,@tehblue don t know interact. getting better pain though. want give poor liver break.,0
5210,woke came realization put much want need drop friends. dammit,0
5211,supported thing like n intrested in mom always refused it...,0
5212,can t stop smiling best mood right now,1
5213,score two day get food stamp good cause want safeway pizza,1
5214,@unclecreepy cont bastardized version french fun believe me,0
5215,following @twittbitch cause @gerhemi ordered,0
5216,couple thoughts....was bored morning,0
5217,@gay emo zac good morning france zaccie,1
5218,party wiped dead stuff,0
5219,@cecamy nto good,0
5220,@angiebeyince damn dublin,0
5221,wanted go club...dancing ..but iï¿½m tired anyways go work tomorrow,0
5222,@monkeymad nooooooo receipt break heart,0
5223,hungry.. going eat... catch guy later amp people hurt sardonic quote waiting hit back,0
5224,@stevensmith indeed twitter mate happening here. enjoy. hope see arou.. http twurl.nl joxe,1
5225,oh check stock port. marketing unable buy ticon best price,0
5226,movie pretty interesting actually. gonna finish watching it. probably seeing star trek tomorrow. lt zq. lol,1
5227,sick sad .... missing martini lounge tonight,0
5228,@joelogic wish could too enjoy weekend xxx,1
5229,@chrisefs tryed day werent giving using,0
5230,@tomcopestake sorry. get worry one day time. hang done.,0
5231,@xbooernsx jealous. want free hamburger,0
5232,@paulmwatson gonna ask boom boom is morning.,0
5233,little sister told double chin aww,0
5234,perfect day throw back head kiss good bye love it cheerful http blip.fm jckp,1
5235,@ecorazzi grrr people suck. cry animal die nature shows. people sick. hunting endangered specie,0
5236,@leeyecandy hahaha. think pretty far me. maybe next time though,1
5237,really need put laptop amp start getting ready @melancholyjeans shindig...but missed twitterloves day,0
5238,@doneads cool...a productive day got spot extra feature film filming tomorrow awesome week around,1
5239,@farah n pete terrible job hiding it.,0
5240,@sirlance hope ur havin fun da club,1
5241,mourning venus third round loss....,0
5242,@krisreyes btw bot,0
5243,writing mother s day card mom aunt amyyyy can t wait mommy,1
5244,@larrywalksfast cool. that d fantastic,1
5245,@jomanlk trying best make luck,1
5246,@spookyjenb @diverskynsea stop it makin sad,0
5247,wango tango good night,1
5248,http twitpic.com w operation happy mom success,1
5249,nothing like waking slow morning. doc appt today.,0
5250,@erinhosborn thanks legolas. @betterlesson fellowship. re google wave like. @bing demoed . http tinyurl.com majl mean quot disease quot,1
5251,good morning mommy happy mother day. pull cat tail. know like,1
5252,damn missed @xsparkage s blogtv hope funsies,0
5253,@the law rence amp @simplysarah why head feel like surface sun underneath beaver pelt.,0
5254,really wanna go school monday honest,1
5255,jeff right call duty pwns. gotta figure xtra copy wolvarine bought earlier week.,1
5256,ahhh finally went yogurtland. saved spoon. hahaha.,1
5257,@pilarlovesyou love you. leave me,0
5258,nursing scratch bump festivus mud wrestling. swear there s still dirt hair good time,1
5259,dream went evo fest didn t.,0
5260,@dangercharlie welcome char glad liked cake pretty simple give try,0
5261,officially celebrating th tweet. wow proud great.,1
5262,shopping @curlysuex tonight cant wait lucky bastard @jayrunway already finished work im stuck forever,1
5263,@james phelps sad yesterday.. guy fave band quit band replaced,0
5264,found mj mouse flat djs. course none left size,0
5265,burnt arm. just thought know,0
5266,drink marc izzy sleepin woot woot,1
5267,@poisonivy fine thanks long till christmas....i m excited,1
5268,lunch time feeling really odd today generally great,0
5269,headed today shopped mother s day gifts. love b amp bw new scent finished book bought yesterday.,1
5270,@wossy @juleskaos good show ... killer rock ... cut em short,0
5271,@mileycyrus yeah isnï¿½t prom germany although school almost everywhere same,0
5272,ending day another walk nice walk gelato,1
5273,@novawildstar damn right,1
5274,rome italy. love there. elegance style. difficult live chicago. elegance here. sad.,0
5275,@retrobakery would agree bacon cupcake... would rather drive shop instead office,0
5276,@paulacampbell happy mother day paula,1
5277,done photo album im good person make quite private now. pity ben haha,1
5278,funny said never make look far come.... im back heahhh um. yeah. school,0
5279,@retrodiva wish could bed nine while. never make a.m. sleepdeprived. much.,0
5280,thanks @ksatnews @doublepunching update tonight votes.,1
5281,@vileness hilarious. imagine reactions.,1
5282,awesomeness....she come way...lol..dun dun dun,1
5283,keep @lulion family prayers. lil bro jus passed away,0
5284,@b heheh ....qualifying pretty exciting tho ..,1
5285,think gonna able go see jb d concert...wrong time close,0
5286,can t help look twitter page drool custom bg http twitter.com galvao,1
5287,it back pakistan http bkite.com kbp,1
5288,way see grandparent,1
5289,@russellburnham nice one,1
5290,miss rich,0
5291,eating lunch sushi tei sency yum met ghina earlier,1
5292,another rainy day,0
5293,fantastic weekend hairdresser stylish luncheon amp fabulous girlie night wine cheese amp chocolates...and dancing till morning,1
5294,beat aye music hall. babyy im like cinnamon beat apple apple jacks.,1
5295,@kixxa somehow totally distracted shirt even know why.suddenly like guy next door,0
5296,@david henrie hahaha. make laugh.,1
5297,heading dmv pay hard earned money,0
5298,want food,1
5299,last night bottle wine house cocktails. came home sober still gonna sick,0
5300,@lindsayslifee look nice atleast haha. lt,1
5301,@delbertshoopman good luck footage none station breaking live,1
5302,made south korean email pal. happy,1
5303,@nakedsoap @dandineen lol yep sure do... although must get house today,1
5304,@kathleen bee coincidently friend cancelled movie date,0
5305,super cool dream last night. @theellenshow asked @danify show. wooowww. hope come true,1
5306,want milk,0
5307,never get followfridays,0
5308,maybe could drill hole me lol oh snap sorry resist,1
5309,happy star war day,1
5310,great night friend,1
5311,woke amp can t go back sleep. txt bff sayin call me sound important hour ago,0
5312,@hey thomas drinking game tonight...i work till tomorrow,0
5313,empty house ine share,0
5314,well @suzylake discovered can t swim. out. sorry,0
5315,super happy new interest rate. whoop whoop.,1
5316,think well. time weekend,1
5317,enjoyed week work back next week,1
5318,pool today. stupid weather.,0
5319,finishiing training exercise new mexico.. looking forward hour bus ride home weekend.,0
5320,@lilmoxey yay full term,1
5321,rainy day today. car stuck house needed go post office too...bastards,0
5322,need ban together recognize always going agree that s ok tcot,0
5323,@naka quot if there s camel hill quot quot i ll give plankton quot ....hilarious,1
5324,thanks concern guys. stitch later well. whew.,1
5325,@dsml dont depress mother in law staying weekend. someone else wait kid,0
5326,@davidakaplan leopold say hello.,0
5327,follow @mzthave cause really shop there even though showin love,0
5328,@robertsemma reply none fan ... know trust,0
5329,@aloliver got standard alice otherwise would got enjoy life life,1
5330,@alyssa awww sorry kind fish have,0
5331,best brother in law world. sent twilight blue ray gift set. blue ray player,0
5332,@ilovefal b c quot we quot baby phat phat farm applebottoms amp fubu come pretty weak double,0
5333,@snuffel gl say hi me,1
5334,@annahasphyxiate sore back leg well least good time. epson salt work good usually. dm need help,1
5335,spending time mommy later today,1
5336,watched new t mobile advert youtube.. love quot hey jude quot,1
5337,@michaelbchevre chevre please follow @elishevabalas chevre using @eliseven public tweeting thanks,1
5338,@tomfelton awww. sooo adorable old u video,1
5339,tired n sick what fuck wrong w,0
5340,there s something area make tonsil swell everyday. get it.. feel slightly miserable. ff done now,0
5341,@jaz paige aww hey know you lol. sick. outtie me.,0
5342,@loulou de b email get people want site. shame trouser,0
5343,@katschio completely enraptured fascinating update testing now oh wait yeah. work. course.,0
5344,im done defending him. im going bed im gonna give mom happy mother day. least ill try.,0
5345,got skyfire http get.skyfire.com . firts impression look good little memory hungry ageing htc tytn,1
5346,@quicheismadness thanks following pretty complicated id lol,1
5347,@kellieann haha hi mum wow yes modern you. need get facebook account p.s. talk writing @mattcaplin,1
5348,@dj cm drink enough hangover tired worked,0
5349,sick fighting look like burlesque,0
5350,@jferlee see last night oh well. watch theaters. that s must.,0
5351,nothing nte boooooooo totally bored,0
5352,sittin home hellllllllsssssss yeah got girrrrrl boysssss amp mangy cat good time life. goodnight twitter,1
5353,@rosecharlotte oh gosh tomorrow well god lucky might put yet another week,0
5354,im soo bored...im deffo missing music channel,0
5355,http twitpic.com fue formerly pretty car,0
5356,@slashfilm peter follow me oh fun europe,1
5357,ive chosen grease,1
5358,want grape soda jack fowers fault. also @tracecyrus wish could see play uk gig sold out please reply,1
5359,hot thermometer showing c moment,0
5360,@tennydesign rogï¿½rio minotouro fight now,0
5361,@jerennyofficial hahah jonas min woop woop fun doug cmmt convo. magical hahaha,1
5362,there much light pollution see star,0
5363,@avrilchan course u mind old ppl well,1
5364,need get life together aka apartment cleaned back birthday,0
5365,@msalonen feel like truck hit too also resemble man hit truck,0
5366,one gear baby,1
5367,new star trek movie awesomeness. unnecessary brief underwear scene pun intended besides that awesomeness. startrek,1
5368,ice skating last show part morning. mozart. awesome can t wait friday saturday. love u,1
5369,@mmmmmshell miss u roommate,0
5370,good day selling feria urbana. lady love laser cut felt.,1
5371,@great northern http twitpic.com wiqv awwww look like one kitty little furry ball best,1
5372,pumped bummed time.......,0
5373,definitely od tired..but backstagepazz.com joke..i think want groupie tell tale.,0
5374,content life moment,1
5375,using old phone gosh miss phone,1
5376,missed answer im again nth time making sad. whenever im which time always out.,0
5377,hoe .. none,0
5378,good morning everyone nice see today hope wonderful funny day,1
5379,@djinfrared sound pretty cool. great job man,1
5380,turn really like sixty year old guys. right seek future little later planned,1
5381,finally found perfect matte lcd cleaner i nix screen cleaner ftw,1
5382,@sophieveronica ha ha abbreviate bulky,0
5383,taking care sick child,0
5384,@hippyofdoom even get chance shop @ aldi,0
5385,cried way final episode er... previously er documentary it,0
5386,@davederoo hardly furniture shipped know backordered may cancel shop local.,0
5387,pinkberry,1
5388,@sabrinabryan hi name chelsea respect opinion come dwts. great too,1
5389,http twitpic.com hvr picture last year freshman year miss tho day,0
5390,screw goin back bed ill go tomorrow kinda sad,0
5391,everybody awake well everybody u know mean. friend haha fun aiming,1
5392,@katrinasummer dude hear ya. two week tomorrow. feel old.,0
5393,@jeremybeguhn fun without meee. going missss youu,0
5394,@paulwingz nothinbg home jump shower street calling meeeeeeee @steffsoflii tonight @cokebabyy tell,1
5395,feeling great,1
5396,@greggrunberg showin love ya. really gonna miss greg beeman s directing next season. ya ll s commentary r funny,0
5397,made okay rap mix couldnt stuff wanted im getting ready leave,0
5398,love baby hurt me hurt me more. want watch night ruxbury right now,0
5399,@aligomm wow cool that guess haha get another follower,1
5400,day going well far. meeting though.,1
5401,@allysonbrianna well yeah. mom wanna drive way sac far away.,0
5402,mother day shopping....wow...big thanks sister coming me. sorry getting drunk though,1
5403,week mine easy finally over,1
5404,@chasesanders see cry lol,0
5405,said til later. enjoy day everyone,1
5406,beautiful night im stuck inside feelin ill instead crazzzzzzzy as party,0
5407,fell asleep waiting ride,0
5408,going town later get birthday present. ipod touch nicely think,1
5409,heeder s monday well... absolutely plan weekend,0
5410,@rizzzky retiring tonight show im bummed. awesome ha. congrats dear,0
5411,im slowing tweets..cuase lost phone,0
5412,@latinamarie ruddy manageress nd bad job her. never find good place beyond cut,0
5413,money phone,0
5414,@simplysinister suck seriously hope feel better soon need come next week,0
5415,sad discontinued sesame tofu salad trader joes,0
5416,@samiyusuf sir everything great inshaa allah,1
5417,hope school gonna good tomorrow,1
5418,@buchautor thanks follow friday,1
5419,good morning everbody,1
5420,left work. inventory way easy got put highschool musical cd amazing. goodnight goodnight everyone ],1
5421,tired.,0
5422,well effed iphone. nice knowing,0
5423,friday night working,0
5424,c key stating work. yayness.,1
5425,sure people hangover glad know hangover free @fjkeogh hope fragile morning,1
5426,@dorritos @repressd get migranes.. @repressd.. leaf either arthritis and or gout,0
5427,@kurttheobald problem. unfortunately think something sort own.,0
5428,reason lived he reason im begging die,0
5429,sooo.....i m kind sick n tired b guy dish,0
5430,omj qot home party oo a.m man tired goodniqht happy mother s day all take care amp god bless,1
5431,thanks mom love too.,1
5432,@gasfreecommute i d love able bike bus walk work safe area,0
5433,happy mother s day favorite moms.,1
5434,hey everyone whats up got another hour half work tell something think wouldnt know....this good one,0
5435,oh monday also mean new american dad glad watched show funny make monday even better,1
5436,lost favorite pen good thing back d,0
5437,wishing beach right now,0
5438,@retrorewind buff guy.....unfortunatly alot people dont know danny s name either sad sophie sweet,0
5439,still pool key. wth. even hot today.,0
5440,looking forward dinner family friendsss happy mother day mom there,1
5441,@patrickmanning yes pm pm right,1
5442,plan got ruined blackstone going carnival tomorrow weather good,0
5443,well goodnight twitter bug sleep well,1
5444,@andyclemmensen heyy teddy bear say look pretty blake,1
5445,today fun lt meeting boardies acoustic set soo phenomenal,1
5446,ripped favorite pair jeans.,0
5447,someone feel good...,0
5448,headache boo,0
5449,@amandadiva laundry last two day,0
5450,@coollike http twitpic.com jg haha look little like u charlie lol,1
5451,sun,0
5452,@natalie brown thank much natalie hope u well,1
5453,reallly good,1
5454,get see fav today like planned,0
5455,already missing biddy bop home mom s night watching little bro getting rest birthday party tomorrow d,0
5456,free ice cream though,0
5457,@emilyjonesmusic awww thank,1
5458,@fromlucy thank dearie followed dome too,1
5459,@pimplepopper get copy wanna watch also.,1
5460,@tizzik thank you hope you,1
5461,@samanthadepanta really well stay long needed definitely come visit me look forward ...,1
5462,finally accepting fact cute guy taken,0
5463,@kesoleil oh man yogg today. worse last week.,0
5464,get worse every year worst. oh month today,0
5465,good morning,1
5466,back miami. miss south beach,0
5467,@shashitharoor hope moment inspire political journey back home. best,1
5468,@sheiroq fuckyoumonday like it. totally crap tastic rainy day here. work. hug,0
5469,@hannahxmakeup stupid putet let go chat,0
5470,@kidthings yeah does...i fun today...i regret taking cup now...it awesome...i must find one like,1
5471,fun tonight make up pillow fight skins. wish could stayed,1
5472,@brran really suck think might cry skipped anything important have. comp getting disposable,0
5473,@deniserd yo wake as go work go get paper u aint sick dont lie,0
5474,alone weekend,1
5475,@debby alone im gutted missed convention too,0
5476,made bomb blew mouth ..just made best f ing dinner,1
5477,@analystalterego bad news... go take dog walk they re upset w me,0
5478,happy...skool let out.. today last day.. yippee r.i.p jackson tyler morris.. always loved never forgotten..,1
5479,watching quot week later. quot good days.,0
5480,diamond compï¿½tition yaayy tomorow diamond dance best .. still montrï¿½al,1
5481,thanks raspberry laced vanilla cake,1
5482,@johnhensel hate u.... wait one week see cuz puerto rico still coming soon....,0
5483,@saynerd @ericajo grr stupid meebo disconnecting every second,0
5484,head ache tom s call time really early show start pm. recovered like photo already... go,0
5485,@ashantigirl hellooo you gosh miss seeing around. thought last night amarula,0
5486,@jmorgan getting another one ... there s alfie,0
5487,loved johnny carson going hate seeing jay leno go,0
5488,may th,1
5489,@nileylover well i m little bit sick i m fine,0
5490,@johnkeithhart thanks glad agree wth follow policy,1
5491,@chioma yeeeee haha. funniest thing dude cant ball bring hot gfs along watch get murked,1
5492,really want go maker faire tomorrow sick. makerfaire,0
5493,one mum s happy mother day amp special mention one newest member @holly jane hope @dhughesy good u amp u,1
5494,watched slumdog millionaire soo goood love ] sad,0
5495,actually workin weekend...not,0
5496,@bryonycatrin hey hey else twitter,1
5497,girl talk awesome,1
5498,omggg. heard someone gonna die new season secret life american teenager noooo.,0
5499,going stop tweeting lsat studying now.,0
5500,@lilazngangsta awesome day school,1
5501,ultimatum ultimatum matter dress up. sucks.,0
5502,take mum jewellery shopping coffee mother day,1
5503,allergic hot wax,0
5504,two page assignment weekend go chance relaxation,0
5505,got done working out....relaxing work,1
5506,jungle book sooooo cute.. nothing eat drink,0
5507,rockstar photographer shoot went great tonight. little different usual stuff nice.,1
5508,pulled breakfast sausage mother day. hopefully baby sleep,1
5509,got rite ear peirced brother got first peircing left ear. also got new septum bar one black c bar ball,1
5510,going indiana baptist sunday pray summer missionaries...,1
5511,looking forward cambridge weekend shopping ilze,1
5512,good morning monday... feel though came visit early... happy see none less.,1
5513,thank u guy much helping follower thing im probably gonna win cause dont follower yet,0
5514,@leirastorm that s sucky. miss on.,0
5515,sad dad dy hakuna matana mean worry for...,0
5516,depechemode concert next week cancelled alternative date known yet. dave gahan tumor.,0
5517,hmm. disappointed. made serving able enjoy one stomach full wishing company help.,0
5518,started new job today aaand stoked may long.. billy awesome.,1
5519,@lilbumbles happy mother s day mother list,1
5520,omg mummy bought ice cream,1
5521,@cherrythegreat hay naku madaya ka talaga ah hehe ..hey happy mother day mom nga pala @baditz mom also,1
5522,glad good job,1
5523,@mona aw headed to cancelled trip aussie,0
5524,car car hospital nxt day gotta go pick loaner car b bein without wheel day set back heavy,0
5525,spendin time ant gone night,0
5526,@thisisbenwood wanna go see edinburgh happen though haha yir lucky funnnn xxx,0
5527,@mobileech looking new sm sending solution http promotion.itagg.com get ï¿½ free sm every itagg,0
5528,got rad new t shirt aunt. made cool shiny shiny pink material.,1
5529,@dougreport checked worked sorry,0
5530,home sore knee,0
5531,@vacant stained http twitpic.com jhe love it awesome,1
5532,@eeeegads thank,1
5533,@streetztalk physic boring class ever,0
5534,aw going toronto anymore.,0
5535,starbucks,1
5536,@millionfagmarch ah misunderstood message. really dislike f word url good luck march,0
5537,@zaragreen problem keep comin,1
5538,omg. got sleep again. neighbor building deck amp starting @ am. tired. feel like took benadryl,0
5539,@timhahnproject heh. moved house pius pep rally cheering band.,1
5540,middle breakfast school called.yep...back get shey...again.rd migraine week maybe one never went away,0
5541,good news flat great regulating temps. heat. bad news sodding lovely outside working,0
5542,happy star war day everyone excuse drinkies eh,1
5543,@chainsawchelsea consolation definitely one hottest gg s imho,1
5544,@rscheuer sorry spanish moment,0
5545,good morning everyone hope al lovely sunday and hope doesnt rain tomorrow,1
5546,totally long since updated. saw star trek excellent killed yogg saron man. memorial day killed man raid,1
5547,knee surgery.... back home week,0
5548,ordered new computer unfortunately get end june.,0
5549,@mitchelmusso would love talk live england unfair,0
5550,@jennytalia shut face mean me pedro supposed mean one,0
5551,running errand geeta... feeling like plague,0
5552,chilling listning seal,1
5553,like old day drinkin old spot .,1
5554,@jovialhoney guy adopt me yall always fun stuff. y all take trip miami... go arkansas,0
5555,@igortizz hahahahaha u look really good ur picture,1
5556,photo thelovelybones spy jonas brother demi lovato omg d ahhh yea d movie premire http tumblr.com xbbqyxe,1
5557,@spyou oh no sorry hope back bike soon.,0
5558,flashlight tag love playing game dark.,1
5559,fun night. needed break. p love man effing hilarious good night twitter world. sweet dream,1
5560,@pembsdave hope relaxing day. feel laid back can t stand,1
5561,@michaelmagical warmfuzzies you friend,1
5562,toy story june . can t wait long.,1
5563,@emjaystar haha thanks yep definately dream come true excited camera shaking taking photo,1
5564,got right bad headache,0
5565,.. oh mint lounge ...awesome night,1
5566,signing night. watching quot the reader quot sure snooze point. good night,1
5567,@okibi ah. found weird screen name name war jazz,0
5568,@debbiezachry relaxing thank you. hope get put foot tomorrow enjoy day,1
5569,@hannibals great news got ball,1
5570,feeling bad little sister. put lot money saab took full coverage last week totalled yesterday,0
5571,international student today sooo much fun sixflags friend know well enough,0
5572,@jpsherman that s true. unfortunately lead movie die high note. friday th model,0
5573,@ericamcgraw hi im glad fun tennis im go see dr dorfman last visit though,1
5574,missed getting quot twilight quot jacket @ modcloth man wish long monkey arm could gotten l instead,0
5575,wow sunny day recovering erased file,1
5576,u missing ur frnds hear quot manasellaam quot kulir degree movie. amazing nanbargale miss u guy,1
5577,@lulion praying you. sorry hear bro man,0
5578,upset see carys donna go today miss hugely already yes ok like hour haaa..waaaah,0
5579,@samgrierson aw ah well least sober week possibly get gym.....u gonna make music live xx,0
5580,@gfalcone def cheese onion however back state month finding bag salt amp vinegar...they tasted great,1
5581,fun traditional family dinner party mother s day...,1
5582,starting day little northern light,1
5583,@ddlovato hi ya demi im glad ur back http twitpic.com vuuy personally love picture haha,1
5584,d version sold regular version is,0
5585,@meli beli haha yeah u did oh well there always next yr chin princess hehe,0
5586,@lilrainbow hi thanks following me. u much long time since last chatted u,1
5587,annnnnnddd another one bite dust,0
5588,@girlwhoshould fun blatantly ignore advice,1
5589,@halden thank you,1
5590,bigggest headache,0
5591,@nattyknits knew get that,1
5592,can t iphone,0
5593,ahhhhh go away @nkotb @retrorewind yay fav song,1
5594,@jurisdiva looking like magic,1
5595,last day tv up front w colleague sydney paris london...,0
5596,@vieirasboots fine thanks guy dont quake there,1
5597,@themandymoore looking forward new album,1
5598,@amandapalmer loved it happy birthday said sounded like mixture john lennon chrissie hynde janis joplin.,1
5599,@jeffparks naw...i ll keep in. turn odd nugget wisdom.,1
5600,@yourboyh thank broooooooo twitter loop today,1
5601,@mmurray hearing song brighten someone s day always make grin.,1
5602,@modofly omg lol fun tnx posting,1
5603,@macpowell awake happy,1
5604,baked cake amp watching movie.,1
5605,http twitpic.com wlf bbq time again.,1
5606,nope get nice also,1
5607,@dtballa want forgive forget this please dont like promise going live without drama now so please,0
5608,feeling bad daisy cry every episode watch waaaaay much tv,0
5609,watching new season eleven dvd,1
5610,@aldenpolicar sad saying fat tear,0
5611,dont wanna miss laker game tonight sad,0
5612,im tired responsabilities wish kid seems everyone around money anymore,0
5613,@xxxmaggie oh suck sorry.,0
5614,@one bloody poet bad friend sorry hear that.,0
5615,damn wish botcon everyone.,0
5616,walc er ready cry going long day reminiscing,0
5617,@dougiemcfly haha dude b date p wish u ur b day oth november. also turn u reply please,1
5618,every saturday till work. sucks. friday monday july th either.,0
5619,ten min. stimulate biz. sale good customer service award breast cancer camp. koozies product variety,1
5620,got bad headache,0
5621,tomorrow gone new home...i born single our little puppy basset hound,1
5622,@msignorile weather suck,0
5623,omg someone left voicemail work ffs let day,0
5624,@lesnoyse b finished,0
5625,andrew . idea rest think ben princeton could fun lol going late,1
5626,@impala guy hello iï¿½m back hope happens occasionally wednesday,0
5627,morning ali big thank yesterday love always xxxx. bike today forget get helmet ok,1
5628,@wossy smashing show tonight love killer wish there gutted... shame got cut mid song end,0
5629,listening sunlounger s music waiting sun set.,1
5630,observation aside riverwalk pretty much cute girl downtown sa,0
5631,saw cute movie passed place called peasant kitchen. wtf name kinda sad,1
5632,got little much sun today,0
5633,@frixionofficial hott tuuneee,1
5634,home sick,0
5635,ran eclipse mint,0
5636,caught email research project. yay label search gmail. much easier,1
5637,feeling nice... got big as smile face reason @mralister take as sleep right lol,1
5638,aight pau au au... heading blaisdell arena lady s concert cheehee... awwrrite,1
5639,@iunfold that s true never believe staff call sick monday friday lol,0
5640,degree [tear] happy moment http mypict.me zpf,1
5641,busy work today...it interferring socializing,0
5642,@amber benson raining am. wish wasn t.,0
5643,@capplegate still sad samantha who,0
5644,@xxpat..not school wouldnt suck time,0
5645,@clumsy steph yeah school suck totally. yea grateful got better place man cant tell excited hul,1
5646,home ill work. man flu hell,0
5647,really feelin well...,0
5648,best part movie kirk total babe,1
5649,@jason inc sound good. still like friday although mean go work tomarrow,0
5650,saddest movie ever seen,0
5651,@ljsbaby hahaha...gutted birthday soon so wait then. haha,1
5652,leg still numb journey atlantis coldness... buttt awesome day,1
5653,missing taylor like crazy cant wait till back,0
5654,going bed. goodnight,1
5655,plan today cleaning washing clothes amp cooking pork dinner weather bit dull. hoorah bank hols though,0
5656,@jgooden put way... make much sense it rotfl,0
5657,@aquadj james battle everything too kind love hate relationship,0
5658,work very soon. way soon,0
5659,http bit.ly nyhmz dionusia made,1
5660,@kylehamilton wow saw tweet proflowers fiasco. that s fun,0
5661,great album..lucky vinyl. http blip.fm jhtv,1
5662,missed friggin hair appt,0
5663,life get soo dull sometimes u around x,0
5664,@jasondjkim know cant deal. life,0
5665,omg brings back high school day http blip.fm ygpg,1
5666,happy mother day x amp go docker,1
5667,weather starting better shine,1
5668,um... think text msg quot subject line quot ... fail,0
5669,@alinachka anyway could forgive me,0
5670,@heyshanny can t wait either welcome yay,1
5671,@lvlyfairygrl would say bc overcast get sunny yes,1
5672,finally making headway family room home finally begining look like it btw dial go die,1
5673,tired,0
5674,tired. right get early,0
5675,@thebeckyanne giving si show crib sunday incredible jewelry designer gone,0
5676,good day house,0
5677,@annabranch let know goes.,1
5678,oh beautiful morning brekky bed,0
5679,@rosehwang good evening rose ....,1
5680,aww anyone see hollie steel bgt tonight wharra shame,0
5681,@officialtila thanks interview mama enjoy night,1
5682,hate taking lily doc get shots. make super sad,0
5683,@oleg s can t test it...my demo license expired yesterday,0
5684,go dreaded dmv tomorrow,0
5685,back lunch pouring rain ugh ohh well least get death cab cutie mood,0
5686,going entertain request reducing shipping cost using registered post instead courier on....,0
5687,@bj way inconvenient...,0
5688,hate program freeze installation.,0
5689,@ohshititsdre awww didnt see till edwin left knew wanted some forsure tomorrow make u new batch,1
5690,@gialovescece ghost whisperer going without j. love,0
5691,finally got twitter follow tweet lt,1
5692,@joek okay thanks. job yet keep going get one actually following yet btw,1
5693,@wethetravis hope happens tomorrow ill providing dad get better take,1
5694,@lancegross http twitpic.com vd good looking cpl can t wait see kind kid y all have,1
5695,absolutely gutted going badu tonight. guy fun... got home need head downtown now. gd heat,0
5696,creative party me myself moi,0
5697,where s happiness,0
5698,@ukrainiac yea say something great hear ukrainian,1
5699,@steph atticus thank,1
5700,thanks steph...must keep updated ur turn,1
5701,@penpen haha true thankfully regular keyboard job... time.,1
5702,@fudgecrumpet ok believe you.but belly button.lol,0
5703,woot. interview went awsome get talk mr. johnny thought... oh well still really good,1
5704,@sjsharksfan haha agree test dummy. go say quot do whatever want quot always love it. magic,1
5705,live long prosper fb,1
5706,@misssammibaby sad,0
5707,@lesley morning lesley...ya making jealous,0
5708,love charge,1
5709,really mad forgetting may deadline mile award trip south america @unitedairlines,0
5710,pissed someone took wallet,0
5711,great day,1
5712,another friday night nothing ...boyfriend work am,0
5713,wish could sleep past four a.m. night good morning,0
5714,lovely one waking,1
5715,get callback play cried... oh well guess back techie..,0
5716,asylm yay registered lost friend,0
5717,@merlene cool figure tweeter club.,1
5718,@cc chapman whuffaoke night @acdc gillette stadium,1
5719,@buffalolass sorry want call aim couple hour need vent,0
5720,feel like watching disney movie...too bad dont vcr anymore,0
5721,@fureousangel comedy good luck friend,1
5722,symantec ghost image corruption making cry,1
5723,lady gaga poker face acoustic really really good really sing,1
5724,@jeremydurden really miss right,0
5725,looking window depressing beautiful,0
5726,sanctuarysunday fav character @pegasusangel ashley why cause awesome,1
5727,found none,0
5728,goin mall gonna see movie ghost gfs past hope good top im goin alone ilook cute feel good,1
5729,@eastcoaster @funkydung doh inside job lolzor.,1
5730,talking vincent miss baadly.,0
5731,headaaaaaaaaaaaache,0
5732,exhausted great weekend looking forward week,1
5733,happy star war day may th via nige goth,1
5734,@storm crow morning,1
5735,sleep time big little lunch tomorrow olive garden,1
5736,back mountain,1
5737,wish came true see u,1
5738,one all time favorite episode quote officeus http bit.ly armj,1
5739,stupid tooooth hurt,0
5740,http twitpic.com p @jthawthorne ohio lover tattoo got design shirt.. haha lost shirt,0
5741,spring cleaning http milliontreesnyc.org tomorrow. park want go clean accessible public transportation.,0
5742,job suck,0
5743,@misscruisette glad like,1
5744,heeey heeey go read...,1
5745,yay friend glen here. like,1
5746,@electrax ...i m sorry still sick u know them know u guess quot pelzer present quot,0
5747,ac broke house. waiting get estimate timeframe repair. bright side gonna join colab week.,0
5748,uploading photos. ughhhh go school early tomorrow. fml. woo excursion. win,0
5749,wow there s still void whre thomas left heartache never going go away,0
5750,@kristie same. going try warm milk lactose intolerant haha.,0
5751,@chaletlaforet shit awful... could believe first... sad,0
5752,school tired didnt hear text last night lol still tired love jesus christ,0
5753,got back nom nom s favourite restaurant haarlem. sad miss eating there food incredible,0
5754,@natsolovelyx knowww yur mother bitch want take movie bitch,0
5755,@rdegree man still seen movie...too bad work,0
5756,thought going fun day,0
5757,@brookeleeadams gutted live office girl anymore,0
5758,stuck work stuck work hungry.,0
5759,@pokinatcha honesty...pain blech.,0
5760,happy tiff can t drop bio suffer nyayhahahah,1
5761,going star trek premier tomorrow night uber stoked. care nerd star trek amazecore,1
5762,got freakin macbook hoorayyy freakin deleted phootbooth.,1
5763,@sassij that s good hear morning,1
5764,@jimmycarr sat sunbathing bombed church day left missed,0
5765,helped save runaway dog. want friend though.,0
5766,search ryan carera amp josh kelley really good,1
5767,@robpattinson thank accepting request must take care little girl maybe write back later,1
5768,@faithfulchosen so so thanks uploaded new campaign vid post link mins. doing babe,1
5769,great night.,1
5770,@bugmum oh twas brilliant idea say say idea woman,1
5771,ouch... head hurt,0
5772,@hypnophil looking bright think sun put appearance guess lawn want cutting,1
5773,@shanisfearless gaah rain tomorrow,0
5774,first night sleeping new home,1
5775,@thursdayband can t even call belgium suck,0
5776,ok. happy star war day everyone. say may th,1
5777,@realbillbailey good moring mr bailey birthday today,1
5778,@who the heck haha lol @ english work doo college,1
5779,met mother scrub role yeah quot cause fly,1
5780,@postlemonkey oh awesome yahooo good night sleep tight let bed bug bite,1
5781,@adneonheart oh god finally found someone online haha,1
5782,going help lancey cook,1
5783,sadly know lot woman like song http blip.fm af,0
5784,at amp t cheated system green day ticket damn at amp t,0
5785,@n dubbs curse you igloo dweller,0
5786,far gone much better expected.sure help raised dog feel im thing right,1
5787,@mynewgroove said drink tonight say drink sam adam,1
5788,sunday morning realised im film snob said msn entertainment,1
5789,@austincarlile sad. want go sd zoo. say hi giraffe elephant polar bear me,0
5790,@melii that s true. still suck though cause quot lolol original ohshit quot so. yeah. thanks,0
5791,saddest celeb story week http bit.ly hph,0
5792,ever realized never fully everything want feelin down.,0
5793,say happy mother s day mom http plurk.com p stkr,1
5794,@saltyshutter cool bean yeah man prob,1
5795,http twitpic.com wdgr yay blonde again feel girly,1
5796,exploring twitter s world,1
5797,morning everybody,1
5798,nice natalie taught jameson quot why quot,1
5799,got ohh baby got it.singapore going rock city,1
5800,singing along mychem.,1
5801,@buchautor hi michael wow thanks kind word must find love connection bg alone,1
5802,@charley bum lol minute slow sec fun tearing old poster putting new one,1
5803,barg posted gmod birthday see it.,0
5804,dog dug hole backyard well iwas sleeping im grounded,0
5805,@papercakes hate happens. hope figure soon,0
5806,@yaseminx haha xd lmfaoo p yasemin ist sehr sï¿½ï¿½ rawk what xd,1
5807,dinner crown south moreton david stroppy teenager,1
5808,rain finally arriving drat. guess mean picnic living room instead wolftrap tonite.,0
5809,@erichalvorsen @lorenbrinton @nicksantino say tour again. lineup...with austin gibbs,1
5810,@razitul ya. suffering whole day yesterday. met dentist feel bit better. still look like rocky balboa though,0
5811,ac building died. like past day,0
5812,@yassak hate her love her. presentation got cancelled. got went work today pitch,0
5813,brooklyn went hard back top st hajji s...yea http tinyurl.com codla http ti.. http tinyurl.com crhjs,1
5814,@nikkiwoods problem think great thing reflect on.,1
5815,lazy sunday late lunch and forget buy pr we re page,0
5816,@lovestruckxo simple know use hahaa glad okay x x x,1
5817,ok mother fucking duet hysterical lol,1
5818,@frgmnt know lame.,0
5819,@jessicaveronica guy gonna tour short stack again missed last tour friend went said mad,0
5820,@kristphr anything @sgelectra. sorry man patsy generally...,0
5821,@treasaint salad stuff chilli whatever horti mate give really think fun,1
5822,start new week ton new photo take edit yay,1
5823,watched again. sooo good,1
5824,wish concept time right now.... adjusting well. obvs.,0
5825,@syreeta girl u sit ya double decker neck as talk ppl ur level,0
5826,@siirensiiren meagan rochelle quot the one u need quot would say quot cater u quot didnt produce that.,0
5827,@donald jackson already there s none left back cabbage soup,0
5828,@mjasenn totally owe week on call duties. appreciate jill town,1
5829,@ihatecrayons http twitpic.com wp like it,1
5830,found ride...yes liquor come,1
5831,yet start paper due tonight. motivation,0
5832,loved one leaving sunday..... sad,0
5833,@celikins yup u too. spending time mom si aunt great mother day,1
5834,hungry,0
5835,@balmeras weekend quiet planning new websites. today research choosing hats. coffee hat sound good though. kettle,1
5836,bgt made cry tonight,0
5837,@queenofspain good night erin say early old.,1
5838,@fedgrub dull life soundtrack one favourite showss,1
5839,hungry. single. heading golfing range soon.,0
5840,good morning looking forward listening prodigy radio big weekend. brought album yesterday p amaize tbqh. x,1
5841,@shawin that s problem. earphone get last month matter brand price.,0
5842,omg finished history childrens book need make pretty print im done whoo,1
5843,@caiteggers need one too.,0
5844,lot catch weekend bhr host busy busy busy http plurk.com p rqpl,0
5845,@victoryhawk darn. bacon,0
5846,@cheesetal miss coffee,0
5847,@capemaybooks alright want overdue now. lol funny nite nite,1
5848,day crappy want cry.,0
5849,love summer oddly want school year end.,0
5850,@alidg take you fun,1
5851,@davidarchie ok david talk later great dayyyy ay ay ay ay,1
5852,@iamdakota oh cool gonna van thats cool live victoria. well ur pree awesome girl,1
5853,still full buffet palms. stomach actually hurts. ugh gluttony bites.,0
5854,@sydeni f babei best two second movie,1
5855,@ohhhbeka p wish coming tonight.,0
5856,@lizzs lockeroom maybe start really like team living year city. cups. awesome,1
5857,@maxcarver hey im fan new zealand. loving show even tho soooo behind episode haha. keep good work,1
5858,@esull great camp wish could there.,0
5859,@batman sound bicycle suck cant ride,0
5860,@alitaluna hey workaholic p lol...jus wanted say hiiii....i always tell ash invite u say ur always working lol,1
5861,coffee turn good tiday excellent,0
5862,darn dont guitar tomorrow,0
5863,@cbmagazine thanks reminder. hope great time,1
5864,http twitpic.com jj ari,1
5865,good place grab quick healthy lunch downtown golden. look like may safeway,0
5866,@mbrevoort thanks work treat need post xml really though thinking emulate rail activeresource,1
5867,visiting friendster facebook,1
5868,wtf getting now hmtm today that... revision revision revision,0
5869,house hunting pain house shifting super pain packing never seems end can t even imagine unpacking p,0
5870,@jayisfly jess invited feel really unloved u aj right hahaha,0
5871,@joycewaddle like almost sholders,0
5872,realllly miss parent backyard hammock. reallly bad.,0
5873,@orchd really adore k popped site http k popped.com haha,1
5874,@youulovemee good gor juz yea kno asked yesterday tha hospital talked u said,1
5875,teeth head hurt,0
5876,@nacmacfeegle sad see...despite glib,0
5877,@frombecca oh yum rhubarb. link fab. thanks,1
5878,@katiekilljoy wanna play tonight pout pout side face,0
5879,@joechacko thx became ibm master inventor . really enjoyed blog particularly vegan tag,1
5880,oh darn. lost another follower.,0
5881,bored @freakinspecial hope wlan go today,0
5882,want see next gossip girl episode,0
5883,recollecting jog a.m. almost perfect except unkown type hanging vehicle. much mental noise mile jog,1
5884,sometimes feel like person world without iphone,0
5885,....ok soooooooooo that got u palm hand,1
5886,@ohaigabriella o aw frank like movie cool. fully understand think that s cool,1
5887,home ice cream tweet up my first tweet up pic camera battery died last night forgot charge,0
5888,@djsteeley think less tribute parody.,0
5889,manang back great dinner super busog o,1
5890,excited see quot up quot logan s birthday weeks. sad wont party bc know kid tho.,0
5891,@karenemcg yeah sound good,0
5892,@thecomicproject sunny hot london today sit office cranking spreadsheet,0
5893,finish book quot nudge quot going write,1
5894,good morning everyone,1
5895,rain drop keep falling head..,0
5896,im mad cuz cant get picture work.,0
5897,@brendonbudness unfortunatley tooth kind crown,0
5898,@wynstonfernando take class fall cool though.. im okay,0
5899,got home love stake shake milkshake,0
5900,going estonia woohoo,1
5901,@danger sky miss is i never want come home.....seriously,0
5902,@joepolitics last night awesome thanks hard work put it get coffee now...,1
5903,hey socialmediatv ugh way video gt blah pout social medium tv live gt http ustre.am njv,0
5904,mother s day,1
5905,ok grey cold day la listening pj harvey jenny lewis cat power..i see pattern here.,0
5906,took property,0
5907,@tracybelle hang you but... tennessee.,0
5908,hr say ca taking tax checks.,0
5909,happy google wave trending. can t watch video it... certain flash video blocked company s network.,1
5910,great shot yesterday editing pic,1
5911,excited tonight s party ron http plurk.com p sujth,1
5912,@mattmccoy interview view away thanx reading ppl http tiny.cc gmkbt mattmccoy,1
5913,@therage come you. atl show jljf swear fun much fun,1
5914,@nisher yeah yeah heck anyway sastch year bail lack expense,0
5915,@rina spn boyfriend even say bye,0
5916,miss city leave...priciness pollution panhandler,0
5917,followed compliance. great. watch say now.,1
5918,@wolfchild heheheheh... lol... always figured send way got dupes... felt bad sending stuff...,0
5919,@xdjio ware se fast enough x x m ssd raid. mhz iop hpt. might try adaptec .ghz .,0
5920,leaving nola today counting second til start crying. love place much.,0
5921,@rachellock ohh thursday exams.. day wednesday,0
5922,wish cali wit mari nd lupita seeing vfc fair,0
5923,@jerzicua say met all awesomest people bunch them.,1
5924,nice see euruko picture http twurl.cc xd big screen conference break,1
5925,saaaaafe mee fucking epic time last night old friend new friendship good way kick month,1
5926,wanna sunshineeeeeee,0
5927,@girlygirl well done happy ya.,1
5928,want hang play can t. fiddle faddle workload,0
5929,ughhh tummy ache,0
5930,@ladyloki idiot family feeling mix amongst stuff,0
5931,omg sore shoulder,0
5932,nothing good tv,0
5933,@nemitabbah hahahaha...yeah mess crossing kneeling bit get called out...joking,1
5934,oooh battlestar galactica channel. rebellion episode man feel sad became gaeta. liked,0
5935,failed shit lol,0
5936,@jmbuckett oh snap... kinda nut right now... @basedmagazine told least thanks babes.,1
5937,today good little girl hollie bgt complete sympahty vote cute aidan davis l tweet x,1
5938,ok twitter doesnt like must really dumb...how send msg,0
5939,man sinus r really buggin morning,0
5940,@sirlp may th. may force etc. got know star war really appreciate,1
5941,@sarahbellafina sleep need go mum time get there clara bed,0
5942,ultimate training. looking forward sunset,1
5943,@yelyahwilliams love haaaaair,1
5944,already back shopping nice monday roast,1
5945,darn one slipped right finger,0
5946,globe theatre rocks.......nothing better romeo amp juliet supposed watched,1
5947,done... run .km hmn bpm . feeling great fatigue... speed,1
5948,happy mother day yummy mummy twitter,1
5949,last week class... well technically class two exam summmmmerrrrr begins...yeahhhhhyaaaaaa,1
5950,sunburned face amp legs. fixing arm tooo.,1
5951,@emilyorshan hahaha bob marley one,1
5952,bad day,0
5953,@jasonvonberg thats crazy part . reason include quot full schedule quot amp quot travelling daughter quot ... so. not. cool,0
5954,got bunch present mail mama excited open birthday... day,1
5955,http twitpic.com vr wanted visit animal late,0
5956,woke up laura s last full day last night watched embarrassing home movie,0
5957,@drbri sure never used it. sorry,0
5958,simple nice dinner exist world.,0
5959,discovering kindred spirit line there.,0
5960,@obviouslb bow try...sometimes hard,0
5961,@achurches yes ... bag goody lol,1
5962,@suncito hi there got comp. early last nite. saw u feeling well.. hope u r better,0
5963,nice dinner mom started chicken rolls. going cook overnight. rest tomorrow.,1
5964,oh also today must remember hoppusday. happy hoppusday yes said yesterday changed okay,1
5965,@jessums yup working. recover anything though,1
5966,@dressjunkie oh no horrible lol better singer even cry... u think made cry haha,1
5967,@hairboutique thanks btw men s hairstyle right now growing hair long anyway hope good weekend,1
5968,boopboopboop. still talking ashley amp brittany. talking ashley forever convo still go places. awesome,1
5969,wow got killed first wave horde gears. fail,0
5970,@tomfelton http twitpic.com jam oh beautiful happy great time heartz,1
5971,much good food mother s day. complaining seafood durian puff macarons yum,1
5972,@christhesoul well look fab even say myself,1
5973,aspitar hospital doha amazing. great service nice building free wifi. win,0
5974,someone take la need see lemon tree,1
5975,@mileycyrus closed voting...all u vote best movie hope win it y o daughter lovesss sing quot the climb quot,1
5976,@georgiaprincez like enjoying hell it.,1
5977,going excursion week twitting....,0
5978,like @catep already new follower join midst zombie mayhem,1
5979,@deadmemoriesx poor right now would probably give hug d,1
5980,@gealbhan beag hate cat pee.,0
5981,bed go..have great mom s day mom,1
5982,@kadambariyer thanks.. quick..,1
5983,headache,0
5984,@bobbiehouston haha photo funny hope disturbed passenger much flight,1
5985,@omgdarleny hahaa awesomee,1
5986,fell holdin kale hand today...i hurt foot amp bruised forehead im klutz,0
5987,@robtsmith good morning well rob great day,1
5988,@greatkingrat hey forgot that ask steve take mine mate. look like liam shameless,1
5989,way sleep next day way wake up returned amp missed much,0
5990,@elleipein aww honey sorry,0
5991,@roxeecruz ur linky worky,0
5992,well...gotta grab least hour half sleep girl s get school...gawd life multi taskin night mornin,0
5993,portugal derbyshire. least sun shining lawn look like percy thrower gardner in residence weekend job,0
5994,@judyrey link work,0
5995,@sethsimonds grateful great marriage awesome kid business rock guess rest family ok too.,0
5996,@oliyoung,0
5997,@laurenglennon i s sorry listen bat gd it [dude never got tell you but bat amazing lt ],1
5998,awww wonder ima get married. shawna damon cute,0
5999,@ toki wee girl started cry mum came on shame,0
6000,mmmm ham yummy hat hair...stupid deli . .,0
6001,@nlouisem thanks,1
6002,o happy mother day,1
6003,sitting myself. everyone took good seats.,0
6004,fjgkfld sdh hometown day friends.,0
6005,@minascope always traffic heading back long island fridays.,0
6006,cry tuesday co find out .... economics offically cry subject lol,0
6007,happy monday going tavares today. hope everyone blessed day,1
6008,@mcrmy lisa ...one online yeah,0
6009,guten morgen good morning,1
6010,rain must come quot after quot flat iron hair rockin curl week today decide come out. nice,0
6011,@danwarp quot shut up quot line removed locker scene bet could recite speech easily dare me,1
6012,going bed...with sexy time ughhh,0
6013,wish drems could come true,0
6014,panera eating bacon egg cheese coffee http twitpic.com jip,0
6015,sittin home watchin monster in law waitin pizza.. yum yum,1
6016,frustrated copying gig across usb ..stupid old server,0
6017,miss friend much,0
6018,@fatally yours that s stunning,1
6019,@brittanytastic aww that s horrible xd,0
6020,@ddlovato demi say hi it s enough. replay please love much,1
6021,slept late,0
6022,@gilamuffin sound like good time nice you. see him played rio aladdin seen live time,1
6023,@stonebrewingco um... thats favorite beer must torture can t make there,1
6024,britt came way say may fourth you work done,1
6025,wedding tv make cry inner desire eternally happy start rest life,0
6026,@mileycyrus cool aww,1
6027,.... always get left,0
6028,@erickaditioner noooooooo miss sooooooo much gaah,0
6029,bored barely even tweet. nothing talk about. boredboots,0
6030,happy star war day,1
6031,@suai awww sorry.. long.. u left,0
6032,soooo bored. fuckin got new phone called man he busy one else bored,0
6033,@birthdaytwin that s depressing,0
6034,@im nd aww thanks,1
6035,@newyorkchica understood pre coffee tweet good,1
6036,missing @justbrad birthday,0
6037,although @pickupshanan volterra killing right la,1
6038,@legmin http twitpic.com jaz cool... luv,1
6039,@djclichedarknes good homemade flour tortilla ages.,1
6040,@vitriol quot @lordmitchnz good evening kind sir bow quot http blip.fm zzv,1
6041,sitting garden mummy also got text boy thought got hint obviously not.,1
6042,spent half day troubleshooting something even within control. cluster always mean high availability.,0
6043,@mangointhesky idk. original great.,1
6044,despite rain fantastic day,1
6045,bus... almost hour late crappy alarm clock leeuwarden,0
6046,work... miserable day,0
6047,saw trailer batman arkham asylum play joker. that s p exclusive. damn hurt.,0
6048,london tourist thing,1
6049,another boring meeting attend,0
6050,crap. lost game time today day history. lostthegame blame @meekakitty,0
6051,well poop guitar lesson canceled today sad. hope son feel better soon tho.,0
6052,@jennifalconer would like swap...i m sitting grumpies,0
6053,much disappointed angel demon movie shame great book,0
6054,sad otalia today,0
6055,@prettyrach jealous. wish,0
6056,@sarahfenn prefer overcast day too. sorry hot are.,0
6057,@krooyakkers thought ur going somewhere that s invitw u,0
6058,back work warm today,0
6059,@adamjackson mcdonald s promoting mccafe similar starbucks may soon see mcsmoothies like jamba juice next,1
6060,mile away,0
6061,driving work running late like always..... time starbucks,0
6062,@kitankhamun pitty wasnt arnd huh wld rlly wet myself otherwise wedding gr gd time amp lot smiley face,1
6063,guy stupid idea good girl actually care them..so sad,0
6064,@paulo one yes went smooth bad get back work though enjoying friday,0
6065,wish garden could bbq tonight... might set lounge bbq type thing work. fridayfirehazzard,0
6066,want hear voice,0
6067,idk im hyper im jumping everyhere. ugh let let friday sweeney todd cinco de mayo il party,0
6068,sitting around fuck all....tired,0
6069,got new dog,1
6070,@dougiemcfly too hehe hate colds. totaly annoying...,0
6071,@nickkk suck,0
6072,@putitonmyvisa haha nice heard sweet hotel. another note good game last night,1
6073,@jtchan woo hoo time play quot name twune quot,1
6074,get see hopefully meet guy next week rotr wait adelitas way invincible http blip.fm ynxr,1
6075,two month ago became irrelevant.,0
6076,sitting outside laptop kinda nice,1
6077,@joooo rest week less . hour long,0
6078,@ingegoesbroadwa sound like great time,1
6079,going church morning...happy momma day almost,1
6080,seen muffin two whole day,0
6081,@girlx bottom thing moving all. feel bad man.,0
6082,@world of max sadly no. david tennant left particularly want job anyway,0
6083,neil picked show. tailights cause heartless hit run.,0
6084,mind sunshine walk. you summer,0
6085,day till county raly tak took,1
6086,woke end. got bored.,1
6087,happy nurse week first one rn s,1
6088,woke nap ate nasi padang pisang cokelat,0
6089,mood,0
6090,licking chocolate crumb twirl wrapper like zammo smack,1
6091,banged elbow bleeding owwiee,0
6092,hangin cool as people. http short.to jp,1
6093,im hungry nothing eat,0
6094,think unfair miss sun place work closed writing essay allowed sunny,0
6095,@perezhilton well even breakdown better act unfortunately britain s got little talent,1
6096,parent decided drop tour de us. whole family house. work,0
6097,@jonbongato haha interesting haha,1
6098,@lcpromotions doubt it boo always leave behind awesome roadtrips,0
6099,@ebassman got two ticket one speeding one tinted window,1
6100,sad day redskin release jansen best wish him. http twurl.nl ueivwi,0
6101,@mizz trouble pleasure sweetie lookin forward gettin know u,1
6102,quot it s rape scream surprise first. quot customer said me. haha. via @omgitsjessielee lmao,1
6103,exhausted.,0
6104,@jonasbrothers movie today cant go see,0
6105,@mavinbkk know wait worth november seems far away moment,0
6106,@livefreet mean make sad,0
6107,@laura mckay sadly no sitting inside mobile signal work garden opening wine bang pm though,0
6108,crazy night lost key walked home missed papi s call swizzy. sad,0
6109,finally got graduation gear today excited. believe it day left aaah sweater cozy,1
6110,@quirke wish still around. litter azalea. caught dd back yard @ bunny lap.,1
6111,@coodieranks thats nice. cousin left house. daughter s daddy s girls. sweet,1
6112,@coebooth got hour ago yet,1
6113,@hannah thanks keep working @roshikk lol good idea,1
6114,@ladydutchess awww mish u ladie whats good,0
6115,forgot wish sister happy birthday yesterday.,0
6116,want go walmart. go alone,1
6117,might start spanish...any min now....nope can t it xx,1
6118,owww think tore something leg,0
6119,really tired need morning... bed. good night all,0
6120,@mcmedia husband golfing amp toddler shall frolic. consummate mama im happy day,1
6121,sleep....take two....this better work,1
6122,want hair cut mom wont cut,0
6123,@chloecazrhi thankyouu,0
6124,also toy story teaser carmike said would toy story movie theater fail,0
6125,@theerealfdhc sorry hear man bullshit cant reach now. heart go family.,0
6126,hate sick. miss @cynthiasheree @lucyowns @larilync,0
6127,@clonecommander everything better lightsabers,1
6128,uni work weekend. fun time,0
6129,sorry hard finding imeem free stuff rb@deesound like david starfire like a... http blip.fm afu,0
6130,problem wih pizza..ii love much..i m addicted pizza dot dot curve. gt,1
6131,@khali blache night doze well.,1
6132,@zeenabobeena im sorry. fail.,0
6133,@alancarr quaver sandwich tea.,0
6134,sad beloved boy online wait everyday..,0
6135,selling bonnaroo ticket. can t get time away work. anyone dc area interested meet up,0
6136,writer quot they make wonder why foisting little pipe dream story head onto people quot like writing,1
6137,beach...yummy steak catching lost man...lovely day,1
6138,@thisstarchild aww please explain quot botts quot fused....,0
6139,@parentbynature lovely,1
6140,miss k ri punking everytime hung effnng,1
6141,watching everything illuminated dreaaaming lt,1
6142,get hair cut morning looking forward spending weekend alone,0
6143,ive spent lazy day today finding interesting people follow reinforced saying... take sort people ...,1
6144,@gjerninger sure want know http bit.ly auuac make want run. news happy star war day,0
6145,really despair whole copyright situation http bit.ly ylyi visually impaired mean deserve read sccr,0
6146,doin damn thing crib..bout watch star trek... yup,1
6147,voice nemo turn today. thanks npr,1
6148,gorgeous day hash around waterley bottom wonderful name village quiz mistressing porto evening,1
6149,@ashleypeaces left. sad. waiting mom come home. want papa john dinner.,0
6150,trying shop online wi could find seven . haha,1
6151,try dl sims realize pc meet standard requirement need new pc lol,0
6152,oh...my foot s hurting now. minute took though.,0
6153,@ butler watching dr. farmer rock w hispanic jimmy hendrix ... drinking cosmos,1
6154,partying study room,1
6155,@mumalot corrected,0
6156,@christian lol twitter addict,1
6157,feeling well today ugh cant go home.,0
6158,glad friday two class lazy afternoon. bad isnt nice warm today,0
6159,@paula deen look like delicious recipe try tonite,1
6160,@thecharmquark hello happy bank holiday,1
6161,hanging around house. thank god friday. nina amp @missmarissxox later working global project,1
6162,@serenity fair,0
6163,day allweb ...i m still tired,0
6164,oh yes level,1
6165,updating resume,1
6166,everythings sooo messed up life suck,0
6167,poor girl britain got talent god love forgot word cried get second chance perform ],0
6168,t.g.i friday favorite people ever.. made reservation like people here. hahah,1
6169,least two three time week turn tv find comedy central already endure brief moment scrub,1
6170,done cleaning taking break...omg back hurt,0
6171,@drewpeacock cool dude yeah hoping rate still .. lol yeah sure ill mar par birthday dinner.,1
6172,good morning took longest shower ive ever taken life. like min shower woah. lol,1
6173,woop bought elliot minor album itunes. finally working me,1
6174,@oliviapinupart big welcome twitterlandz grrl really wish could made bettie show glad hear success,1
6175,paid bill go mailbox find,0
6176,life beautiful morning think better way ruin work,1
6177,done.haha. house md marathon ulet,1
6178,get wii fit couple hour,1
6179,hit leaving conti... boooooooo..,1
6180,im friend anyone anymore,0
6181,@dragonblogger pleasure really enjoy random word poetry disappointed miss participating,0
6182,ugh hungry scarfed lunch even thought take pic. feastfriday,0
6183,angry sad happy excited hate mood change right immensely sad,0
6184,one else muhahahaaaa well maybe jesse,1
6185,playing pacman box......a achvs taking g exactly ........nice,1
6186,@joannah @hempware now case. yeah start work tomorrow. excited,1
6187,@mikefoong lol like challenge impossible want try,1
6188,@latinavanessa sooo ready beautifyl day,1
6189,ordering pizza watching diggnation trying tweetdeck. good,1
6190,went eastgardens saw lot hillsong pastor im going nick dinner. cant wait talk soon @sherrymacs,1
6191,really happy...and drunk really happy,1
6192,@ninaaacooperrr come love you... last week need see me..... hot,1
6193,hungry...if arm core diet would eat it guess wait dinner ready,0
6194,@emilyhall awww bless indeed coming day woooo you,0
6195,please help get song head,0
6196,best friend leaving go back school today..i sad,0
6197,iced coffee. christ tasted nasty,1
6198,@queenkak oh thank thank you hoping video online,1
6199,man daddy left work never see lot miss daddy,0
6200,polaroid film today hope so. green tea yum. got appearance quot job quot interview. much cleavage,1
6201,chillin bros couple yeunglings get much better,1
6202,coool. weekend wasnï¿½t great eeeh. whattttever. friday better expected be i... http tumblr.com xiqwu,1
6203,ahh man getting ready work wanna sleep,0
6204,@acmcwhale really good definitely s. many people getting burned alive,0
6205,whew first night day summer were.....very sad but jess s grad party go tonight,1
6206,carlie came fell asleep,1
6207,bummer... missed taylor swift today show plan day,0
6208,made dentist appointment. th june. feel sick nervous already however. ibprofen paracetemol codeine friends. sigh,0
6209,sigh going bed... feel right anymore...,0
6210,@piyush ranjan ever mention nice awesome dude are,1
6211,@ahhrjay useless tweet lol jk yay coming tmr long u gnna phils,1
6212,@acmaurer wonder get urbana,0
6213,hey tweeps...good morning. wussup america...talk tell wut s ur mind..,1
6214,thanks everyone. unfortunately nothing done. sale speak themselves convince diamond nothing will.,1
6215,thought cavs would crush magic come home north realize wrong was.,0
6216,@eric john sound like terrific service. sorry hear mom.,0
6217,@carlocruuuz good joined dark side hahahaha cooky,1
6218,went outside picked flower marina love picking flower haha,1
6219,installed new modem meant run time faster old one slower hell gah slow internet kill,0
6220,friday treating well far.,0
6221,woke up...dont want go work,0
6222,@nicktheintern love still havn t done lunch together like said would.. miss friend,0
6223,@questcon gave great smile. nice way end day. right,1
6224,gonna head shower now... going friend s birthday party ],1
6225,@sharonhayes twappy http bit.ly dqvk,1
6226,sunset view beautiful room,1
6227,@aholston homework bound whole weekend fun,0
6228,want ride bicycle today cold cloudy today http snipurl.com izzsn,0
6229,@monicafrancesca congratulation woootwoooo @ginoboi great game nakaka hyper kayo,1
6230,cant contain myself tooooooo excited,1
6231,yay live demo rhodes. loving euruko,1
6232,happy mother day mommy,1
6233,going group therapy session can t wait spill guts... ha ha ha,0
6234,thrilled prom went well,1
6235,good day. sigh,0
6236,http twitpic.com wukt bought ludi rug. dog best,1
6237,... magic rafi singing shammi kapoor,1
6238,@maydbs looking like june nice right,1
6239,headache,0
6240,can t sleep throat dry hell.. ugh still gon wake fabulous,0
6241,tired summer already,0
6242,@terricook good evening terri missed lately hope life good you. wonderful evening,1
6243,good morning finally day sunshine summer hol away watch footie sun x,1
6244,wow. someone s proud me.,1
6245,@billohbill s amp r @ devon horse show. gettin mostly rained out. lot event ben cancelled incl coach,0
6246,@xjamx lol. wow. that s good. haha still can t believe mother s day.,1
6247,hey david gone eye yet birthday singing @ ipswitch best present ever fun breakfast hunting,1
6248,back work,0
6249,song make want cry..,0
6250,still white despite age sun,0
6251,@impala guy would luv hear music iï¿½m battery tv play besides think kind vampire movie,0
6252,@ezrabutler headache morning after instead,0
6253,suck playmate mia weekend. sad,0
6254,@wethehunter sun florida..it s rainy cloudy.,0
6255,tired ive walked . kilometre today,0
6256,@tahitianmom truely sad news hear created equal sad know neighbor prejudice people,0
6257,starbucks lovin,1
6258,sturday night live,1
6259,delicious sushi niko niko vermont hollywood mm,1
6260,@joshcough also dense treatment cps continuation based interpreter design sicp. good,1
6261,hell going on last night morning sucked... moving tonight.,0
6262,@momneedstherapy sorry ambien got sick. perhaps work ash garden catnip plant,0
6263,@amandamallard chaseton s either please die heart really sad,0
6264,@retrorewind dave can t happen working listen whining big time,0
6265,@shutterbuggeek thank,1
6266,@codemonkeyism attempt somehow extend inner class would close closure can t find ref atm,0
6267,need hug joe jonas,0
6268,good morning gonna clean house bit maybe clean more nothing rest day,1
6269,welcome family new pillow im going lay head tonight,1
6270,want face somatic drawing david lanham want leopard theme somatic theme.. im sad..im big fan..,0
6271,@santojay assume able afford traveling anymore got contract,0
6272,@krissy tina @ adriii guy literally going sydney june july hols. meet wanna try one lindt cafe,1
6273,pizza breakfast.... shower... class,0
6274,mosquito truck waking,0
6275,getting ready awesome service http tweet.sg,1
6276,hate cant sleep,0
6277,wiffleball.. damn.,0
6278,wanna see mama called back yet mama...mama,0
6279,oh no poor bear nightmare wrestled huge snake,0
6280,good morning folk day go sadly day giro mean tour far away,0
6281,@gemma rigby well neck hurt moving massage me massage u lol,1
6282,@doperahstyles chillin promoting muzik...not eating lmaao,1
6283,ever pointless argument drunk mum drunk nan drunk mum bf dinner have.... fun time round hahah,1
6284,busy ugh largest headache,0
6285,@kiddshow @deviantlysweet @causeimrossome still shout spider,0
6286,@xchristineannx aww sorry boy sick. keep finger crossed tails. lol stay well youself get better boy,0
6287,miss puppy,0
6288,allowed calculator exam despite containing lath impossible compute head.,0
6289,rap battling second sat moviesss haha quot i swim lake sex quot matthew m. ghost girlfriend past,1
6290,@traceyctt live pain bring,1
6291,gonna give guest lecture tomorrow @ pe mandya opengl,1
6292,@donniewahlberg quot donnie rock quot u could year old run around every sayin quot donnie rock quot,1
6293,gloomy outside. making sad miss sun happiness,0
6294,@prchels be heard yellow light maybes put great show saturday sorry missed it chelk.,0
6295,@dap ohh watching best friend s wedding. sad..,0
6296,@iamnauj can t. wish sleeping. gotta work less hours... wait what re u up,0
6297,@justkaty guess missed beer good time,0
6298,feeling effect spring. sinus killing,0
6299,@officialtila tilaaa make feel special haha hater day,1
6300,mozart requiem tonight,1
6301,fml ughhhhhhhhh im going anwhere today sit bedroom share mother cry,0
6302,feel type way cause im talkin anyone...,0
6303,radioactive never get old never th time listened cd it repeat today still love it d,1
6304,sad miss friend,0
6305,@siiyu could lost dog poor girl,0
6306,@tiffany in va getting update phone trying figure make sad,0
6307,want bad go mcfly s concert,0
6308,feel guilty bc think fault hard drive died,0
6309,cracking night last night think ever laughed much nice lazy day today woop,1
6310,@stephanewws thanks finding me wonderful evening,1
6311,relaxing bed go sleep. nice get house tonight,1
6312,leg fucking sore. foot hurt walk. whataday,0
6313,@hannahgramm haha damn inviting,1
6314,damn. stephane even feel sorry me. work,0
6315,scratch that. watching marley me . thinking could stay awake better one.,1
6316,today going good day way work spending time jesus,1
6317,@littlefletcher hey ive seen musical live funny lol,1
6318,anthony s pretty wicked too.,1
6319,@jkblacker unfortunately @jamesog someone s squatting,0
6320,everytime send email coach feel need practice. shitty balls. lol,0
6321,@anncurry photo lovely knew talented photographer journalist,1
6322,moro end stay @grandmas bad shes ny ft laud a weddin florida fun miss home spike car lol,0
6323,@xnicoleex yeah sorry busy last night ill try go next week,0
6324,new phone arrived office. much else gona get done today,1
6325,finally done project haha goodnights lt,1
6326,@jennamadison hehehehehe.....it play time cutie lol lol,1
6327,@jerzegurl hiya missed too to,0
6328,wanted see story acorn tonight glen beck missed,0
6329,matrix online shuts next month...wow...i feel kinda sad,0
6330,watching season episode house bed... great bedtime story,1
6331,bout take shower.... cold shower,0
6332,@juliannerowat hahahha lol true that always remember bd never remember date even day,1
6333,watched star trek. a well done. think see again. want join me,1
6334,@btocher http bit.ly tvers ever here night didnt meet ended possibly best pizza side chicago,1
6335,feel live without something taken away. oh know now. movin,0
6336,surgery effin hurt,0
6337,watchin family guy,1
6338,drive @tweetie crazy miss big blue selected tweet highlight. can t tell tweet selected anymore,0
6339,picture burn taylor swift great song,1
6340,today sad day tucson http tr.im mq shall miss sour cream apple pie fondue separate seating group dog,0
6341,@tracyedukes good morning thanks retweet,1
6342,school victoria amp bryan school soon sadd,0
6343,miss jp know iv given headache thinking it make want cry,0
6344,feeling sick,0
6345,@seanlights nooooo dont dare lol im gonna cry lt hair,0
6346,@generaltekno getting rotf toy till much later. tell anybody isn t is worth getting.,0
6347,yay .. sherbert chocolate ... nutritious,1
6348,@bigeyedfishie amazing best time hope good weekend too.,1
6349,@squiretwizz right sympathy well,0
6350,@charliestyr hella worth it even need full now.,1
6351,hard weekend. much alcohol fuckin quot weinfest quot,1
6352,@mellalicious call stevie reschedule competition yesterday launch sims luna park day pm,1
6353,@mellieweena woah... haha... thank you,1
6354,@ginchan aww thank honey.. didja get mommy daddy,1
6355,@laurenkel pancake lemon sugar thanks,1
6356,@karina escobar people seem getting pretty quick guy seem care,0
6357,@mraeannon thank u know miss u ill take pic soon get need email txt something,0
6358,hate everything seafood..esp smell happened serve lobster chow hall... noooowww gotta headache.. ugh smh...,0
6359,@thedebbyryan look like ninja tutle xo lol,0
6360,feel bad kid sick,0
6361,see evil starring wwe wrestler kane. watch,1
6362,feeling bad @taylorshockley profile pic,0
6363,@sherylloch too happy mom s get rule kid take day,1
6364,laying bed sore snuggeling domino... wanna work today,0
6365,one favorite relaxing song wake to http tinyurl.com cfre good morning.,1
6366,welcome everyone playerstation.it live twitter.,1
6367,@yohanik hehe. found wikipedia page movie. last.fm confirms it. thank you. http is.gd iprr,1
6368,getting ready lay pool....,1
6369,@chuybe. left first .. left bed look,0
6370,@jordanknight good day... u cheer tweet even tink do. lol.,0
6371,@pretentiousgit cute dog,1
6372,@ikostar well twitter year think lot easier monetize less need differentiated pay nopay.,1
6373,saying goodbye good trusted friend today. goodbye free sky tv best friend anyone could had.,0
6374,@mselliott hahaha thanks clearing,1
6375,@buffalokid thanks feedback. surreal life surreal oil,1
6376,way st. martin vacation week,1
6377,@drmommy got smile,1
6378,oh god. twitter feed taken geeky stuff @bmw @brampitolo @kodinlanewave @kenkeiter funny wish understood,0
6379,wanna know what s worse... coworker brewed fresh cup coffee think bacon,0
6380,@vinnipukh give hug see tell say hi,1
6381,omg. period cramp ftl. much pain.,0
6382,can t wait real bed haha,1
6383,@ceemce home friday make too,1
6384,hanging rex missing alabama nanna already...,0
6385,anotha day work lookin forward hate closin fri,0
6386,first lie in month great. mooching house,1
6387,every mom mommy mother happy mother s day hope something special fun today.,1
6388,dump worry stress fire. fun profoundly freeing http budurl.com c,1
6389,ugh... dunno im best moods... know allergy meh...,0
6390,harry.. baked. love cassie.. online,0
6391,tired think definitely going get ear infection. going bed quot early quot once.,0
6392,watching superbad brit,1
6393,@wendica checked. win,0
6394,profitable day looking forward sunday...gonna great day sad too th grader last day,0
6395,cynthia jenny spamming twitter haha,1
6396,,0
6397,@ernalicious @raerosero thanks homskis like christmas,1
6398,@narrated kool...it s job blame,0
6399,thank gut follower mean lot,1
6400,@innonate @juliaxgulia can t figure reply tumblr sorry get nyc can t go event b,0
6401,@livetosingxo first fight,0
6402,good day im skint,0
6403,lovely walk morning missus drizzle matter,1
6404,proud nau graduate friend getting ready celebrate tonight international ordeal,1
6405,little boy drowned yesterday lived subdivision went nicoles school. sad.,0
6406,twikini enjoying sun,1
6407,@tdbeadles sleeping rocking sheet hope smoothness endulging can t wait blanket,1
6408,new project going incredibly well tired today think get monday s off. permanently.,1
6409,shitload fun friend,1
6410,@bandit zero cool thats good,1
6411,@utterhip well catching little piece sharing,1
6412,@tinas fun meeting tina definitely soon.,1
6413,@davidarchie haha same gonna awhile til come sweden think...,1
6414,@sosip oooh...i wish could ve gone today too know zach looking forward it.,0
6415,quite amusing watching pangaea sing quot f killah priest quot guess featuring album,1
6416,omg realised listening quot perfect story quot penny liked dr horrible damn captain hammer omg im sad now,0
6417,happy star war day may fourth,1
6418,ouch epic bruise toe lump ankle bad time,0
6419,@jayresc n u can t change profile backgroud neither,0
6420,waaa octo drive can t go,0
6421,rosales cool,1
6422,finally left house gloomy outside.,1
6423,@davidismyangel enough time if get vip know make least other,0
6424,free unlimited ringtones http tinyurl.com freeringring usa awesome iphone,1
6425,@deegospel hey dee... wish could make mastermind session tomorrow wedding statesboro. hope chat soon.,0
6426,love florida miss american friend,0
6427,@seicra the bc well end everyone s happy most time,1
6428,poor greg stupid uk always sympathy vote. xo,0
6429,@e o lol tiz good song,1
6430,miss oklahomaaaaa listening citizen cope til pas out.,0
6431,haha. bet. settled . bad.,1
6432,@serenechai that s cool think del s going korea time you fun,1
6433,god piss always enter comp amp never win.i sore loser,0
6434,@emma bmth also want attend tafe gig asked mum soundwave like hmmm possibly. probably mean yes.,1
6435,lobbying twitter too yuk gettin rid groupie,1
6436,leaving atlanta morning catch joco pa amp st excited missed p amp s d con last year. made sad owl.,0
6437,hey fun friend now cleaning,1
6438,@ipat hmm.. idk song.,1
6439,he,0
6440,@musiclove haha thanks history invention television influence america lol,1
6441,got new prom dress,1
6442,say good evening http plurk.com p rqhl,1
6443,no keyboard cat is ha dead year play off keyboard cat.,0
6444,@babygirlparis ur pic nice look cute..oh,1
6445,@shaktijs http twitpic.com wkym look yummy...i haz smal pie pleess,1
6446,happy mother day,1
6447,@wonderwoman yes see mitch hedberg whole floss thing. hilarious. lt him. poor guy,1
6448,@jodywhitesides sorry missed it,0
6449,alhamdulilah. got accepted nafa,1
6450,http twitpic.com jcwm yes ubook lenovo t finally arrived,1
6451,follow friday following people follower follow me woot followfriday,0
6452,rose city siren uber cool last night wish could stayed longer,0
6453,whoa mean sleep hour,0
6454,big sam houston big enough overcome challanges moving car iphone photography http yfrog.com xhuj,0
6455,good episode top gear tonight.,1
6456,... lunch fun nothing eat.,0
6457,@tommcfly read online article mentioned..meh. happy stuck guy just try get rid,1
6458,laying bed listening opticon. miss joe veneck,0
6459,@lightsresolve mad cant go that...you re like hour away me.,0
6460,@dotcompals yes... nice. missed lot fun. damn exams. looking good...hair,0
6461,@janisj laughed much awhile,1
6462,miss baby.,0
6463,back manchester. whats weather sweaty,1
6464,@angelemotion yayyy new video amazing people,1
6465,early load do sun out hurrah,1
6466,wondering happened sun damn may grey,0
6467,hot sat office wanna sun shineeeee.,0
6468,@hitechhall love site hoot really enjoy hair cut thailand always try time ir right thanks tip,1
6469,apparently today happy star war day. suppose say may th you.,1
6470,excitement new follower overnight. sadness ad bots.,0
6471,back reality tomorrow. think dig cigar smoke good one. yes bought box quot good quot one,1
6472,@nerdwriter close trying them yummy,1
6473,@myhaloromance camera brokennn,0
6474,@ katieedwards can t yet back run text ring laters xoxo,0
6475,@felixcau hehe,1
6476,@misfitdior good morning misfit pass tylenol,0
6477,@parboo lol birmingham st love... time move on good morning,0
6478,@laermer yep three thing good haircut ability listen value taking seriously,1
6479,inner desire go isle middle mediterranean soak sun good night... dream inner desire.,1
6480,@juicytots getting ton spam mail inbox too.... driving insane,0
6481,one...thalia fat joe wtf terri....im getn ne funny today,0
6482,want leave..,0
6483,writing boring part paper. hmm. sun shining feel like working this however,0
6484,@natsnapper thanks little girl love animal oohs aahs cute,1
6485,@miraihl sound like great day enjoy,1
6486,yay @jumeau bag giveaway @instantshift. bag pretty maybe belt see,1
6487,@luvinmesomed that s march...it came sooo slow..then heartbeat,0
6488,@gowalla added spot memphis today visited . needed hot dog icon new restaurant settle hamburger,1
6489,deplurk too. buhbyeee http plurk.com p rpir,1
6490,@themakeupmuse definitely make up challenged. so curling lash tined moisturiser tip come glossary,1
6491,great night tomorrow mother day,1
6492,may th happy star war day,1
6493,tired bored watching movie home alone,0
6494,@malarkey ok point taken. tell team stop cynical championing standards. active x far better anyway,0
6495,@joek depressing stuck inside day,0
6496,... sorry gpgmail,0
6497,good morning beautiful today. shame going spend day unpaid taxi driver.,0
6498,traveling alone make meet new people new circle ..strangers become friend,1
6499,@elise smith yummy eating one too bagel,1
6500,@allearsdeb http twitpic.com wyj wow fancy,1
6501,sars really got down.,0
6502,@daaku @danishk lol.. zzzzy office alone bay again.,0
6503,life sad..just reminder go phone recharge toothbrush,0
6504,@dreaming awake good midday.,1
6505,am foodshopping cause sick day hospital alone blow,0
6506,jazzy vega w team,0
6507,chillin break eatin grub. pretty burnt eventful day. wanting go movie ian happening though.,0
6508,@misscherrypie wish could get back yours thinking hour week bubble would okay,0
6509,@ddlovato food like can t put penutt butter bread always broke bread need tosted much,0
6510,miss hero already come one fall,0
6511,becoming edgy bcause lappy arrive yet,0
6512,can t wait see set goal leeds. lot website work today,1
6513,@albz oh man wanna bay asap thank great day,1
6514,tired want play random song gitwar drama essay.,1
6515,missed westcott micro apollo,0
6516,feel like crap,0
6517,great day...rode beach cruiser town see culver city antique car show. found next bike. http twitpic.com wn,1
6518,@sunshineangel yeah.. course next time. icq,1
6519,im super sick w fever,0
6520,monday agenda last class final semester work sorority meeting happy hour.,1
6521,@hello jodie um thrown @jarewolf s van yesterday taken er,0
6522,@susiecheng need simple reminder thx,1
6523,boss... like check leave please,0
6524,sadly time come put mom home,0
6525,@brookeamanda yep awesome max ] haha,1
6526,hmm dont know today....cause im done school...and feel great,1
6527,beer smoki lucky strike...good time good time work...drawing stuff,1
6528,@paulbay bit lie in. eaten bread. way good giveaway.,1
6529,@actionchick yay love new ppl wooooo,1
6530,got back doctor... need surgery yayyy knee still fucked gonna get better,1
6531,@rocknrollqueene @loretta aston welcome twitter let know question would love help.,1
6532,first time going home early suck b single one call,0
6533,updating live benihana tokyo waikiki happy birthday mark,1
6534,friend got mugged morning,0
6535,one go see tiesto,0
6536,school. blagh. yay getting iphone august,0
6537,@natbubba yeah totally unfair. just. flame everywhere,0
6538,@secondstomars itï¿½s voting v anything simple true yr stronger cover best w o looking pink glass,1
6539,@emarketingguru hi uploaded completely new chinese lesson chineselearn please feel free watch enjoy,1
6540,@ringqvist seriously...it get sadder,0
6541,got home school wake friend s father. tired..,0
6542,bored without camera,0
6543,wonder karma point turned .. http plurk.com p wxj,0
6544,@tojoha suck delete,0
6545,@crypticirnangel sad nothing.,0
6546,got raise praise great way start monday,1
6547,nothing like home made paranthas breakfast,1
6548,got back concert mistakes... kinda failed macedonian test relative serbia here woohoo,1
6549,apple fail. set new british mac dashboard weather widget london canada uk one hard tell too,0
6550,@bigzflygerian sorry impressed slightest b c u eat pussy..more like saddened confused,0
6551,birthday.....happy birthday me,1
6552,okayyy read cause feel special haha.,1
6553,oh sunny.,1
6554,amazing night favorite lady friend,1
6555,pretty good. kind depressing though,0
6556,interesting evening amongst homeless people venice beach last night wishing camera me........ model release,0
6557,@ivansharris hey go last night expecting see @ broadway.,0
6558,@crystaaale wtf kinda best friend i still met hubby. depresses,0
6559,@micahjosiahd really going miss,0
6560,crap. break quot no work weekend quot rule much overloaded work. aargh hate it,1
6561,@davidleibrandt good know fun,1
6562,mean monday take test monday please please,0
6563,taking dad law sunday stroll old leigh beautiful morning say hi morris lol http twitpic.com wtk,1
6564,@scottrmcgrew honey great health,1
6565,day,1
6566,@oliviamunn san diego move here although whether right pretty cold. im waiting suck go surf love,1
6567,@fotowala nice book ready reckoner new stuff next time there,0
6568,hulu desktop look nice region,0
6569,pretty cold outside today got another exam...,0
6570,suppose get go find sumthin wear tomorrow can t get,0
6571,ah. bank holiday morning...reading elle bed getting excited roast dinner sheering later,1
6572,@alices hey can t make maker tonight,0
6573,sooo readyyy summerr babyyyy,1
6574,fuck oh god internal clock really fucked up. nooooo.,0
6575,@designerdepot thanks adding befriending no uh oh never mind thanks,0
6576,@tagscats thanks know happens awhile,1
6577,@dougiemcfly god peppermint mocha frappachinos amazing... addicting,1
6578,bad hair day,0
6579,@ eldorado house goodbye aliante house. memory made memory fade,0
6580,early morning am what s up am played w baby outside wow wa s felt great got lonely miss sissy jess,1
6581,@ykesha yeah also paper.. one final left algebra.. amp take birthday june,1
6582,neeeeeeeed music suggestion one give,0
6583,finally started twittering.... got keep up... downgrade full colour picture etc. simple small sized text messages....,1
6584,@morgandonovan haha nice thanks letting know,1
6585,sun waking up. beautiful day,1
6586,hour shopping over... good effort. best part chocolate shop.... yujm ... yum even,1
6587,@tarabellejeanne awhhh nice see you.,1
6588,@scitadel oh well great see canadian math trade getting bigger though.,1
6589,@csi printchick exactly thats first time saw @ reply jon. never going again. oh fun new phone.,1
6590,@yelainez oist st tym di pa ko nd tym may sakit na siya... blame,0
6591,@zackintoys sadly hopeful american doll posse ... blah vacant dynamic.,0
6592,good night all mile trail peek climb morning fun time ahead,1
6593,@jasminecjones thinking thing love morning chat totally need live gether full time. lol,0
6594,think im becoming obsessed mgmt kid lt,1
6595,http bit.ly gqdbd one saddest song ever heard,0
6596,hair look completely retarded. success,1
6597,working freakin computer trying save stuff harddrive seems failed miserably.,0
6598,@iamme becuz honest let look big picture..my happy ending smile face,1
6599,watching chicago. @bambamonline honeyyyy im miss hey arnold wild thornberrys,0
6600,way shreveport forget bad thing brought life,0
6601,love laughter creativity.,1
6602,got call chimp buddy want join party. load prepare now. wow great. cup tea first think. erm,1
6603,@iholleeee miss too need talk you keep screwing .. lovee u,0
6604,freesat s coverage sky dish really really bad moment block place really annoying,0
6605,good morning everyone. . . time work,1
6606,@elephantparty ha thanks bryan remind state budget issues. actually steve staffer offices.,0
6607,sbarro dinner krispy kreme dessert. mmmmm healthy.,1
6608,still stupidly sick...cancelled philly trip. sad day,0
6609,school boring,0
6610,@dannywood good morning hope enjoy run amp gym workout morning. can t wait hear new songs. lt pennie,1
6611,@mitchelmusso wish could would cost much call way uk,0
6612,whenever rain hard get motivated,0
6613,@shibuya yeah closer secret stumble.,0
6614,@imjustdanni awww thats fair me. im lil sad,0
6615,@skinnylaminx saw whole lot stuff africa joy casterbridge farm white river mpumalanga.was quite thrilled see ur stuff,1
6616,@donniewahlberg sound like great night . glad successful,1
6617,@theonlysv haha nuu .. solo qoincideencia .. en seriooo,1
6618,miss mom.. quot may angel lead in quot,0
6619,@iloveicetea haha it good luck babe amp upload photo ya,1
6620,mission wale find world greatest welsh cake @kendalloneill success none better nan s,1
6621,@queenbofmakeup need post time tour ........... apology supporters.,0
6622,everyone seem leave weekend ....sigh. bed,0
6623,prolly going jamba juice thirty minute shop awhile hit airport see daddddd.,1
6624,@davedays heard one song amazing voice stunned,1
6625,@sunmess performing lifeball vienna year unfortunately get chance see her.,0
6626,@lrpw hey ty tip wifi networking one many talent get bothered lol,1
6627,@paulbaan hello paul nice hear someone listening interesting thought kaashoek unisys. patel doculabs next,1
6628,big sugar yet another s bandwagon late get on. next s amp d bnl reunite kind like odds .,0
6629,feel really sick.,0
6630,@zokathepuppy heyyy todayy,1
6631,school w. linda nothing i miss,0
6632,nothing lol,0
6633,@iamchrismann sick stupid guy moment u make believe suck get back reality,0
6634,@loebette hooray avatar back wil go put gardener zone,1
6635,@sassij gonna chop tiny bit one two,0
6636,@jimhunt smile one avatar permanent condition,1
6637,keep coughing gut,0
6638,day nothing,0
6639,@sochae too know miss excitement lol,0
6640,lot decision make...i need assistant cook nanny chauffer lol lol real,0
6641,miserable feel like im gona cry sux,0
6642,moved new apartment. exciting,1
6643,shot new . rifle auto reset plinker target built shop class work great,1
6644,@japanimated miss,0
6645,everybody need time thier gun n rose x http blip.fm zkz,0
6646,changed car tire cost bomb.,0
6647,@lowestformofwit,0
6648,another qi start....i ll missing next,0
6649,@chrisfullman would never thing thing awesomerer minute walk work,1
6650,@geewhy jealous guess walking around office tomorrow malo,0
6651,happy mother day,1
6652,waitin dr dee.... lunch beautiful lady gym ... yeah need loose,1
6653,hello everyone im sitting rocking sam air best classic rock station twitter,1
6654,watched terminator cried one movie make cry reason arnie dy im lame,0
6655,plan evening dinner shopping dress shirt watching up going bed. plan saturday funeral friend...,0
6656,dentist chick hot thats plus,1
6657,rachmaninoff make happy panda.,1
6658,road again. miss traveling traveling partner,0
6659,rain got big weather cold right,0
6660,good day going get bed,1
6661,im.in.the.room im.watching.the.hannahmovie.withmom.she.said.this.film.very.great.,0
6662,thelma amp louise good movie.,1
6663,@gabilicious hahaha probably sorry. got thing around house...and go jared s parent house,1
6664,@phreshlyphaded oh wow thanks info.,1
6665,@debbiefletcher haha remember xx,1
6666,@taylorswift soooooo wish could im school myspace completely blocked,0
6667,reagan con according quiz http quizfarm.com run.php quizrunner,1
6668,choosing britney dance showcase yesss cant wait. days....,1
6669,@jaylastarr guess interested,0
6670,listening weightless time low. thanks @katarinahj making listening it,1
6671,bed bed bed @samuelasanders never answer text anymore thought day sent one never heard back. sad day,0
6672,@lizz xx cheer lizzi b another foh hero concert still suppose b upset xoxoxo,0
6673,scary hooked wire n printed sum graph ohhhhhh,1
6674,bird flew window parent house snapped poor neck. gotta bury,0
6675,@notmywords yup unfortunately took today work slept day.,0
6676,@luuloo im really sorry know wallah u feel life shittttttttt,0
6677,missin boo,0
6678,miss soooo much gonna see month,0
6679,oouchhhh pinched nipple accident trying fix top,0
6680,whole food barton spring yogurt spot amp oasis perfect day austin.,1
6681,@knatchwa buenos dia sweet thank,1
6682,funeral ceremony...gloomy friday...,0
6683,@cacaubrazil that s great guy related,0
6684,mit bookstore best book selection one bookstore coupon discount,0
6685,@laurenmontonen didddd. met,1
6686,@missjerilee welcome twitter friend,1
6687,storm electricity gone,0
6688,twittering hair dry washed macadamia orange shampoo smell gorgeous,1
6689,@mossyy problem glad to,1
6690,feel accomplished got lot done today http plurk.com p stns,1
6691,@sera heya hour famine start may nd gonna take part,1
6692,sigh guess gonna meet today.,0
6693,@orbicule wow great promo orbicule. english translation somewhere norwegian good,0
6694,@desizntech thanks glad like,1
6695,windy raining harder day today bye bye power go,0
6696,trip stockholm got cancelled make planning shopping tomorrow nothing make girl happy like shopping,1
6697,unpacking new toy arrived studio right called tc finalizer. can t wait check sound,1
6698,@sazchik devon weekend cloudy dry.,1
6699,new baby well. attempting quot painting quot weekend.,1
6700,phyllis hyman unsung story sad,0
6701,discovered great site,1
6702,tired. climb bed fall asleep. hope weekend fun... couple week left,0
6703,ac fan doesnt swing way ... sweating hot humid day,0
6704,sigh. getting computer even homework... bye,0
6705,chilling feeling really nice..,1
6706,@artythecat oh no missed again.,0
6707,@sandyvanessa awwh im sorry much longer,0
6708,@bwhips good know alone confusion,0
6709,@thefifthsister lol yeah forgot tweetdeck status funny,1
6710,@hereprettykitty mustv e read mind. going thunderstorming pick boy bus stop,0
6711,well gonna go now. goodbye all.,0
6712,@igobydoc no kill spiders. mostly good. eat bad bugs. make web like do. smushing one,0
6713,done disneyland kid s knocked out stopped hotel bar grabbed grey goose amp tonic way up...peace,1
6714,@decaydance nothing,0
6715,@kevmarmol agree,1
6716,@mbburns that s great news,1
6717,@cohenster know awful never fear got load fund drunken catch post exam ja,0
6718,@rawr yeah. call dad mom brother either. mom phone. dad phone card expired. brother work.,0
6719,again stuck traffic jam ... somewhat starting situation every day. that s sad really,0
6720,@mileycyrus think fun gotta hide defend enemy fun huh,1
6721,best day work best weekend ahead. hopefully someone go usc with...,0
6722,im sad right becuz lady,0
6723,yay st. mary s come,1
6724,@jjrogue interview tuesday thing turning around think yay dont worry japsicans rare breed.,1
6725,bored.... go a kon...,0
6726,@adamastorlx ohyeahhh hate heat http twitpic.com a,0
6727,wee laddie s upset hours. tried soothing bed nursing etc. nope. am real food. blue clue now.,0
6728,good morning http blip.fm jnl,0
6729,new follower pretty cool tweeps check em out.,1
6730,sick happy th amanda,0
6731,friday night fav night week go stupid dog training class,0
6732,@yogadarla @gypsy yogini @rock my sol @lotuspad sooo jealous good way course. lc awesome.,1
6733,@tabithalynnne lmao yep,1
6734,@musecrossing . much a sugar b taste ... lord put ya down fun way,0
6735,got english yay.. d math,0
6736,waking .....working....happy be gonna great day today... see it..and im sore running yesterday,1
6737,@xstaylor lol considering recent debate dl touching bad boy thing. like logical ones.,1
6738,@zsafwan much welcome,1
6739,@shakeitblueyes good,1
6740,@ceramicheart heart sings,1
6741,missing deeply,0
6742,leaving get angry teethed pulled....,0
6743,hallooo bayern hallooo stau,1
6744,dnt even like wearing skinny jean cuz yall bitch as nias...,1
6745,finally hit friend thanks,1
6746,best weekend ever,1
6747,@jonasbrothers can t wait definately going amazing. lt michelle,1
6748,@mommy. like quot whyyyyy quot,0
6749,@danger sky got singing falling love now. only changing week day saturday. quite fit.,0
6750,@sparklethots love birdy nest though already got u another kind,0
6751,shaw guy want sleeping,0
6752,@kennyj good . mean haha,1
6753,@liddesigns oh no sorry hear abt firefox crashing you.,0
6754,... itï¿½s ffa evil grin iï¿½m busy work today wonï¿½t get anything done,0
6755,@laingrithdz thanks lot kind got back nice drive . fun car drive nice day,1
6756,feeling pretty poo today,0
6757,good day ya ll happy mom s day,1
6758,@sorealcru gloomy la sun nice,0
6759,@flisstee think late night friday hit town meet friend soon ice cream coffee,1
6760,@staronmainest idk lol head hurts. rly bad. amp stomach... hmm... personally think s ive deal wit,0
6761,happy friday weekend everyone .. tgif nothing,1
6762,getting play golf kickin leadership team...i feeling r gonna kick golf course,0
6763,sad duck day.,0
6764,hi everyone miss much muahhhhhhhhhhhhhhhhhhhhhhhhhhhhhhhh,0
6765,@johna hi uploaded completely new chinese lesson chineselearn please feel free watch enjoy,1
6766,throat hurt gonna go read go bed. text mee,0
6767,aww okayy tell tomorrow,0
6768,wonderful piece cake lunch else could want,1
6769,@audreythebaby gandang mac un ah sure market ma mahal pa sya sa macbook pro. ang cool ng concept,1
6770,@vocalyz hi im better... drinking hot tea honey ... thanks... take care plis,1
6771,@zindaret http book nonfiction b lt get one maybe next time,1
6772,@ohemmy lol hi emmy latin would help study aptitude test get grad school thats wanna take,1
6773,going bed watching bit qi. wake tomorrow face start last summer bath. bit gutted atm home,0
6774,@southphilly mel thanks nice u appreciate u,1
6775,@maestro wanted dm back cuz following thanks anyways maybe ill see ya around elle ay ...,0
6776,sad friend everyday long as time,0
6777,im sooo sore... back hurt leg weak im dehydrated. go set mom furniture... gay,0
6778,cant talk well remembering something said me... good thing fucking bully nasty piece work arrrrgrrrrrr,0
6779,got up went outside planted flower watched lee evans dvd. knew bank holiday fun,1
6780,damm feel like song dead gone travis garland,0
6781,want go home senior,0
6782,want korean bbq baddd one come,0
6783,disappointed forgot tweet something really inappropriate @graphicphantom yelled whole food yesterday amp can t remember it.,0
6784,@babymakes no. lost link sent pull battery.,0
6785,ah remember day sleep noon well guess today god feel like loser,0
6786,@alexandramusic morning alex hope tweeting lot today miss xx,0
6787,@kirbis trusted matt life picture. funnnn night though,0
6788,bored always much fun companion. missing bff alreadyyyy,0
6789,@nienerenee hahaha niene ur soo smart. lmao think by.. good lookin.. whts gurlie come home weekend.,1
6790,well done visteon belfast year salary paid. show happens stand,1
6791,love rain im golfing,1
6792,@stephenfry hong kong great crazy quot english name quot . friend work quot miss chewbacca leung quot,1
6793,@tferthomas thank you,1
6794,aww minute left family guy,0
6795,@terimoore congratulations...keep u posted thing go,1
6796,@snowed in loved movie miss raul julia.,1
6797,found prom dress,1
6798,@janae lol let s find something quickly.,1
6799,@queenchinab seemed happy,1
6800,@christinerabel ha ha surprisingly well considering good time sun mountain,1
6801,omg back. know week. brother took laptop mexico. online.,1
6802,@ctakeaway great remix it. double wow,1
6803,bored...miss everybody already,0
6804,chillen csla.. waiting start.. watchin pacquiao rerun..,1
6805,twitter second day running. study leave me car one piece,0
6806,morning woken neighbour s kid screaming garden am benevolent mood... warned,0
6807,@omarabid hehehe really know that well use blog twitter suggest interesting topic ppl engage,1
6808,back weekend getaway energized another week bring on lol,1
6809,@billbathgate ....any sorry wahh lub u toooo,0
6810,sigh last day work. sadifying heartparts.,0
6811,smoking maryjane favorite thing speaking ima name daughter maryjane lakoda. lakoda mrijuana latin lt,1
6812,@crust there s air,0
6813,yay dad agreed pay tuition equipment yipee till nxt jan tho,1
6814,sick years. omg. suck bad. sickness ended including full restroom cleanup.,0
6815,morning sunshine,1
6816,oh no crashed ball pump,0
6817,@remnant missed everyone tonight,0
6818,la unified summer school drastically cut due ca budget cuts. sad,0
6819,@robkardashian hey fellow trojan..congrats graduation.,1
6820,tafe actually quite good.,1
6821,lazy rain gym amp amp tanning possibe work amp amp small social gathering around tha corner,0
6822,working as completely happy,1
6823,im fine also..up way early..lol...soo r ur dog kut ..i def want pit lol,1
6824,goody bagged car boot including cute cross stitch bird craft room man selling sweetie,1
6825,@jordanhowell nah iplayer listening back it working,0
6826,@renagades great day..... rain keep may go swimming instead dining,0
6827,@cinemachic failure using lacie drive,0
6828,@iamsuperbianca oh went friend myoh last night ran tarsier pins. sad. really cute.,0
6829,tomorrow warm day.. reason like sun much. xd go swim d that s better. xd,1
6830,take away,0
6831,@netmogul actually play keyboard pohaku lol. played st bday earlier spinning shack,1
6832,getting emilie half hour get up.... nice day all talk later hope,1
6833,like heavenly blushhhh,1
6834,happy star war day im going make pasta get showered dressed watch films. like day off. day,1
6835,awww daddy got car accident pray him shook n lil,0
6836,sunburnt arm burnt mouth skin coming,0
6837,oo wisdom teeth hurt much,0
6838,@wiseleo got named since recco peep felt pretty honored... gotta talk blowin ego like,1
6839,really want star...hope flawless work,1
6840,way work. hungry,0
6841,@carmenparnos thanks much belated followfriday shout payingitforward,1
6842,going busy day suck cause wanted spend time someone earlier today,0
6843,wow that s say star trek. cool.,1
6844,way seattle yay seattle boo matt leaving.,0
6845,surprisingly good day time sleep. hopefully sweet dream await,1
6846,finally. deleted number phone contact heartbreak,0
6847,bed eating chocolate super party yay playing new camera could amazing photographer,1
6848,@sarieee thanks finding amusing rubiks picture tonight. making evening via @chrisfreeman ...,1
6849,kno behind time one learned troy quot t bag quot dixon died back dec. th . rip troy.,0
6850,finally plugged listen flashpoint http shoutout @norabf missed segment chevron,1
6851,truck full silver bar imploded itself. delayed u hour even get bar troubles. photo,0
6852,right street market rain good idea home fire bacon sandwich yummmmm,0
6853,@erik rubadeau last weekend pretty solid brunch bar wellington. hard screw steak egg though,1
6854,@doctahana can t really anything that i,0
6855,yesterday friend mine thrown horse lorry drove past u ignoring u signaling slow,0
6856,back laaandan. miss already check new giant purple bow gold wing necklace. lt td http tinyurl.com mymw,0
6857,@snappingturtle @joninseconds requested date guest honour all...,1
6858,gonna sound really sad amp depressing really really miss uncle sam,0
6859,haha. lacey shutdown livestream. party time,1
6860,still feeling well,0
6861,up. getting ready skill. can t wait fail bio final yay ugh honor class suckkkk.,0
6862,day go freedom damn xams,1
6863,hubby went pick fringe comic today @ store work. store business too. comix houston. web.,0
6864,@just cal work or... hehe mind gutter sittin doin student loan thing.,0
6865,awesome night ahead bad v rat city favorite skater one track fb,1
6866,pay sale tax...great. even worse mom pop business double pay business licenses.,0
6867,@shannoncleary sound like perfect way spend sunday evening. enjoy,1
6868,http twitpic.com uq hotttt weather getting blackk start rain,1
6869,@joyee thanks pp,1
6870,@batman know what cowboy hat pic made smile today you see many japan,1
6871,@theycallmetap http bit.ly orh lt lt miss music like,0
6872,im tired sick better sunday sing morning night,0
6873,@casndra okayy mail thenn lol im hyperrr much candy amp amp jello x],1
6874,look like another night office lol,0
6875,@mskiannathediva awesome... worked before good friend.,1
6876,arrived safely san fran. disgraced report tossed cookies. seems longer constitution flying.,0
6877,@aspaphoto same... well peer trained peer taught peer learning,1
6878,go big plans... thanks tonsils.,0
6879,@ inthebattle really cute. one favorites.,1
6880,@nclusa sorry disappoint. big nascar fan still all around decent redneck that.,0
6881,broke carafe went starbucks caffiene fix light go out...just sec kidding me..got laugh. ha,1
6882,good big cousin shes taking little cousin see hannah montana movie next weekend,1
6883,bus nyc http yfrog.com kaifj,1
6884,yaaaay think might aced history test today,1
6885,last day college today,1
6886,@amyxstftk actually really do. mostly forget take makeup bed,0
6887,welcoming cimmarongirl proud,1
6888,@tessneale suppose blog post could u email,1
6889,argh,0
6890,made best turtle ice cream pie everrrrr btw happy soon be mother day,1
6891,@liesx xd send it,1
6892,sitting chloes little trike thingo girraffe ill probobly get yelled next minute so ohhh well,1
6893,got tattoo fixed today hurt much thank god can t wait get next one. .,1
6894,@fallenstar got that s following... feel special,1
6895,@nippysweety thanks much ff @nippysweety one today,0
6896,@xlesseyx good cup cake,1
6897,love movie grease can t believe jeff conaway guy played kenickie...so sad see celebrity rehab,0
6898,@ocell great hear saw slumdog millionaire yes that s bollywood thing end,1
6899,@chrisbrownweb according bow wow his best friend chris twitter want hater probably,0
6900,havin stupid stomach pain amp again... today outing sph frenz amp stomach nvr fails dissappoint me. haiz,0
6901,@dougreport read floyd article say private,0
6902,beautiful morning time get enjoy sun,1
6903,cleaning day,1
6904,@jaimemcknight yay mark issue too...you ll find lot issues. lmao,1
6905,holiday fair,0
6906,@destroytoday hahah try,1
6907,@wita still think unfair infamous pc.,0
6908,@krisbellmusic yeaaa,1
6909,@laylanatalie nowhere babe ice come job morning sigh,0
6910,sad beautiful marisa dress leaving today tear,0
6911,@blanquis morning hope super day...enjoy,1
6912,@melissapan awe yeah fun revising others get distracted easier gt . lt yeah tired revising history,0
6913,going home enjoy left day can t believe quickly week flew by time tweet,1
6914,sadly awake. wondering contact info fun folk hung shop. yay b miss guy,1
6915,@broooooke kk s fun eating lol remember shaun love haha,1
6916,@kluless fantastic jjj you question already teacher s pet,1
6917,@princeofcode sorry get project working windoze laptop ton folk came afterwards saw running,0
6918,goin bed... finally. sleepy happy mother day,1
6919,@punnie use it heard powershell nice,1
6920,can t wait tomorrow finally bittersweet sure,1
6921,@shmeezie thanks me great time,1
6922,playing question chris,1
6923,wish jonathon ross audience right,0
6924,@donniewahlberg l d come u could australia far away,0
6925,couch hungover don t expect much today,0
6926,got smashed face th grader thowing football... twice. bleed,0
6927,cold beach sucky.,0
6928,whatever. workweek s over. time go play new phone. sim card transfer contact list,1
6929,want info ecomonday check http tinyurl.com cpve amp follow @ecomonday . like followfriday green amp monday,1
6930,yeah .... bought ticket pearl jam august,1
6931,chillin home day yippee...wish @youngives keep company,1
6932,d group saturday s little bit football hour nap hour soccer basketball tsu yogurtland... life s good,1
6933,@cyberwest thanks twitpic sure made laugh,1
6934,@wossy jonathan get priscilla ahn raphael saadiq show fab jools holland show,1
6935,pretty dang tired. chamber class napping.,0
6936,lip pierced minutes. died.,0
6937,@marieluv ahh would rock,1
6938,im well bored great half term dont wanna go back school monday enjoying hot weatler lol,0
6939,@pandamayhem noooooooooooo look lot picture lol lol,1
6940,@ankurb kidding go around quoting,0
6941,best weekend,1
6942,@katrin l unfortunately not.my work tie whole summer.but there s eu tour fall i ll there want rebound,0
6943,@marimcfly morning happy juddday,1
6944,clive birthday pat http apps.facebook.com dogbook profile view,1
6945,missing everything work want pix @ipinklemonade,0
6946,@hardcore damn frat that s bad... good show at least hoping so esp. since bk...,0
6947,german think able go germany free whenever want...plz,0
6948,im really excited cant wait,1
6949,@alma want somebody hold alma tear tear,0
6950,@mdjensen little late congratulation st tri great accomplishment...good night,1
6951,job centre bound. oh yay.,1
6952,disappointment really suck getting used it.,0
6953,@fizzythoughts boo work beatwittyparty least still here,0
6954,@meeshel sucks. save it,0
6955,eminem am ... freaking awsome ... im going back too... seam like something big inside me... no...is alien,0
6956,watching america next top model yah haha,1
6957,looking forward finale race next week missing castle girl though... race fan welcome watch chez moi...,1
6958,laptop laptop taking sooooooooooo long load fdms myspace page,1
6959,little happy wine jeje ok it sm free time care jaja love day,1
6960,@shabooty douchie lol...thats hilarious man. headache meeting.,0
6961,back freaking homework.,0
6962,saw star trek amazing seriously good. entire cast excellent spock kirk especially. want see again.,1
6963,unhappy here. hate it. affecting everything. relationship people personality attitude...,0
6964,workyy trying get point smile lt lin man tonight,1
6965,wish people stubborn sometimes.,0
6966,feeling fab today missing boo,0
6967,johnny actually invited movie many thing concert,0
6968,@songzyuuup http twitpic.com gemf definitely appreciate this. simple thing make day...,1
6969,@scarletty know.. suck.. master procrastinator ... guy much fun without,0
6970,burned tongue @ workkkkkkkkkkkkkkkkk,0
6971,guess late sigjeans,1
6972,@dotmanish dude pestered army personnel mumbai airport let hold much request leave,1
6973,@eltonmcmanus amp matey,1
6974,pegel..cape ya keliling kuil..but totally awesome wa amazed temple culture ambience..truly amazing thailand,1
6975,flying ontario hour will probably stay awake.i days...camping first time yay i sleepy,1
6976,order pizza pizza girl sing it love new song. excited new song jb paranoid day,1
6977,mum lost grangemouth. utter hilarity totally lost,1
6978,lee net op twitter dat het happy star war day is... quot may th you quot ... sjeez wat slecht,1
6979,tgif also sad last day get work favorite tv reporter,0
6980,@ncarcadio congrats new mac book air,1
6981,totally got hit one bar guest ha ha...yay me,1
6982,overall tonight s snl epic win.,1
6983,apparently im getting drive school morning anymore well dad left school morning.. watching twilight,0
6984,believe ittomorrow night jay leno s last episode tonight show encourage everyone watch welcome conan.,1
6985,mad im going missing maine tomorrow take effing day fly florida,0
6986,feel sorry male singers. never gonna great zac hanson pooorr fella,0
6987,@kristenstewart wow can t believe u reached facebook limit friend crazy,1
6988,@mansur rahal thing living always undeveloped picture future.,1
6989,agree work gorgeous day,0
6990,even though everyone wanted newish song teacher agreed s old grumpy like u happy haha,0
6991,... want die. want take life forever. trying get duet.,1
6992,@dougiemcfly good show guy .. wish could see,1
6993,two dozen rose sent overnight delivered morning. found recipient town sad,0
6994,stupid freshman ruined theatre class.. get play warm up game rest school year,0
6995,@dwhelan wondered rake to. client made clear .net only force devs learn new lang agile ccnet,0
6996,@ego assassin soooo sorry love kitty know much become part you.,0
6997,waiting denver game come on.. dont think gonna win lakers suck lol p,0
6998,thank proving point,1
6999,@mizhalle http blip.fm jbp,1
7000,@seattlewillow well work. leah might something embry.,0
7001,wanted go basshunter concert tonight. wanted to.,0
7002,@summerxoxo that s exactly feel. hope start feeling better soon.,0
7003,great night justine boy westconn people met tonight haha,1
7004,look like got new job,1
7005,@petitesuitecb thanks girl. true bff,1
7006,today go slower time dragging by.,0
7007,@dutchreaganite need plenty quiz get work day.,1
7008,sun shining,1
7009,@jtimberlake thank happy mother day mother also snl tonight,1
7010,need write really bad. someone go get diary flat,1
7011,happy mother s day wonderful mom there. matalatine,1
7012,@betscrr finally pic cya like hr haha,1
7013,late last night .... oracle,0
7014,@mahamimo thank you makeup art top notch come house every morning ha ha,1
7015,may th you hahahaha neverrr get old,1
7016,class trying listen really like twitter facebook . amp myspace oh yeaaah . amp hungry,1
7017,@willye going sleep kidding p,1
7018,@littlefletcher saw play here amazing,1
7019,can t go movie today,0
7020,@clairemaxwell know feeling way well nice walk,1
7021,@lilxklein see hannah klein . lookin good today,1
7022,@reemski might get around it. sure make flat html wordpress. .. fun fun fun,1
7023,sweater sandwich hug sound fantastic right,1
7024,@katherine kelly pj day best day,1
7025,view flickr account.. maybe much you... happy ... yay http photo bonassin,0
7026,damn got chili bean shirt hate messy eater. lady,0
7027,@heresmyhello hate change course. fan life. lt oh met rob something went horribly wrong.,0
7028,totally knackered back meeting,1
7029,still working database trying decide want eat.,1
7030,ria got g phone im jealous,0
7031,@abbyluvsaj nice wish twitter would tile mine,0
7032,@catboy dubai enjoy sound idyllic geordiebird lost bikini...perfect holiday,1
7033,workin.. still lol wanted go spring game,0
7034,@lar saw baby blue regal word quot slab quot written huge letter side hahaaaa,1
7035,senior ball hella fun good night,1
7036,@cwong bud. kudos hardcore gym training great lifechanging experience keep up,1
7037,@skinnymarie guess ive got wow impossible,1
7038,dang ldbf didnt give follow friday shot,0
7039,cramp,0
7040,@srubin sorry disappoint.,0
7041,@julierubes game. found late.,0
7042,hitting fairly empty shop orlando downtown disney later http tinyurl.com cdsuws,1
7043,@nkcaump excellent pic wish there long drive tn.,0
7044,@tommcfly helllllloooooooooooo tom gig tonight sorry im sure show there miss uk hi hi hi hi hi xx,0
7045,exhausted hour work week,0
7046,want whole day hurry up,0
7047,@missrogue wow awesome review carry everywhere laminate it read down just plain cool,1
7048,oh watched third episode jonas awesome.,1
7049,boo season finales..,0
7050,tweet later wonderful day.,1
7051,know sunshine wonderful today alright day text twitterers.,1
7052,@midsomerlover o come seen excited hope get love interest soon tell doe,1
7053,akissforjersey amazing lt sooo soothing.,1
7054,good morning tweeters... happy monday grab big cup coffee new week,1
7055,loven r ftw pvp bac,1
7056,one love brittany forgot flowers...,0
7057,there nothing worse working friday night wake saturday. want babe,0
7058,laundry time lot it,0
7059,attic eden today,1
7060,lmao im stupid felt like sayin tyaï¿½ red caf vioce..nite ya ll,0
7061,lovely night steve o family guy. bed.,1
7062,short work week,1
7063,hollie steel bgt absolutely excruciating watch...poor girl.,0
7064,arrested hotel,0
7065,firefly weekend scifi channel happy man,1
7066,happy star war day,1
7067,can t find jewellry dressssss,0
7068,@brainstuck didnt get joke,0
7069,@ccnkaddict know... fall right pm time like right middle day,0
7070,low profile tire suck size monday,0
7071,@megs sorry megan sure find something quick.,0
7072,eating chocolate ready break,1
7073,@visitgalena miss world iccvb meeting @visitpeoria mon wed.... fun beginning,1
7074,@afrykah heyyy girl.. havent tweeted u week. hope well,1
7075,think sg wonderful,1
7076,@glossymom yeah getting point. need new phone anyway gonna happen real soon,1
7077,back salvador. wish sao paulo see second concert,0
7078,finished english final...just one step closer end.,0
7079,@vieriu blessed beyond measure,1
7080,assistant watch notebook. miss deborah,0
7081,@designbreaker nothing stayed home,1
7082,@jclayville feel pain. lived apt mo previous tenant cats. burning eye tight lung gregg,0
7083,@pinkberrygirl aha see...will,1
7084,miss smile,0
7085,know rule say always point knife away you learned lesson one straight finger,0
7086,@nsharm thank reading ohlala,1
7087,trying straighten hair effing hot here. also need food,0
7088,stomach hurt,0
7089,@harmonymatters cool glad.i save tea,1
7090,@skoosie probably not. hate happens,0
7091,watched prison break special sad ending,0
7092,@anyamarina funny loved it almost fell it. haha,1
7093,@jerrytrainor never miss icarly son huge crush miranda,1
7094,@texasjackflash thnx follow,1
7095,really twitter mood today... know,0
7096,@purdyboy thank you playing moment ago actually different even chill version. spooky haha.,1
7097,@thecubs cubby even .. else new matter beat dem bum chicago baseball,0
7098,official worst day. called mile away,0
7099,think people would buy slap chop commercial like this http bit.ly vqiuf,1
7100,checking ciege cagalawan s s s collection regretting see collection tonight got invite,0
7101,kidding. standing room only.,1
7102,@nightshade wooops meant agree boomstone..trying reply both lol. happy mother day well tty soon,1
7103,@meerasapra seriously.. used spend time house..,0
7104,@dtatusko thx. do. always make chatty night,1
7105,.. good morning peoplee look like going nice day today better last week raining .,1
7106,@jonathanrknight welcome back stuck jury duty today.,0
7107,sinse dis thing..not reply message. nuffin pshh cares..i know im special x,0
7108,we d man way yes time wake real lol,1
7109,ok now. popped say hi check things. probably head guttah later tonight,0
7110,@deversum good morning hazel caffeine shot,1
7111,@morganmartinez dream hanging friends. good woke there.,1
7112,love boogah anyone contain lebron james talk sick,1
7113,@mrsucre lmao sure did luck though,0
7114,@codingvictim nice back,1
7115,friday well technically anyway...but really thursday me. dang work saturday morning,0
7116,aww friend called said got better job working anymore,0
7117,@powerseller thanks,1
7118,@wired sad,0
7119,@xkaraxcupcakex sorry. sad.,0
7120,@anothrstupidkid lucky bed ice cream sore couch cardboard,0
7121,@franksting yeah... dry,0
7122,@adonkim sound like nice relaxing afternoon. mow lawn walk dog,1
7123,@safig lol..wat vibe doin atlantic amp where s ur shirt twitter pic lol,1
7124,@kirkfranklin @therealmarymary yall auntie jus got n bad car accident...pls pray god s b done...,0
7125,awoke completely freaked frantic frenzy. going long night.,0
7126,soooo feeling well need get bed,0
7127,happy finally may indy . horror yet still remain held captive indy s spirit...,1
7128,sad see deb two days.,0
7129,gonna get sunshine,1
7130,omg tink cuming bckkk,0
7131,@meggiemouse going hour out say computer phone last week didnt care all..,0
7132,got great expectation tomorrow gonna awesome http blip.fm jf,1
7133,thrilling time da joyride roadtrip nice driving pai paulo. http plurk.com p rrg,1
7134,@artistiquemeg wooohooo fourth row back,1
7135,going lumberjack party,0
7136,@ludwikc broken can t c,0
7137,apparently starwars day today like . shame revision though.,0
7138,ugh... back killing me.,0
7139,nice pre mother s day dinner out. cocktail retiring evening,1
7140,freeagentapp free trial ran today cannot subscribe abby accidentally canceled card still waiting new one,0
7141,st place competition superior.,1
7142,finally work,1
7143,want wish happy mother s day two favorite mom world mom course sister happy mom s day two,1
7144,@shawnk whoo hoo chuck although gloomy out today much better day,1
7145,yay only sunday maid came house clean again,1
7146,@halestormrocks wish y all...unfortunately able make it...gotta work nd gig today,0
7147,awww bought mom cutest thing mother day woop woop mee expert shoper,1
7148,aly amp aj new album summer. yay,1
7149,fell sidewalk harvard square. stupid cobblestone hand hurt,0
7150,neeeeed plans. one hang tomorrow. booo.,0
7151,finished watching series return chaser war everything really quite crap compared used,0
7152,@iamhenrymorgan screen covered blur ... how s ya day kiddo,0
7153,charter pissing off rest internet access blog except fixed soon say see...,0
7154,depressed right now. idk...,0
7155,goodbye picnic classmate today weather fucking beautifuul,0
7156,going yum dinner watch bad girlfriend play. am call time tomorrow,0
7157,@ladylogan thats awesome good idea,1
7158,wedding perfect,1
7159,yay good way end night.,1
7160,@jakpedz come out,1
7161,watched bone finale last night uk amp rocked oh much missed zack @ericmillegan freakin awesome lt,1
7162,r.i.p. sammie cat,0
7163,min bej semanggi. traffic friday siggghh,0
7164,ready crash ...had great day fun night ask anything night,1
7165,@saraesse right on myself... turn october. think pretty much make u awesome,1
7166,@reveriebr sucks. hope find new job soon,0
7167,home school shitest day today,0
7168,well sunday weather look great gone take bike visite mom day,1
7169,@terrencetaps yeeeeah...i much better off think,1
7170,usually im gone celebs come unfair,0
7171,overslept headache,0
7172,bad grade,0
7173,@lolbethie sound great right now. ridiculously hot house,1
7174,@sassyotaku enjoy nola definitely one favorite city world. please beignet chocolate,1
7175,great night old friends...we re still quot home town hero quot ....some thing never change,1
7176,loved ap tour columbus oh last night still exhausted goin bed sweet dream gnight,1
7177,@poeticblasphemy see finally got set avatar. cool,1
7178,@assembled ive haha,1
7179,meditate feel vast vast. know it what think about,1
7180,@morethanfine wish could make quick trip la july miss la,0
7181,awesome time . gotmeet brandon rhyder unfortunatly can t sleep n tomorrow. back ole job. @pattymlt got game face on,0
7182,@heritagesoftail hahaha miss bradddd guy keith.,0
7183,@dezurita nooo real mushroom neighbor uprooted,0
7184,@ce ci ewww poor wish best thank god rolland garros month isn t p,1
7185,enjoyed steak quesadilla kinda mad cause gonna miss laker game,1
7186,proudly watching film http bit.ly dpuh,1
7187,watching bleach,1
7188,supposed great weather today amp moro luck im stuck work day,0
7189,@fearnecotton gonna miss show whitby weekend btw love show radio always on ly x,0
7190,rblpnqte @sheryonstone quot sheesh sending one @ladypn. think could use lol quot rb delux... http blip.fm zj,0
7191,school out work,0
7192,fun friend,1
7193,actually got bit tan today haha sadly working weekend get chance enjoy glorious sunray boo,1
7194,@howby hm sorry hear that well keep holding on break over go take nap now,0
7195,dont get,0
7196,orw nooooooo want go back newcastle,0
7197,@dutchraymond yeah realize bad till,0
7198,saw new star trek movie. good zachary quinto amazingggg,1
7199,@jasonalbi oh yea pain went little bit laughing hard good nice once.,1
7200,used last dvd r window iso. next batch lightscribe dicsc want see work,1
7201,@kellz making cupcake say can t kelli bad sister.,0
7202,@epmorgan know read bt can t sit outside coz gota answer phone,0
7203,morning hope lovely holiday monday whatever goin to,1
7204,spent morning watching eddie izzard s glorious funny... realli shud hav studied thou...,0
7205,day till birthday hope weather good best good thursday friday otherwise il scream happy b day keiron,1
7206,@bridgetsupple busy lovely time,1
7207,@vukizzle sadly corporate giant employer let get site...,0
7208,thanks guy follower,1
7209,rachael make want cry,0
7210,@zooeyde nice able following twitter,1
7211,can t minute treadmill done minute today already gonna minute,1
7212,lil cuz coming round today aww haha,1
7213,@clarrisani thank approving application twa forum honey. keep good work,1
7214,@penguin j heehee. love you tired.,0
7215,monday. yayy.. need get demi lovato ticket sell out,1
7216,first compree .. completed exam hr instead alloted,1
7217,@wendy fred really cool no pc now mac well ooooooooold iphone tho,1
7218,bryan sweet didnt think gonna talk towards end night talked,1
7219,@thereisaseason fun see glimpse life,1
7220,@scorch mom emailed porch anytime. come tomorrow miss you worry knocking,1
7221,happy mother day u milfs there.,1
7222,@madeofhoney im sorry. dont wanna cuz u act. u turn right around ignore,0
7223,last full day high school today. sad may never see lot friend ever again,0
7224,can t sleep happy fugees keeping company,0
7225,@missdeeeee encourage me... got year stuff. regret,0
7226,@shortstackband grrrrrrrrrrrrrrrrrrrrrrrr,0
7227,missing nathan bccg already. best friend tried visit heading back tomorrow afternoon.,0
7228,woke delightful nap. can t desribe much success involved am nap sat night....need rhubarb,1
7229,@jaybusy lol.,1
7230,one bringing snack,0
7231,much buying awesome new phone sony ericsson berry d like everyone else...,1
7232,@retrorewind working station cool. love yer music kk back sweating part .....lol la xxx,1
7233,@harleyplays @dezzy baitersss hope tonight fun,1
7234,really ill atm,0
7235,like new trend who s next http tinyurl.com qcyd,1
7236,welcome aboard new follower thanks honored.,1
7237,itï¿½s raining... hate rain... going shop drink coffee day.,0
7238,recession hit veronique branquinho quit company shame,0
7239,ran outta bathroom passes. maybe mrs. french nice today,0
7240,literally laid bed day. major headache,0
7241,fab broke,0
7242,brings sooo much joy show it great song http blip.fm zoq,1
7243,school. last day. high school. ever. ever. ever.,1
7244,today week .. yiha,1
7245,hmmm thinking taking back feel better morning think spoke early,1
7246,got home hour track feel real good p running nice ab work push ups haha p,1
7247,really wishing would let go let fight own...i m tired feeling like shit you,0
7248,@danacea happy star war day,1
7249,@davenavarro columbus wanted say sorry missing indiana show tomorrow. sad wood gs.,0
7250,cobra mexican bird flu hub gay bar hate play s mix. oh shit freeze frame,1
7251,man.....i m loss words.....looks like i ma get unexpected graduation gift.....in good way,1
7252,@inkrediblenyc hey lonnie next weekend can t wait.,1
7253,need sleep can t,0
7254,ticked cause can t go see quot drag hell quot melissa amber. staying home friday night thing.,0
7255,bro light g.soll cheer http twitpic.com wjrs,1
7256,@yvasquez thank sister,1
7257,@pjhoody quot it s birthday know wanna riiidddddeeee out quot fun club,1
7258,dis damn usb charger good nothin. gotta find verizon store. fone dead since last nite,0
7259,@amanduuhhh omg here hurt much,0
7260,@teksone no u weekend uk,0
7261,@cadwaladr omg yes get ready work early tonight payroll distribution duty,1
7262,mariana photography cassone s may feature http bit.ly ebjm thanks much,1
7263,fucking hate goodbye,0
7264,@tearose wish could enjoy girl day,0
7265,pik hair braid up scrub make relaxxxx.... tonight fun,1
7266,bored... want stay home tonight want spend money blah,0
7267,ate much vegetarian pizza dinner good,1
7268,@niecied nice idea m i l gift. crochet it good idea looking online. youtube video showing lefty crochet.,0
7269,@bhuto given way kunal khemu etc. starrers turn out..there high probability shit rather niche,0
7270,family comes. probably weekend,0
7271,@beccamorte oooh neat yes sf good food. again jealous sf people.,1
7272,@emaxio still @ courthouse happy job... sad one,0
7273,@nextman wish nah babe back home atl,0
7274,got home. glad decided go out. yay new friends. yay hug crush. happy,1
7275,@zee can t gravity let me.,0
7276,@asombroso bahahaha. love gabriel absolutely fucking hilarious,0
7277,sayin good morning everybody office . . . must say quot good morning you quot too greets charlotte nc usa.,1
7278,fun chel s nicole cried watching benjamin button exciting night must say,1
7279,@hojomo im trouble finding really yummy egg free ice cream favoriteicecream got recommendation anyone,0
7280,@taylorswift welcome you taylor although raining can t wait concert x,1
7281,watched quot final break quot final prison break episode. great. farewell prison break. dearly missed.,1
7282,@unclerush unfair wanted watch came message saying quot this video currently available country quot,0
7283,@donatoclassic,1
7284,@pinkbunny awww thts good hun i m worst day sick,0
7285,felt one tooth without brace bracket. got soooo hype,0
7286,@llda lo siento dint enough room,0
7287,pm leaving desk. last week safari. time flies. what s good weekend jbii,1
7288,@noiseporn would defo done im already booked t other side country,0
7289,@xjadedx helping,0
7290,@jasonbradbury nice jet ski testing hope book going well. cheer adding me got twitter watching gadget show,1
7291,happiest girl world. best weekend ever can t wait next weekend either grateful blessing,1
7292,@linehara youuuu re aaass aaass loooool,1
7293,addicted home,0
7294,http twitpic.com wgoi bus boy poet ordering medici white chocolate banana bread pudding @kspidel,1
7295,http twitpic.com qfl haha love,1
7296,@pitcherpark want survivor,1
7297,got back working out. feeling pretty good. work,1
7298,finished new moon woo want next one...,1
7299,phone w. chantellie lt,1
7300,@mummyofmany jesus heals,1
7301,lt i gt waiting natie come online miss,0
7302,feeling pretty tired lonely,0
7303,@puppaz really suck feel bad least woke eight.,0
7304,happy mother day mom,1
7305,worst week thing really happen three,0
7306,nobody ever @mandagh make sad,1
7307,@nptnmkiii many rule expect people human pic. pfft. good morning. welcome another monday.,0
7308,awful hiccup today can t fall asleep,0
7309,@juniesgurl woohoo broom isnt standards....there seatbelt mine.... whisper like swiffer...,1
7310,@sheszladii lol girl video disturbed love hk theme cute,1
7311,chillin rent looking hilarious old photos. well funny,1
7312,hit sheets.,0
7313,missin bro..,0
7314,@ev trying really hard hate you.,0
7315,going graduation hubby to be feeling well instead job hunting online,0
7316,nooooooo sue retiring no,0
7317,@growwear unfortunately u look like funny people twitter move fb start own...flitter,0
7318,@karen morning hope u r well.. bed soon,1
7319,@k griffith good atmos. decided stay til closing funny,1
7320,hyped e. wish could go...,0
7321,@sln hahaha like o dougie thats harsh happy replied,1
7322,@custardcuppcake aussie...im hopin sydney less week got visa thursday whoot whoot,1
7323,sometimes long weekend need good conversation. thanks bro,1
7324,@hellenbach geek stepson live nanny love bgt can t stand it watch tv upstairs alone,0
7325,home work,1
7326,cry omg fed pain,0
7327,sitting work watching clock. moving fast enough.,0
7328,sick chilling tonight watching desperate housewife,0
7329,@kaelahbee aw kaelah feel bad you. sound serious please get better soon. admire still working hard stuff.,0
7330,@ohaigabriella hate it. english day everyday,0
7331,@andytaylorsonic yey holiday monday uk today ... chilled day,1
7332,@macmuso thank much glad like them,1
7333,sick tired rain,0
7334,@tonyarae @rachierach getting dizzy. going lower original raise. please think less me.,0
7335,[h]ouse start sunday sad can t afford sky,0
7336,@mdfogarty im sad work today cant win ticket,0
7337,picture pretty day http tr.im kwod fb,1
7338,@hosamkamel thanks follow man,1
7339,@jen nope quot done quot yet,1
7340,today will s first baseball game go bat,1
7341,family here hanging,1
7342,way burial,1
7343,@becckysmith aw no yeah must say good haha,1
7344,@mrahrensean lol ok ok little absurd... lol mini open toe heel make weather,1
7345,@burbankhays ohhh remember gave dad shoutout mcr msg show last year. sweet,1
7346,sink hospital toilet low crotch grey suit spattered water time physio,0
7347,wow weekend pretty fucking epic grr school tmrw,1
7348,hey chelsee amiera lt ufc gt,1
7349,hurray old friend beer lady friend,1
7350,left cali morning...in dallas now..missing car much,0
7351,@robbiebarnes sky. terrestrial analogue,0
7352,@prettygrl annie can t goin outta twn night. sorrrryyy,0
7353,anyone want really awesome buy one birthday http poprl.com vn,1
7354,miss jeep bum ride dreaded horrid walmart. boo.,0
7355,back school feel like gonna great day,1
7356,@coleryanxxx yes lol that s good one .remeber bottom always top .,1
7357,got subponea,1
7358,@tmills aaawww worry fresh start work growing,1
7359,@zo e aw. well im sorry like july reason,0
7360,day go on...i think im gonna write song it still thinking itï¿½s impossible get true friend why,0
7361,fudge.... b d whole paper.... tired.... ugh hate school..... time sleep,0
7362,ugh. foot feel like going fall off.,0
7363,got home another wonderful night,1
7364,@ederyn bad day. t t gyah. car baby client teething miserable forgot pack lunch get new car.,0
7365,@evanlyoko yay least get see next year sad too.,1
7366,im sad...there s sale sign front house,0
7367,@whoaaitskristi omg that s awesome. first time ever seeing day come out. demi taking day. haha,1
7368,morning twit friend welcome new follower,1
7369,listening maroon .... quot song jane quot one favourite album time,1
7370,lost favorite thing love always him story year key chain..,0
7371,think break heart. a emo sound ... meh.,0
7372,prodigiy crystal method tomorrow usc birthday party work first time miss crystal method. sad,0
7373,@foretdemichelle need physical presence energy already,1
7374,awww poor holly,0
7375,sooo tired cubicle,0
7376,@raczilla nice beta easports still news online madden,1
7377,@mrgranger trouble think helping wrists.,0
7378,hour im taking aerobics class min break,0
7379,god look stumpy... sharing toe tonight,0
7380,jonas awesome watched groovy movie frankie weird lol,1
7381,monday blue today me.,1
7382,woo hoo party here. gonna fun,1
7383,one s children..the child world....again say happy mommy day,1
7384,taping cox picking starbucks office bc nice,1
7385,stupid competition stuff keep getting way going get word today kill @heather writes,0
7386,happy mother s day,1
7387,@sambennington cool hi sam you,1
7388,@llittizzio good mood... see smiling,1
7389,@anachronous miss,0
7390,@naomier bad day actually cd keep spirit lifted,0
7391,madly love row..wishing money,0
7392,best weekend ever xxxxxxxxxxxxxxxxxxxxxx,1
7393,@oohlalisa oh yes quite nice photoshop liep zojuist vast. start painting rï¿½isï¿½ngs glove,1
7394,hav follower,0
7395,@elizapatricia never met person miss like hell. must charm...,0
7396,excellent suzaku back together woop last episode hope happy one sucker really lol shh,1
7397,home w bae amp myka.. meann,0
7398,@tinytim can t go weekend hour exam next week prevent got uni summerball next sat though good,0
7399,@hungrygirl that s bad movie s really pretty good. scared away even people costume.,1
7400,@bunnydrumming hi bunny recently subcribed channel youtube make great stuff. kinda wanted say hi,1
7401,support @jessicastrust trust honor mom support matternal health. happy mom day http bit.ly bpekk,1
7402,ayy fml. nothing perfect,0
7403,wishing could go town weekend,0
7404,heather awake,1
7405,@rehabc give gift voucher something like shopper stop something. that s good cash. unless immigrating is,1
7406,@moodleman somehow going figure come sydney one day,1
7407,good time must sleep lol. gym amp dance rehearsal like hour,1
7408,@giblahoj oh mother day france germany usa,0
7409,staying home work linoleum block carving project due tomorrow . probably pictures.,1
7410,haha watch funny as video youtube made day,1
7411,weirdest hive leg arms. heck allergic to itch bad dang it,0
7412,@kathtrinder @samscam what s that sun sign,0
7413,convinced always wanted you signal give off...damn think lost another friend,0
7414,@lopps ohh cute fishing peaceful daughter look focus,1
7415,@paigeebaby hahahah lols fun aye div experience love spongebob l,1
7416,back work beautiful sunny day,1
7417,wish chicago.,0
7418,@tanahuffman mmmm... macrina bakery.,1
7419,@stompthewalrus oh ok good ... jump joy m made day,1
7420,@mitchelmusso sad missed calling time got home practice late,0
7421,bored tear without boy dad s week,0
7422,hate sick especially there s one pamper,0
7423,finally home crazy party nite thanks @jacksterlope driving home,1
7424,@mpellegrini hurt you sunshine weekend get play. that s sad.,0
7425,@itslisali bad can t come enjoy urself tho.,0
7426,@sufigirl well that s way start day,0
7427,@xoshattered missed you. today greatest day ever. im burnt shit lmfao. nice tan. ride hr lt,1
7428,said actually said think gonna cry now. lt,0
7429,@mshady courgette,0
7430,@ultraviolet thing know star trek joke tina fey s twitter quot may th you quot,1
7431,@rupert grint dog thingy adorable golden retriever would awesome husky too. x,1
7432,thirty minute turned three hours. oops,0
7433,go uploading photo email would ten tenenen tenen.. done,0
7434,@hanaabanana know yopu got round watching it cried,0
7435,guess meant change,0
7436,gettin ready hit mall w my mom amp jayden thing w faith,1
7437,going post office try sort whole ebay hacker thing,0
7438,@michaelpietsch totally ignoring me sad heartbroken,0
7439,@mitchelmusso im sad cant go. make sad,0
7440,@lindsayrcg hehe almost hear right ear yet,1
7441,@ashlierayann ashlie thank you. made feel little better.,1
7442,beautiful day hangin guy graham josiah lol waiting others. wanna stop come food,1
7443,@chrisdjmoyles justice left dj talent voted n,0
7444,sux gabe told go afterparty id work can t go,0
7445,@pixelbase @steverumsby care eurovision yes jury based vote year eurovision,1
7446,@klzmst too.,0
7447,@welsh lottie one favourite pastime weekend long weekend monday ice show w g daughter,1
7448,@louiiseeeeee lmfao. omgosh first heard song you i felt like gonna pee myself omgosh waltzer man lol xoxo,1
7449,miss dog r.i.p.batman... yeah batman i really hope all dog go heaven true,0
7450,going watch two davids. yey,1
7451,@adamthestudent isp sorted gather cheer bday wish,1
7452,@tmg tried help,0
7453,waubonsie lost out. soo pissed,0
7454,@dannywood good morning dan bday plan getting exercise today love ya see nyc,1
7455,taking brother airport gym.,0
7456,getting ready leave school wednesday,1
7457,rip big cup... miss,0
7458,sunny feel really well today yippeee,1
7459,going another birthday party tonite,1
7460,@dougiemcfly hey cant wait u guy come jersey woop.... hope ur lookin ward coz r x,1
7461,@alliemunchkin youtube love hd video well maybe.,1
7462,@rozarin whaa really should. definitely optional though. liked them also crazy.,1
7463,@lunarlife he definitely fav host ever can t wait watch rest tomorrow,1
7464,home sick.. friday...studying im point.. weekend ruined,0
7465,@lisibo ooohhhhh sorry sad never noticed dollar sign oxteach,0
7466,@kingsrockandrol bit zoe co bed soon miss gorgeous weather today x,0
7467,@alyssa milano hey thought tweet say hi..i much write there space little box hehe damn,0
7468,@takaki i yeah poor yao hope u fun looking lakers jerseyz haha enjoy ur time buddy,1
7469,@spookygirl great project wish could done dd. old now.,1
7470,@smileitsbubbles yo name girllll,0
7471,night alone piano...and pro tool session... ill take anytime.,1
7472,@faizis wish kiau go cat heaven too. meet seuss,0
7473,dusted amp vacuumed apartment. think need another new vacuum...my entire apartment smoky. bought one kmart,0
7474,@lexiloohoo sorry today s nothing fucking heartbreak,0
7475,feeling today going boring work @ till,0
7476,happy mother s day fellow montreal blockhead mom join club...one day lol,1
7477,got home stacey s lovely wedding,1
7478,headache dumb.,0
7479,@bdmnon heard can t make it,0
7480,congrats graduate beautiful thing amp big deal jus wish cudve attended lil man ryan kdg graduation feel sad,0
7481,mrs. reilly,0
7482,goodnight twitterverse,1
7483,@emmieman ur moomie liked pandora buy one next lol,1
7484,@jaredque get go home.,0
7485,@amongststars awee,1
7486,lookin ward work mz.. n gna b like day weatherwise itl b even worse xo,0
7487,@aulia quot alternate mean acquisition quot sound sorta noble,1
7488,heading fair,0
7489,@mzjennx uhh congrats two year anniversary,1
7490,@arnteriksen exactly day are man. buried followfriday,0
7491,better idea need couple hour relax. bed time. sweet dream everyone love u,1
7492,frank ups last day today... sad see go best delivery guy ever hope new guy fucktard...,0
7493,ughhhhhhhh feel good,0
7494,@jhnnywyatt amazing tonight glad could share baby. sunshine,1
7495,received leeds k bib timing chip hip injury mean breaking k pb time around,1
7496,@mitchelmusso album getting uk release ill order pay huge amount get shipped uk,0
7497,let down mri today neurosurgeon order it which mean come back okc soon amp nothing new,0
7498,tonight bad night,0
7499,getting ready see cousin graduate. gonna miss em.,1
7500,going see sweeney todd stage best friend bday today i know going one sings along,1
7501,somebody get work tomorrow.,0
7502,woke up breakfast online every morning except holiday weekend haha. bath school,1
7503,feel like dream got crushed,0
7504,@lupin bebop that s lame sorry,0
7505,@aonir awww sad download copy you,0
7506,sad sad sad thought aunty stina coming looking forward family..i miss dat alone maui,0
7507,@duherica thanks,1
7508,@theexplodingboi white wine reminds vinegar,1
7509,save pix today show please credit thanks,0
7510,@peacepeaceout totally go amazing. reason bought tix. songs. blood bank .,1
7511,@sunnyphoenix like no n tha dj comp hella wack... gud dj got free gud,1
7512,http twitpic.com h yd drive within foot green. nd time playing hole count though bcit golf,0
7513,csi ny come back au sex lie silicone se evryone east coast tune tonight pleaseee,1
7514,working allll day long.,0
7515,wish sun would shine.,0
7516,@akarra quot picky quot precise might find interesting talk,1
7517,dh finished making giant trio candy bar. thank heavens. work mate treat tomorrow,1
7518,@gi ri ja suck it,0
7519,lovesick am give call go bowling complain love,0
7520,@kyleandjackieo body tom novy voodoo child rogue traders. . good memory song,1
7521,@boomkatt yes yes am networking whore fullest.......and girl rih next,1
7522,@bfly,0
7523,@dorkus well gonna fit big long advertisement,0
7524,official twilight saga ended... sigh ...my life empty,0
7525,@mizzlianne that s sweet ..,1
7526,long day work. stood home. sleeping another long day work tomorrow amp happy mother day mother,1
7527,aw one fishies died,0
7528,tummy hurt go away cramp hate chuu,0
7529,rather beatweetup. instead taking cue @vromans shutting down. @wirechairs @annacarollo reprezent zent,0
7530,@ktml nice work buying coda dude great app unfortunately bought full usd jealous,1
7531,@xbellamariex hello bella r going delete account..,0
7532,@diamondblue hehehe tryna find another condom better get u box cuz ima take u thru em,1
7533,@remirockit sound like town,1
7534,back leg kill yesterday big old leak kitchen look like staying pjs day infront tv,0
7535,@fall in love aww too miss you.,0
7536,happy mother s day god mother s step mother s too....,1
7537,@sai shediddy lol gotta share,1
7538,happy mother s daaay,1
7539,@jonathanrknight btw still can t believe awesome newjabbakidz performance was...u masks..i screamed pc,1
7540,looking sister facebook miss yani,0
7541,mint choc ice cream whilst studying.....now thats good,1
7542,need see @betsycon...now someone buy plane ticket please,1
7543,watching ace cake lost edition omfgggg,1
7544,@applecharlotte unfair wanna go too.,0
7545,@cybersleeper awww man suck big time look way give something look forward too nice long ride,1
7546,@rachelamac aww poor thing hope go well,0
7547,little upset cause stephanie bring brownie today.,0
7548,woke late amp trying get sh t done work,0
7549,@yan ming @affascinare gg summer sch though.. attachment... yan go see blog. check msn ask kinny,0
7550,botanical garden beautiful forgot extra memory card picture today,0
7551,editing video van. little hungry depressed see yet.,0
7552,@ferretwho defeated polo,0
7553,ooo love bank holiday x,1
7554,man thing would chng vega british boy wayyyy hot,1
7555,finally got call marriage counseling day late....,0
7556,monday morning bathing soooo relaxing lady luxury would start every day like,1
7557,awesome lucky,1
7558,pissing letting follow ericka,0
7559,watching twilight lt watching audio commentary sooo funny,1
7560,prism new webtop.. mozilla lab rock world...,1
7561,@mr kimbalicious milk have drink think thats whats making feel sick,0
7562,im gonna fail test miserably history,0
7563,raining,1
7564,@johneast missed one year . forbidden fruit. tree garden munch disappointment one.,0
7565,@pranajama never prague money first city visit,1
7566,@fonejacker haha know work blip apart obvious thanks reblipping song nice day xxx,1
7567,social fun. swam water boxer,1
7568,wondering come mcdonalds take long deliver food.,0
7569,leave mr @sweetbullshit cuz go work really want to.,0
7570,@lostintheforest thanks remember sae make stuff,1
7571,@russiandiva tat look beautiful heck mama business woman. dana,1
7572,ugh still sick. calgary cold lasted forever.,0
7573,dont get use twitterr,0
7574,hey @robluketic quot keep clear quot robluketic live gt http ustre.am wv,1
7575,tired.....but can t go bed yet.....,0
7576,heard single waiting month hear....and...im disappointed.,0
7577,got exam centre n said can t let u becuz sleeveless top u cud believe that go home,0
7578,@samanthuh miss too yes usually free pag dinner. rarely day. basta text text,1
7579,watching snl. awhh chris pine cutieee,1
7580,saw xmen origin sat far best xmen movie amazing,1
7581,called. blown yet again.,0
7582,watching miley cyrus youtube,1
7583,wonder thomasvanvliet is. maybe help me inherited can t withdraw,1
7584,@angelicaaa workies dad aw suck working saturday morning. study exam,0
7585,@suzbooze wanna go freaking broke fun,0
7586,watched sex amp city season amp drank little wine w date...just ended w goodnight kiss. could get used night night,1
7587,hate sound silence..doesnt like shut out..,0
7588,also excited blazin squad revival im rooting em new song http tinyurl.com dztms,1
7589,fun time allegra tonite saw again good movie,1
7590,@asiarain @ expensive worker welfare shit,0
7591,@niuts weekend also great... two friend julia four days...,1
7592,ughhh studying final wish could go prom,0
7593,bleah tad tipsy many cup cakes. maddies birthday tomorrow family party,1
7594,headache headache go away. come another day....,0
7595,friend san pablo right now... drinking laughing swimming... iim here.... huhuhu,0
7596,@flygirls quot mom set bar high need learn fly reach it quot that s awesome sentiment read mother s day.,1
7597,morning sunshiines,1
7598,also hit chin something fell hurt ugh... work gonna suck,0
7599,@alice lucky girl work day tomorrow maybe even monday,0
7600,bad friend,0
7601,@matty congratulation wish could see happen.,1
7602,http wave.google.com lt google ... wish spend bit time adding bit chrome though,0
7603,going work amazing charity event big brother big sisters. mind working good cause,1
7604,today sore surgery day. glad took extra sick day. full recovery expected weeks. calling lawn service firm today,0
7605,ok star trek fan given new movie good review getting excited,1
7606,@mitchelmusso hey mitchel live again get chance call,0
7607,wish london personally witness nun run great idea opening sister act s new broadway show,0
7608,@bonescrazy week too...but biology exam revise bone time limited,0
7609,follower random spammer,0
7610,@nellagrl really good night... missing little girl...,0
7611,@hstreet always good see even cyberspace,1
7612,new golf vi tsi hp fast,1
7613,@sneadles great picture ton money day.,1
7614,lost work....nt happy right sloanster,0
7615,@bunnyrenee thank,1
7616,@anjeebaby snap. reality show. watch first hooked sad,0
7617,um arent episode lost season abc good thing im going vega keep distracted tragedy.,0
7618,@nickwall im bannished... work till,0
7619,omj rd episode jonas great funny. wish pizza girll. lol lt,1
7620,@taylorswift omg taylor london near scotland please come visit glasgow,1
7621,@celestialbeard http ten.com.au good news week.htm lt it. definitely nothing christian,0
7622,@tipthemilkman awww problem sorry tha loss,0
7623,@arielsatriani do haha. wash foot go bed momma boy,1
7624,soo happy thank baby best day life,1
7625,gotta love nasty weatherrrrr. @kileyymariee jealous ur knotts,1
7626,@lulurocks messed up. hope day get better.,0
7627,finnished double cheeseburger. good ready watch spanish f,1
7628,@sharkattack wish quot i like quot option like fb thing like,0
7629,@elysion make friends.. real life internet.. ever level people comfortable with..,1
7630,shoe me.,0
7631,sleeping rest day busy. however got spend last favorite babysittee the kid great .,1
7632,sooo long twitter cuba,0
7633,fun daisy s mexican fiesta .,1
7634,happy mother s day,1
7635,watching ryann gonna grand day,1
7636,downloaded twitterberry. life even convenient.,1
7637,yay able make update tonight lame compared ppls know lol,1
7638,@cuterain following follower ...not nice,0
7639,horrible thought... go back work monday good thought... work minute life good.,1
7640,@mobarzharlem walking street harlem. home sweet home,1
7641,margarita momo. missed her.,1
7642,@kimitwi btw report gt ] omg lunch today move hc tree cause heat quot day suck,0
7643,took daughter school. still tired still voice. know people happy lol. time get ready work,1
7644,@sanazypoo omg hahaha thought joking twittering that hahaha awesome good time,1
7645,@officialtila idea good dinner happy munchin,1
7646,@kattekrab tango icon revision.,0
7647,@concisekilgore morning t love breakfast stuck shop right getting maintenance done ride,1
7648,@skykemea gone. going home. make sad leave mall.,0
7649,@juliannebritton ohhh really want see coraline seems really good,1
7650,went got pedicure manicure daii den sunbathed daii best day eva oh yeh ....did teeny bit study,1
7651,@mileycyrus workin ur crazy sched. tiring..its gotta hard famous jus kno u bazillionz fan supprtin u,0
7652,met mother best show ever,1
7653,oo. studied today outside ben jerry s.. wearing sundress hopefully get awkward tan line.. haha,1
7654,gorgeous day going work allll day gotta keep telling nyc,0
7655,@commonsense thanks appreciate know unsubscribe list grow tomorrow lol,1
7656,wondering big rumored new large screen kindle http is.gd wyfi and start seeing k textbook,1
7657,fuuudge. movie store closed,0
7658,guinea pig died today,0
7659,@lakers stu lantz awesome miss chick hearn tho,0
7660,enjoying staying house today,1
7661,hummmmm..... ohh miss much really hope nice friend like u ],0
7662,lived band s first performance pretty damn fun.,1
7663,gonna life good exit hallway stuck world...,0
7664,ugly betty sooooooo sad,0
7665,got home another amazing night,1
7666,awe. going meijer. walmart. walmarts better.,0
7667,@butterflydi back later today got plenty gold willing help out need anything,1
7668,urghh gonna project wanna waste valuable weekend time,0
7669,dont like funeral,0
7670,word call mom lot yall.. happy mother day love all,1
7671,senior done day woohoo going night.,1
7672,chloe drinking away sorrow dreambears got,0
7673,@mariahcarey happy mother s day ms. pat carey,1
7674,@peacelovekelly eat happy,1
7675,ooh@lulu bell whatchu goin a monsterpalooza s weekend us. ink stressed contestant year miss u x,0
7676,@archiedineros yup stayed end exciting,1
7677,someone admitted crush me.. that s cool,1
7678,@kmaco probably bed...depends aide today.,0
7679,nice day...and working,1
7680,@myke yooo myyyyye bust sick tooo... shoot me. long night tonight.,0
7681,kerry threw ball anand bounced head landed lunch exploded everywhere.,0
7682,ok shopping far fun unpacking bag,0
7683,wish school...but sadly still like another month left.,0
7684,@xograceox hahaha im listening shes lady haha ily ftsk xx,1
7685,yay go taylor swift come australia again,1
7686,@lanceseabourn know sub sooooo good,1
7687,@sexxieluv dang....just far away i darn dream,0
7688,michael scofiled noooooo hate writer director n production,0
7689,@benjamin cook make sad. like canada never watch things. move. know anyone need roommate,0
7690,@inlovewitharmy hehehe. i m nice,1
7691,@samm xx awww suck,0
7692,drinking cordial yes im bored,0
7693,cannot sleep super duper duper excited pour la paris. love city.,1
7694,back know misunderstood. see thru ur eye u love. mama love,0
7695,@mycaricature pleasure sorry hear pollen thing,0
7696,miss boo another note im soready game come tonight...fox grill anyone,0
7697,@joinrick cool big user dm though,0
7698,@pamela edward heh heh. odd amusing. thanks,1
7699,@spanglegluppet laugh glad self confidence wonderful trait applaud extra loud it okay,1
7700,finding song idea cover actually indeed .... thinking awesome make day.,0
7701,@dougiemcfly great show doug fun. im sorry wont watch,0
7702,sitting computer eating grape hailing outside o miss summer.,0
7703,feeling sick .... oh well reckon people bus cursed me.... anyways nighty night all,0
7704,teeeeeeeeeeeeeth hurt lot. mall funnn today made dolla . better nothing right hehe.,0
7705,tgif rainy blah outside need sun trying figure tonight want go prov hookah bar.,1
7706,@gamerbabe feeling little sleepy now. reading gunter grass... wonderful tiny print. eye done,1
7707,@jayceiinc im disgusted well baron spelling lesson homie haha quot effort quot quot team quot r u shwasty shloshed love,0
7708,oh @andremichelle s birthday happy birthday andre michelle,1
7709,enjoyed new star trek movie last night. want see again ready work... sunday blah,1
7710,went really well vid didnt work. im sad,0
7711,traffic jam rubbish. anyone know what s going a cowbridge cardiff stuck direction,0
7712,everyone left gone bed,0
7713,@david henrie http twitpic.com jbsq look good want one,1
7714,good morning ready start week.,1
7715,bored everyone social life except me babysitting brother tonight til dunno ill allowed,0
7716,tried swat fly buddhist magazine... bad karma,0
7717,got clean bathroom today.,0
7718,@sharneselanier thanks hon great yourself happy mother day,1
7719,watching quot la rosa de guadalupe quot damm episode true people make fun people virgin,0
7720,everyone get buckonellen one topic thing,1
7721,oh northern downpour radio mean cd anything. normal radio station woohoo.,1
7722,@debbiefletcher happy mother day hope tom got something special enjoy day xo,1
7723,huhuhu still working get new client motion graphic,1
7724,@lovelauriexox son play pitcher catcher. beautiful weather past weekend baseball exhausted,1
7725,got attic w sadie art work included good time broke head phone bad time still happy buy attic,0
7726,packing trip ascari track thank bacardi,1
7727,ï¿½ vancity holy shizz. home soon kid,1
7728,way home aloha good night everyone,1
7729,@stevechaiguy steve chai sound awesome. wish one now stuck with idon tknowwhatdamnbrandcoffeethisis,0
7730,@escapethestars ok. reached tweet dreamland good sleep talk later.,1
7731,go work @andrajoi @treykinkade,0
7732,http twitpic.com jhl picked watch yey,1
7733,@mycaribbeanfood enjoy congrats thanks recipe tomorrow morning.,1
7734,@rumpelwald ne mus noch woche warten,0
7735,@aroundtheus cheer,0
7736,@abbyhangsi thanks gail imma try one day look yummy geezzz. siargao trip nlng pla. heheh.,1
7737,@schatje ty. long tiring day filled expensive plumber work needed calgon. hope amp @madberry awesome weekend,0
7738,missed jonaswebcast,0
7739,sitting home bored.......,0
7740,looking forward ben s baseball game tonight,1
7741,@dan been child miss you msned day,0
7742,day day shred day special k challenge... feel fantastic.,1
7743,go acting school yayay,1
7744,close entering pogue s book today quot world according twitter quot yet seem far.,0
7745,@jinxcat failing cooking lately makin sad. duno cook less army. need practice flour tortillas.,0
7746,im still devastated manchester united losing ucl final,0
7747,@charliecurve wait cool sliding door that s oxymoron.,1
7748,@scenexxqueen haha. welcome world. fail together.,1
7749,boring. sunny monday. school. tired. lazy. hungry. yeah great mood,0
7750,@pageoneresults seo voodoo google cache. noarchive hide users.,0
7751,@sweetwifey new cd lovely.,1
7752,foreverr almost happy mother s dayy. yay. ],1
7753,really really ready,1
7754,thanks @rawrvee fr. yr congratulatory gweetin,1
7755,need motivation life oh love would nice,0
7756,sick suck im me ohbabayy,0
7757,may new fav number,1
7758,gooood morning,1
7759,cable signal messed up missing ghostwhisperer news hurt toe cold like hot weather,0
7760,successfully defeated swine flue power positive thinking swineflu hn swine flu,1
7761,wanna go work,0
7762,great study time followed delicious japanese meal arty now trying get back study mood,1
7763,lonely,0
7764,@jjkraal thanks fotoreportage coming soon,1
7765,feel good,0
7766,@sassisam agh mine left new york last month,0
7767,@sidrajalil even asking others enjoying sadness missing like me.,0
7768,ehh need break. gonna pg essay m work . going bed now. gym morning nightttt,1
7769,cheese toast ham get ready go london,1
7770,@cosmicgirlie good luck exciting,1
7771,day long text conversation me.,1
7772,gah jittery upset absolutely reason...,0
7773,msn none on @,0
7774,finally finished exam amp home watch otalia amp pbp bpd otalia today hmm via http twib.es cop,0
7775,ahhhh pic,0
7776,girsl night way foam party sleep tonight,1
7777,feel sorry bestie good luck ali,0
7778,good afternoon,1
7779,ready day full presence expecting best,1
7780,can t sleep epp someone awake scared crap outta me,0
7781,wondering friend went...,1
7782,great talk tony afternoon... going give another go,1
7783,@eliteaffairs funny .,1
7784,time chat sorry girl miss y all new lawnmower... yeah today s highlight. tomorrow is...,0
7785,awake can t get back sleep,0
7786,http twitpic.com b miss bestfriend left school,0
7787,@ san antonio mission game waitressing. huge crowd. meaning slow game.,0
7788,@soldierbeetle welcome hun amazing people make sure say hello them,1
7789,@perezhilton hey perez good luck well still planning big present given mom love mom,0
7790,lovliest night last night ruined doctor inability warn side effects. back tests.,1
7791,hmm..osaka. last show today.very sad . decode ur msg haha cant wait till u get sydney d missed ticket tho o xx,1
7792,cry real tear,0
7793,@karamat could ever actually allowed stay,0
7794,love john mayer s updates. modeling hot sun... sweaty... jk. seriously...,1
7795,like sick guidance counsellor supposed take kid school bowling amp pizza,0
7796,beginning get way hard please friend,0
7797,bloody exam next week,0
7798,omg hollyoaks well dramatic,1
7799,@kiieeeee yaaay u cleaning ur room. said hi u day amp u didnt write back,1
7800,@mwahihi yes. nag twitter. haha thanks. lm.,1
7801,@tom howarth hehehehe keep silent,1
7802,@rawrgoesaimee ah bibisita ka kina gq bukas sasama ka sa rusher eb able visit jumpstart tom coz something,0
7803,@teifion thanks glad liked it. flower made diamond,1
7804,@digitalpainted oh mann da ist super lustig du armer... mac age month battery charging no. garantiefall...,0
7805,alexxx im gona miss today. im sad noooooooo,0
7806,@azamann hah eeee although understandable.. need new picture thing.. sweaty,0
7807,awesome milkshake areo mint . blended up like lumpy smoothie chattering ...,1
7808,hate moving,0
7809,well fuck new pain med odd warning actually applies me. can t take this. chan displeased.,0
7810,@rush start true franchise online mode. dynasty huge madden online league much,1
7811,wowowee willie fortune making depressed damn love.,0
7812,one day left school th approaching,1
7813,@vancityallie shall win,1
7814,feel sick stomach idkk whyy,0
7815,cleaned four bathroom afternoon.... yes go ahead feel sorry me...lol ....mine still waiting attention,0
7816,@vincew @stefanyngo fell asleep beach put enough sunscreen lol,0
7817,[ o] wish birthday massacre would come australia think said thinking tho.. http tinyurl.com plfch,1
7818,dam vote gonna win anything,0
7819,@robpattznews die gosh.... die til movie award,0
7820,@proudkiwi thanks message worked see reply,1
7821,definitely missed listening spill canvas miss seeing live well quot now stitch ooooover oooover you oh quot,0
7822,@megfitzgerald heart hurt too.,0
7823,well,0
7824,dollhouse saved coming back another season bad scrub,1
7825,going go bed amp failed miserably booking holiday although seem new follower. high five. x,0
7826,farm enjoying cary ann loving company,1
7827,computer work working...booo... need new one tgif,0
7828,@orion girl ooc sorry keep missing other...,0
7829,@julieabel weirton julie way north tippy top lol think southern wv folk like u much.,1
7830,liking window release candidate far... also liking new video card terabyte harddisk,1
7831,may fourth you happy star war day,1
7832,@cassetetapes shareeee.,1
7833,happy star war day may fourth you,1
7834,looking daughter baby picture make heart hurt,0
7835,@roar fear me samee.. sucks..,0
7836,@joaniemaloney yep suck thought somewhere said was..,0
7837,im glad make sumone smile,1
7838,@jodiontheweb hilarious hope saw crosby douche shirt picked wore bc it.,1
7839,@suprnaturlshana look much better short hair,0
7840,@smiley u lot bad thing r gonna final next week,0
7841,willie pouting grandma put treat food http apps.facebook.com dogbook profile view,0
7842,okay new jonas episode awesome,1
7843,would love say tgif working am tomorrow,0
7844,smell like beach job..,0
7845,@eraticschematic pretty bored,0
7846,@djcmc carls jr sound hella good bring http myloc.me go,1
7847,@quinztar oh no mean able get pwned shottie weekend,0
7848,want work tomorrow,0
7849,@aprilllllx hey girlie,1
7850,@lilivonshtupp rather go matinee work still debating whether go co going alone fun haha,0
7851,hey guy went jenny s house today much fun everyone else u guy doo,1
7852,fuck elora danan breaking im missing last nsw show def need hit melbs someone come,0
7853,@rodsmack k much appreciated yeah sure challenge great reward. trade anything.,1
7854,wearing quot purple passion quot opi absolutely love it,1
7855,bronchitis prescriptions. fun all. miss two day row work.,0
7856,nothing really going well ...however currently there nothing else look forward may aswel make best,0
7857,im joining twitter lol,0
7858,working late house love company. want summer evening people,0
7859,@timen great idea,1
7860,@nickiminaj nicklaus iï¿½m mad missed va last night gonna snatch make wifey minee,0
7861,@ikonora great night,1
7862,got home day pampering shopping white outfit totally complete,1
7863,@audreyallure really thinking staying till tomorrow .. back philly nite wanna stay bad.,0
7864,@spinachpuffs yeeeeah . . . seen empire top computer game http greatestgames,1
7865,@dougiemcfly http twitpic.com uc awww shame flued apparently realllly good stuff. good luck f ...,1
7866,@madberry testfest weer een groot succes,1
7867,biggest food fight mosh pit ever miss across school,0
7868,darn supposed haiku formatting failed me.,0
7869,cute malay girl came seemy room rent sadly think guyfreind bit misleading disappointing lol,0
7870,@aliasgirl exactly say hinted him. seriously die true.,0
7871,@therealingrosso nto milk deffo,1
7872,@jonathanrknight g night jonathan tried stay up really did. can t wait till ur timezone much easier then,0
7873,@cheetham ala can t broadcast lunch bandwidth room,0
7874,http twitpic.com ov @martinhiggins ahte stress supposed friday make wanna cry,0
7875,headache,0
7876,sure real state market moving confused either hold go ahead plan,0
7877,@opheliapunk nothing sad actually,0
7878,hmmm... lovely. wish now. tired can t sleep,0
7879,@cheekykerri defo can t wait nice afternoon music,1
7880,dam finished watching prison break final break...omg dont think cried hard show..finally understand finale,0
7881,much day off foot place day,0
7882,worthless person. one love love back way should.,0
7883,@akashathekitty read those. cool. definitely get one,1
7884,@ambersalerts lol look youtube later thanks,1
7885,born barn would like hay youtube mother song,1
7886,side seat loner. please starbucks there.,0
7887,@lrntoswim thx followfriday ... afraid remiss blip lately.,0
7888,roscoe smooth sailin one tell song rap friend u failed,0
7889,im feelin rite.. mood flor twitter dark...,0
7890,@thespencersmith hush...stop teasing,0
7891,@sethu j ever man aswell love now. want gossip girl too decided summer spending lots.,1
7892,last day st andrews.. spend west sand packing,0
7893,@diannemr like that,1
7894,doctor anyone wanna somethin bit,1
7895,catching reading... twitter n bf break,1
7896,@aprilamiller evening sunset time,1
7897,beautiful morning,1
7898,flash lost frisby roof. sad day lol,0
7899,hungry,0
7900,really tired sunday morning xxx,0
7901,im home....on friday night. good,0
7902,@tor awesome book can t wait film enjoy scared x,1
7903,@soapylove congrats invisalign need get refitted mine got lazy stopped wearing them.,1
7904,disappointed learn newark oh cancelled july firework due economy,0
7905,@joycecherrier awww. mean sound like overgrown age baby still stick. bad yesterday still bad.,1
7906,it s romantic novel cried end i m going bed. i m tired.,0
7907,@flutters bye send pics. supposed go shit got fucked up.,0
7908,@xxcharrrs aw anytime boo. realized need fun guys. change pic poofy hair one,1
7909,rec game....trying cry...the pain much..i need him...can t lose lt ...my heart breakingg,0
7910,ok @samcarterrules saw u joey thought u looked interesting like thing sanctuarysunday,1
7911,happy star war day .... may th you,1
7912,missed call,0
7913,flickr longer recognize e mail addresses. can t log in.,0
7914,@justinbazan maybe got hour ago awesome night nah can t it.,1
7915,@shadowowns aww lt thank youu.,1
7916,http twitpic.com ar post guitar hero as kicking,1
7917,made way round park jogging. quite pleased th outing,1
7918,@gemmak know exactly mean lost many friends. feel,0
7919,im going bed dnt feel well always,0
7920,@marykayte lucky still want blue one,1
7921,car home. yay . boo paying mom installments. gave today. need win lottery.,1
7922,@plsdontgogurl that s one. wish video compilation @jordanknight s thrusting,1
7923,also think talking now. okay need get bed. btw miss brothers.,0
7924,ooh icecream s gone oh wait got another box freezor yumm,0
7925,got awesome hair cut todayyyy look hottt haha homework,1
7926,need pack cali cali cannot waittt thinking glass wine order celebrate weekend vaca. still work morrow tho.,1
7927,fb boring wanna sing right now..,1
7928,shout sanjeev thank first follower twitter.,1
7929,really sad shes missing critical mass,0
7930,@ialejandro aww thought forgot last night. hardly twitter phone text evening ok,0
7931,@ncteacher appreciate,1
7932,@infobunny ouch. realising sheltered upbringing was.,0
7933,http dayna.dreamwidth.org daily random ness,1
7934,@irishprincess great meet ya katie...awesome show sure safe travel home.,1
7935,@ashleytisdale ahhh sooo happy ashley tisdale germany oberhausen... show tv o clock,1
7936,@jamie oliver whats breaky then russtle something hangover please jamie lmao,0
7937,played show tonight @ chinnerys southend. snapped guitar strap ripped string threw guitar across stage...,0
7938,@patriciap thanks follow,1
7939,@jegjeg yay coutchcouch,1
7940,sway sway baby zommgg love need screamo tho boy,1
7941,damn never knew could miss phone much hour till told back till,0
7942,aw amp really miss alice amp charlotte tonight dunno though hey spoon,0
7943,alex,0
7944,least day,0
7945,@msdivineknight wish could want stay play u guy enjoy block party,0
7946,dont wanna work tonight,0
7947,bye daddy see tuesday,0
7948,day open . know do. everyone leaving today,0
7949,library friggin bored.,0
7950,@jhonenv need horror lovecraftian actually enough weird horror movies.,0
7951,@visadharah still disney just trained soarin rose same applied apartment last night eric lost job,0
7952,@esmeacullen awwwwwww totally rock...i felt happiest girl eva,1
7953,got home long day asda. joy,1
7954,got work.... working night shift hospital hr day starting get me...,0
7955,@fredamooncotch turn closed caption ... read watch animal planet tiime.,1
7956,happy mother day u mother happy mother day mother miss mom....,0
7957,@hilzfuld haha tripped talking harvard read aussie automatically came idiot,1
7958,hillsong tom. night dad s birthday wish could see bday though.,0
7959,@gi ri ja good morning nice see you,1
7960,great night ashleigh make good dance teacher kicked ben butt pillow fight,1
7961,need get back daily tweeting. hiatus suck also suck gsn interrupting show airing. gt lt,0
7962,bed gonna read new moon little late night night xxx,0
7963,@lisabernart great meet you thanks use umbrella...i hope ate got sleep,0
7964,well bed...cant wait party mother s day like hour,1
7965,finally got money. bad go bill,0
7966,reading book sunshine goona good day,1
7967,diy dying mg clothes black again...save money,1
7968,@oyfreakinvey u witch im upstate fucking hick dry county. alcohol ethnic food. im crying.,0
7969,dog died today. years. miss much.,0
7970,@marvetbritto awesome that s wanna roll become mogul status,1
7971,ohh boy baby tooth came,0
7972,victory bulldog celebrated white chocolate cheesecake nom nom nom whatta fattyyy,1
7973,@princejamir thanks follow bro,1
7974,@chicagogirl gotcha. place atlantic side. better surfing plus like close crazy foreign restaurants. mmm fl.,1
7975,time pack work much time twitter thank follow fridays. back later,0
7976,got paid nowhere near much thought would,0
7977,ready saddenning depressing dullful upsetting dreadful weekend.,0
7978,think quot how much want it quot factor really want fit again that s going happen,0
7979,dishes...i miss kitchen team,0
7980,oh happy day nice weather smiling happy baby icecream later,1
7981,shoot. mile,0
7982,@dh photography good morning hope great day,1
7983,@filmnerdjamie seen star trek twice. seeing quot up quot today d since outvoted.,1
7984,@chelseapiersnyc tiny.cc seem load thinking going batting cage apparently gotta book adv,0
7985,may th you happy star war day,1
7986,want hear voice,0
7987,checkout line...kate amp jon splashed u weekly. sad,0
7988,brilliant weekend. brilliant say work actually working .,1
7989,know told didnt want stay home lied really want stay home,0
7990,missing husband nice wake parent house. dog ecstatic,1
7991,@robo rob ikr. hate lack troyella ggmow always make sad,0
7992,cat missing days. freaking out.,0
7993,wide awake grouchy fuck.,0
7994,sorting twitter issues....very frustrated can t talk someone respond slowly issue capacity challenge,0
7995,@geekysteph also try friendly fire already heard them. great stuff florence machine. great great music,1
7996,mmm eating tostitos amp amp piknik spinach dip s amp r. lt,1
7997,photo great night. http tumblr.com xmopgymj,1
7998,meant mama,0
7999,@ellenmalloy thanks trying hoping bud trillin fest would honored guest hobnobbed.,1
8000,ugh gone new phone screen black mean texting,0
8001,@joannarobbins spot on ...i tweet without it thanks share tonight.,1
8002,finished watching quot role model quot hilarious debating whether go . hmmm...,1
8003,@osocash hi thx following teach chinese lesson youtube pls feel free look chineselearn,1
8004,town. uncle gabriel coming in. miss gabe tempted ask go back baton rouge stay side fam...,0
8005,@godfatherobie @ work missed everythin yesterday know wot anybody,0
8006,woke up hopefully going see xmen film today,1
8007,@gnimsh forgot answer kindle question yesterday. honestly used much. two paperback book want read first.,1
8008,okay day. hanging brianna saelina good,1
8009,@allangoesdmb listen alot work. damn good show,1
8010,@ work,0
8011,safely say euro winner week,0
8012,wooo recovering running race life yest managed min sec bad absolutley trianing,1
8013,headed home see yall a.m. tweet,1
8014,need follower,0
8015,@megaman yeah work. busy day tired hungry.,0
8016,http snipurl.com hbpg canalway cavalcade little venice near warwick avenue today,0
8017,@tommcfly hate feeling like,0
8018,offered fred loan moniiieeeess...,0
8019,@ninjen really enjoying drown tear,1
8020,@ronenk @jewlicious guy nothing free life. shidduch money,0
8021,@glennbeck husband loosing goverment job due downsizing he looking new job can t find one small town,0
8022,happy friday...not happy rain,1
8023,happy star war day....me s ja ja binks ha crappy day outside though ah well make bit motivation revise,1
8024,pretty good day. let s see night goes. oh work day tomorrow picnic,0
8025,going shopping sunday dinner round two p,1
8026,grey anatomy fuckn awesome atm,1
8027,oh zombiepix follow anymore... need someone cheer,0
8028,@gfalcone hmmm toughie haha alike tom question xx,1
8029,bali wait,1
8030,usher guy made mother s day really awesome today thanks coming early prep surprise gift mom,1
8031,slept in missed bus train delayed stop stop late work. fucking heelllll,0
8032,really good concept mozconcept. really love send something mine time,0
8033,saw baby dove fall tree break neck die tried save couldnt. cruel world,0
8034,@michaelmagical crazy busy here grin mother s day weekend. lot abies sending well wish,1
8035,star war day may th you.,1
8036,@bighugclub get around problem good idea.,0
8037,@ralphp eagerly anticipating twitpics,1
8038,wish bank holiday could radio afternoon... least another week come idea,0
8039,@lollipop great interview video favorite youtube,1
8040,@aimeelady girl last night would let her figure boy would enjoyed watching...,1
8041,@formicadinette yipe sorry hear,1
8042,@gedhead @stephenfry fiftythousand followers... hugh laurie s needle haystack now,0
8043,@nikkibop even fat huh @freyalynn friggin huge freak.,0
8044,start getting ready work. took lexi park earlier wish could lay around day.,0
8045,@vansunder making hot chocolate almond milk. mother day festivity starting early,1
8046,@clairesale poor beta took seattle riding lap plane. happy week long outage cold,0
8047,low low low low low low low low low.............................,0
8048,hopped bed put swwwaaaaggg oooonnnn got back bed raining,1
8049,going get full night sleep tonight arm get better. fun forced use left hand,0
8050,hopefully going back work tomorrow tired flu.. beside love working child fun play with,1
8051,@say stephanie im pissed couldnt make instore hot topic rockaway mall see @nicksantino. haha wont.,0
8052,@kristindamama work disney...not cracked ta be.,0
8053,photo jdperry seriously theseï¿½pictures make day. hahaha. iï¿½always go aroundï¿½saying ï¿½omg you... http tumblr.com xznpirs,1
8054,@cha rade oh economy gotcha sorry happy got another one la enjoy socal ahahaay lol,1
8055,yay made home. feel great back still light out.,1
8056,ready go work now. cannot bothered.,0
8057,work today. http plurk.com p xrt,0
8058,yeaaaah tangerang vacation,1
8059,choir banquet could ve ever dreamed. happy party lauren s,1
8060,@jesssev dawg thanks much,1
8061,got home work tired,0
8062,@tessmorris worried it s great job quite nice way spend day,1
8063,@thriftymom tear,0
8064,happy anniversary @tayloredot @hellohouston. know whyyyy. three year baby,1
8065,@sasss hahaha.. sadly one s supposed done individually.. chance social loafing lol,0
8066,aw wish ireland @neilhimself,0
8067,@isabellacane thanks gonna make joke say look like mine,1
8068,back home great time,1
8069,jus skinned knee. wat hurt lyke hell tho. always tha little one hurt tha most.,0
8070,@gabrielsaporta heard slutted up totally jealz missed it. maybe next time,0
8071,@jonasbrothers absolutely incredible. official favorite jonas frankie. man,1
8072,watering plant home. drinking delicious smoothie morgan jamba exploded.,1
8073,@nicolahunt nice way end week...,1
8074,@maxlucado wgn chicago used calm airing idea last day changed programing sound bite shouting,0
8075,quot i love knowledge. love thinkin. fressshman. fressshman. quot pellericious math song,1
8076,new t mobile advert trafalger square look like lot fun except load pigeon too.,1
8077,@mortuaries tweet making night bb girl,0
8078,@raverjono good good. could then o,1
8079,yesterday awesome sunny day best friend good food amp ton fun could ask,1
8080,@asacavalli wish wit you. friend mine r well. weekend working,0
8081,last year right around time black parade dead came out. awesome time man.,1
8082,another great workout feelin kind funny,1
8083,hm...still workin contract.hmm...i m feelin awful..,0
8084,@lonejohnny awwww waiting then hope rain,0
8085,@oakmonster hear ya.,1
8086,demi super girl like french fan,0
8087,@mrddg classes. n bout make sum breakfast..,1
8088,week lonely without gossip girl xoxo,0
8089,@vivanews com breaking news tweeted hope welcome twitter,1
8090,give uppp hour tryin tlk @mitchelmusso love minutesss lol,0
8091,morning all. first tea day record voiceover documentary modern druidry. good time,1
8092,@ohmahlanta esther want deal,0
8093,sunbathe today look like lobster feel like someone burning alive,0
8094,@contentwhore lure foot massage,0
8095,dont want ugly anymore,0
8096,live long prosper,1
8097,honza take flight back czech republic morning really going miss him.,0
8098,also twitter follow u know latest,1
8099,toast morning,1
8100,sweaty tired lap run. gonna sun run next year matter what.,0
8101,sigh @ubank usb died afternoon. r.i.p missed even chance parade around yet,0
8102,happy mom day,1
8103,@gnat make queef,1
8104,dreading work tomorrow wish one day,0
8105,morning washing machine already going mum dad house get house ready wedding day...busy busy busy,1
8106,mentally exhausted. cuppa right almond biscotti would really nice.,0
8107,@harneet @rangitanandy kid remember searching local video store owner godown got video tape fungus badluck,0
8108,@sarahjacinta thanks,1
8109,um... happy star war day btw. cheer scruffy looking nerfherders hot ami s there.,1
8110,@heloloser thanks clair watched yet.,1
8111,rove live min kinda excited.,0
8112,@raehole @melissahope lady see ghost girlfriend past really liked it amp would totally see u,1
8113,amazing night friend losing voice,1
8114,boyfriend friend tonight. know evening,0
8115,covering portfolio send dream job ny send good vibe,1
8116,feeling like watching twilight amp enjoying,1
8117,umm yeaa go like watch movie link.com something like pretty good quality,1
8118,work head hurt little due neck hate sleep wrong,0
8119,@slicksean love that. and think easy. think enthusiastic.,0
8120,@ drs. beverly hills...doctor s scare crap,0
8121,freakyfriday slipped shower fell. lucky escape couple concussion,0
8122,@kmancobhc really brave best thing rest get better. get well soon alexi,0
8123,@cetras lol anyway ni shi wai guo ren,1
8124,@lindzluvsnkotb going cruise. wish wa going vacation. thanks though,1
8125,bored well like one see havent got friend,0
8126,@maliciousmandy adam samberg new moon trailor good evening. bad cable friday,0
8127,got home school fun oh btw music school.,1
8128,hour sleep mild hangover carelessness loss brand new ipod pouch,0
8129,man hate church. done though. like way make people feel good,0
8130,@epiphanygirl man missed it ive waitn day u giv tix away amp whn im rappn @ wrk u gav tix away im sad,0
8131,pouring outside.. cleaning locker.. bookbag heavy back arm killing,0
8132,dont get car back til monday. boooo,0
8133,@krystania thanks.mine bad. made card mom nice nap finished work wrote bill surprise,1
8134,@t rothlisberger that s fucking awesome bookmark,0
8135,wm clever headline sorry salt lake city yr http tinyurl.com mpoghc,0
8136,@snarkandboobs lol liked log ride reference think think ride wet get,1
8137,@futureclassics ben jerry...yummmmy,1
8138,hope everyone great weekend today important meeting today,1
8139,moving back home today. pro obnoxiously closer @thom con mpls run excursion least year.,0
8140,word minute speech s teen movies. due wednesday. blah blah. can t wait glenn ball,1
8141,friday night magic last night lost bad suck draft,0
8142,lunch break s over going back work....,0
8143,@shan sir...i woulda put honey...but,0
8144,@mikeescamilla @tonyhawk flippin sweet dudes. thanks sharing,1
8145,try play john travolta s quot grease lightning quot bassline.. cool,1
8146,@racemode lol.. know president could comedian,1
8147,back hospital. doc say live,1
8148,@flossalini panasonic charger.sorry,0
8149,shopping day.. headin central chidlom siam,1
8150,@emmielovegood nope way home now.,1
8151,@linooo ahhh knowww saw may th th newcastle good soo excited th june bday aswell,1
8152,really sick,0
8153,biggest headache right now washed hair wif mum s shampoo gross like shampoo way better,1
8154,mallorca. want play guitar come home going buy mcfly dvd first ]],1
8155,wish would call ... hc,1
8156,bbq andrew sister jeff. much fun,1
8157,extremely bored.,0
8158,@angiemartinez too. florida last weekend rain. came back home ri rain. terrible,0
8159,jus back watching night museum ......would rate,0
8160,@kariannanas hahaha busy see replied you yes true,1
8161,@polyap pol song new album really missing udd,0
8162,@gothlitchic nice inside,1
8163,@brokepimpstyles yep yep plan nothing bliss me,1
8164,@rgoodchild yeah made great noise tripped house circuit breaker. good times. worth part,1
8165,@utterhip u r welcome pal u truly deserve followed,1
8166,wearing exactly clothes used wear canada beanie or touque all. ahh brings back memories... miss snow,1
8167,@webaggression promise so.,0
8168,@turtleclansago thanx msg glad u liked singing,1
8169,@comedyqueen lol overcast otherwise ok. tired otherwise ok,1
8170,ewww printed new i.d badge thingie work n eww picture. took many n ugly,0
8171,@don iain well team,0
8172,good morning twitterworld slept less..,1
8173,@tammytrent left quot again quot title...whoops,0
8174,hey guy nm half bored,0
8175,@cherrybaby glad like it,1
8176,eat hot link torta,1
8177,hollie steel bless her. go dreambears lt hahahahaha,1
8178,http twitpic.com wsm love family guy hour work go..,1
8179,need yummy breakfast shift,1
8180,@etsy never noticed right guess that s heart always dreaming travel...,0
8181,@jonathanrknight hey babe happy hear twitter today show amazing,1
8182,watching jimmy f. delete social network profile jimmy cyber time.,0
8183,@howie d awww glad know little sweet leigh good...thanks update howie,1
8184,@xx jessicab xx yip.....aw gonna miss bb,0
8185,hell follow friday get,0
8186,@robdelete yo think last night good see ya,1
8187,starting morning coffee early show harry. home improvement...my fav. subject... quot dezign quot .,1
8188,@amoonchilde thank you tomorrow b day too tease mom tell mother s day gift.,1
8189,bitter sweet moment... want leave nothing go home to...,0
8190,well making dinner making dinner wet hair,1
8191,sleepy feeling weather ugh damn tonsils. need company somebody talk too,0
8192,@ josh thomas coming sydney cool meet you id love meet you favourite comedian,1
8193,@jonasbrothers please nick say happy birthday me. birthday yesterday,1
8194,skype call billie webcam dont work,0
8195,spilled beer leg. wasted half beer. home now. met cute girl. good conversation.,1
8196,@lisa nova lost sad u cause loved,0
8197,@solobasssteve morning dude ivy decided want go boat today. guy around pm would nice see you.,1
8198,@gorgeousgg yup even though lil rainy lol hope ya good day,1
8199,got coach purse,1
8200,watching original sabrina teenage witch movie. different series rad,0
8201,sleppytime. really missing godfather right now. love wayne,0
8202,@mshollywooddiva hahahaha watching too... miss ocean ...,1
8203,@fluffdoodle lol triplet. haha glad morgan got bag even ride ride,1
8204,@joshjnap honestly incredibly upset make it. devestated even. would lost whole travel day suck,0
8205,kinda pissed really wanted go see drag hell christina garrit work till am go... http znl.me oswgh,0
8206,missing @smartbrain bkk na.,0
8207,@djchinojamz got work take whole day off great bos,1
8208,@michyvasquez oh careful road.,0
8209,went friend s house watch good old season episode supernatural lt damn love show soo fucking much,1
8210,@lucyburchell sorry get chance chat screengrab. caught glimpse across room dragged home prematurely,0
8211,@wolfie rankin yep buddy long time talk hows thing see cat still like sinking fang ankle lol,1
8212,hey there glorious morning monday s animation mode on,1
8213,morning beautiful already glorious sunshine. wash vacum car done fill petrol done bbq stuff buy done.,1
8214,@mrdeniro wish someone would inspire sexy time right ugh thats gonna happen... ugh,0
8215,@misskellyo wish could eat,0
8216,tummy ache. probably helped eating that many tic tacs.,0
8217,hope coming piggy flu eye red. neck longer hold heavy head. time sleep. sogni d oro all,1
8218,thingsmummysaid result broken condom.,0
8219,@amaury polanco hi uploaded completely new chinese lesson chineselearn please feel free watch enjoy,1
8220,@claywalker glad hope yall make back near new orleans,1
8221,@nicpic lot thing nico. gud news job bad news middle nowhere. got phone twitter cnt play videos.,0
8222,@kofibaby wats gooood miss yall already,0
8223,food look amazing dessert frozen grand marnier souffle course eat @ bar,1
8224,happy star war day may th,1
8225,stay home wife take daughter friend tokyo steak house sadly body cooperating today,0
8226,@bgoldy sitting traffic trying escape campus feeling hellish,0
8227,omg ... best roast ever im full haha ..,1
8228,@captainboots faking it hahaha...i kid.,1
8229,head hurting..,0
8230,like smell roast oven mmmmmm must dip sakatas tide till roast cooked,1
8231,hi celebxxxvidsyh aybygw thanks following,1
8232,good all.. hanging dad day looking job still..,1
8233,@realrobbrydon hi rob coming back show wale soon missed first time.,0
8234,so doing eating cracker yummy. unsalted one course. salt caviar.,0
8235,@sharmi pretty black top flower pink hue,1
8236,saying goodbye papa....,0
8237,@selenagomez miss you sad get meet,0
8238,probably best birthday ever had. got spend favorite people.,1
8239,new picture upload,0
8240,@askfrasco ooh fine ya know toooo late sorry dat....,0
8241,@freshalina @itsmeamerie hey everyone mixed first single.... quot why r u quot ...i m sooo excited,1
8242,@ishaka thanks,1
8243,@apostropheme real boy goddamit guh. apostro. feel sad. library lady think stupid. stupid. j,0
8244,tired really exciting saturday. oh well hope better tomorrow.,0
8245,enjoying new car,1
8246,@james buckley good mate sadly couldnt get pissed tonight fucking driving bad time,0
8247,@kevholditch good. director said could go home said back work boo good lasted.,0
8248,dinner awesome. im happy mom enjoyed bday able spoil yay lol,1
8249,@biosshadow going sadly. maybe next year eh,0
8250,@geminianeyes didnt research traffic beautiful system twitter approx msg second.. mine grab msg sec,0
8251,ok son bath gonna see find quick quotes. gonna miss ya ll weekend. already gettin sad,0
8252,paycheck nothing piece paper.,0
8253,one final down two go,1
8254,call einstein. got math test result a hell yesss,1
8255,cub wow big close top rd. bang bang play st. amp starting rain.,1
8256,@donmcallister need find keynote one least know go screencastsonline,1
8257,@finellskii fun sad guy,0
8258,@knightonline booooo least give u mantanence for waited long hint clue full detail pls,0
8259,heading schoool. going good day. knoww...,1
8260,@roflwolf yeah basically awesome,1
8261,twitter useful reminds people forgot ask given day. also excellent inspiration,1
8262,@darke ascension hope great one ya http myloc.me tvd,1
8263,leg broke waiting untile go,0
8264,good morning rsa twitterverse please send happy vibe amp cheerfulness today feeling little sad,1
8265,ahhh engulfed shooooes. told buy maany damn shoe,0
8266,fuming ebay purchase gone bad. outta nothing show amp,0
8267,@mrkris really dang.. missed sigh,0
8268,green day performing snl next week sorry made happy still ditzy justin timberlake skit,0
8269,@abstractg @grendel @tigertigercb woohoo got sunbeam cafï¿½ series grinder eu food epic win,1
8270,@redhotcopy fell asleep plane watching frost nixon hope work better,0
8271,@ayebloodyright taking soul friend family watching die nightmare. trust,0
8272,pff life suck sometimes,0
8273,awe.. gotta go.. mom command sleep already..,0
8274,@marieskizo amazing concert city everything. really awesome trip,1
8275,singz think im jst abt done ur girrrlfriend....im leavin....im leavin jst love cm,0
8276,feeling really dizzy soo good,0
8277,@mitchelmusso want can t call cause live argentina really really love mitchel awesome rock,0
8278,free unlimited ringtones http tinyurl.com freeringring usa awesome iphone,1
8279,internet big fail today twitter usual semi flaky self facebook vrbo.com boo,0
8280,@bowwow hey going viewable uk time broke heart play last one haha.,0
8281,shit back home tallcree rez cant see boyfriend,0
8282,@danielbachhuber so tmobile g hummer h. wish battery life iphone,0
8283,started raining earnest... guess golf today...,0
8284,@auflutterfly thanks registered,1
8285,work....hillcats game . cent hot dog haha,1
8286,@annejsimmons mother bad day,0
8287,hahhahah watching greatest movie ever,1
8288,good morning driving work,1
8289,@jameshancox lol maybe tooth fairy take em keep kiddy teeth safe,1
8290,get instant sad face see little kid lose balloon,0
8291,got jojo free free drink mom kind night,1
8292,planning install window tomorrow probably new post another day least,1
8293,finished sunday cleaning waiting read next chapter kiyosaki s book hire cleaner,1
8294,@boredgirl ask twitter id sun sign,1
8295,@jasonperryrock cat clean again hope xx,1
8296,headache,0
8297,yummy yum cha mother s day mum dad arcel egg pant yuuuuuum http twitpic.com wx,1
8298,saw favorite surprisingly way sad,0
